"Code","Definition"
"U-1","PREVENTION OF PREGNANCY"
"U-2","TREATMENT OR PROPHYLAXIS OF ANGINA PECTORIS AND ARRHYTHMIA"
"U-3","TREATMENT OF HYPERTENSION"
"U-4","PROVIDING PREVENTION AND TREATMENT OF EMESIS AND NAUSEA IN MAMMALS"
"U-5","METHOD OF PRODUCING BRONCHODILATION"
"U-6","METHOD OF PRODUCING SYMPATHOMIMETIC EFFECTS"
"U-7","INCREASING CARDIAC CONTRACTILITY"
"U-8","ACUTE MYOCARDIAL INFARCTION"
"U-9","CONTROL OF EMESIS ASSOCIATED WITH ANY CANCER CHEMOTHERAPY AGENT"
"U-10","DIAGNOSTIC METHOD FOR DISTINGUISHING BETWEEN HYPOTHALAMIC MALFUNCTIONS OR LESIONS IN HUMANS"
"U-11","TREATMENT OR PROPHYLAXIS OF CARDIAC DISORDERS"
"U-12","METHOD OF TREATING [A] HUMAN SUFFERING FROM DEPRESSION"
"U-13","A METHOD FOR TREATING ANXIETY IN A HUMAN SUBJECT IN NEED OF SUCH TREATMENT"
"U-14","ADJUNCTIVE THERAPY FOR THE PREVENTION AND TREATMENT OF HYPERAMMONEMIA IN THE CHRONIC MANAGEMENT OF PATIENTS WITH UREA CYCLE ENZYMOPATHIES"
"U-15","METHOD OF LOWERING INTRAOCULAR PRESSURE"
"U-16","USE IN LUNG SCANNING PROCEDURES"
"U-17","TREATMENT OF VENTRICULAR AND SUPRAVENTRICULAR ARRHYTHMIAS"
"U-18","METHOD FOR INHIBITING GASTRIC SECRETION IN MAMMALS"
"U-19","TREATMENT OF INFLAMMATION"
"U-20","A PROCESS FOR TREATING A PATIENT SUFFERING FROM PARKINSON'S SYNDROME AND IN NEED OF TREATMENT"
"U-21","TREATMENT OF HUMANS SUFFERING UNDESIRED UROTOXIC SIDE EFFECTS CAUSED BY CYTOSTATICALLY ACTIVE ALKYLATING AGENTS"
"U-22","METHOD OF COMBATTING PATHOLOGICALLY REDUCED CEREBRAL FUNCTIONS AND PERFORMANCE WEAKNESSES, CEREBRAL INSUFFICIENCY AND DISORDERS IN CEREBRAL CIRCULATION AND METABOLISM IN WARM-BLOODED ANIMALS"
"U-23","METHOD FOR TREATING PROSTATIC CARCINOMA COMPRISING ADMINISTERING FLUTAMIDE"
"U-24","METHOD FOR TREATING PROSTATE ADENOCARCINOMA COMPRISING ADMINISTERING AN ANTIANDROGEN INCLUDING FLUTAMIDE AND AN LHRH AGONIST"
"U-25","REDUCING CHOLESTEROL IN CHOLELITHIASIS PATIENTS"
"U-26","REDUCING CHOLESTEROL GALLSTONES AND/OR FRAGMENTS THEREOF"
"U-27","DISSOLVING CHOLESTEROL GALLSTONES AND/OR FRAGMENTS THEREOF"
"U-28","CEREBRAL, CORONARY, PERIPHERAL, VISCERAL AND RENAL ARTERIOGRAPHY, AORTOGRAPHY AND LEFT VENTRICULOGRAPHY"
"U-29","CT IMAGING OF THE HEAD AND BODY, AND INTRAVENOUS EXCRETORY UROGRAPHY"
"U-30","CEREBRAL ANGIOGRAPHY, AND VENOGRAPHY"
"U-31","INTRA-ARTERIAL DIGITAL SUBTRACTION ANGIOGRAPHY"
"U-32","PALLIATIVE TREATMENT OF PATIENTS WITH OVARIAN CARCINOMA RECURRENT AFTER PRIOR CHEMOTHERAPY, INCLUDING PATIENTS WHO HAVE BEEN PREVIOUSLY TREATED WITH CISPLATIN"
"U-33","TREATING VIRAL INFECTIONS IN A MAMMAL"
"U-34","TREATING VIRAL INFECTIONS IN A WARM-BLOODED ANIMAL"
"U-35","TREATING CYTOMEGALOVIRUS IN A HUMAN WITH AN INJECTABLE COMPOSITION"
"U-36","METHODS OF TREATING BACTERIAL ILLNESSES"
"U-37","METHOD OF TREATING GASTROINTESTINAL DISEASE"
"U-38","TREATMENT OF PAROXYSMAL SUPRAVENTRICULAR TACHYCARDIA"
"U-39","ANGINA PECTORIS"
"U-40","METHOD OF TREATMENT OF BURNS"
"U-41","METHOD OF TREATING CARDIAC ARRHYTHMIAS"
"U-42","ADJUVANT TREATMENT IN COMBINATION WITH FLUOROURACIL AFTER SURGICAL RESECTION IN PATIENTS WITH DUKES' STAGE C COLON CANCER"
"U-43","MANAGEMENT OF CHRONIC PAIN IN PATIENTS REQUIRING OPIOID ANALGESIA"
"U-44","RELIEF OF NAUSEA AND VOMITING"
"U-45","TREATMENT OF INFLAMMATION AND ANALGESIA"
"U-46","TREATMENT OF PANIC DISORDER"
"U-47","STIMULATION OF THE RELEASE OF GROWTH HORMONE"
"U-48","ANALGESIA"
"U-49","SYMPTOMATIC CANCER-RELATED HYPERCALCEMIA"
"U-50","USE IN TREATING INFLAMMATORY DERMATOSES"
"U-51","BLOOD POOL IMAGING, INCLUDING CARDIAC FIRST PASS AND GATED EQUILIBRIUM IMAGING AND FOR DETECTION OF SITES OF  GASTROINTESTINAL BLEEDING"
"U-52","TREATMENT OF ADULT AND PEDIATRIC PATIENTS(OVER SIX MONTHS OF AGE) WITH ADVANCED HIV INFECTION"
"U-53","HYPERCALCEMIA OF MALIGNANCY"
"U-54","REVERSAL AGENT OR ANTAGONIST OF NONDEPOLARIZING NEUROMUSCULAR BLOCKING AGENTS"
"U-55","TREATMENT OF PAIN"
"U-56","AID TO SMOKING CESSATION"
"U-57","OPHTHALMIC USE OF NORFLOXACIN"
"U-58","METHOD OF TREATING INFLAMMATORY INTESTINAL DISEASES"
"U-59","METHOD OF TREATING HYPERCHOLESTEROLEMIA"
"U-60","NASAL ADMINISTRATION OF BUTORPHANOL"
"U-61","CEREBRAL AND PERIPHERAL ARTERIOGRAPHY AND CT IMAGING OF THE HEAD"
"U-62","CORONARY ARTERIOGRAPHY, LEFT VENTRICULOGRAPHY, CT IMAGING OF THE BODY, INTRAVENOUS EXCRETORY UROGRAPHY, INTRAVENOUS DIGITAL SUBTRACTION ANGIOGRAPHY AND VENOGRAPHY"
"U-63","ISOPRENALINE ANTAGONISM ON THE HEART RATE OR BLOOD PRESSURE"
"U-64","TREATMENT OF VIRAL INFECTIONS"
"U-65","METHOD OF TREATMENT OF A PATIENT INFECTED WITH HIV"
"U-66","TRIPHASIC REGIMEN"
"U-67","METHOD OF INDUCING ANESTHESIA IN A WARM BLOODED ANIMAL"
"U-68","TREATMENT OF ACTINIC KERATOSIS"
"U-69","TREATMENT OF PNEUMOCYSTIS CARINII INFECTIONS"
"U-70","TREATMENT OF TRANSIENT INSOMNIA"
"U-71","METHOD OF TREATMENT OF HEART FAILURE"
"U-72","TREATMENT OF MIGRAINE"
"U-73","METHOD OF TREATING DISEASES OR INFECTIONS CAUSED BY MYCETES"
"U-74","METHOD OF PROVIDING HYPNOTIC EFFECT"
"U-75","RELIEF OF OCULAR ITCHING DUE TO SEASONAL ALLERGIC CONJUNCTIVITIS"
"U-76","USE TO IMAGE A SUBJECT WITH A MAGNETIC RESONANCE IMAGING SYSTEM"
"U-77","TREATMENT OF SYMPTOMS OF SEASONAL ALLERGIC RHINITIS"
"U-78","ULCERATIVE COLITIS"
"U-79","SYMPTOMATIC TREATMENT OF PATIENTS WITH NOCTURNAL HEARTBURN DUE TO GERD"
"U-80","METHOD OF TREATING OCULAR BACTERIAL INFECTIONS"
"U-81","RELIEF OF SYMPTOMS ASSOCIATED WITH SEASONAL ALLERGIC RHINITIS"
"U-82","TREATMENT FOR DEMENTIA IN PATIENTS WITH ALZHEIMER'S DISEASE"
"U-83","TREATMENT OF SEIZURES"
"U-84","A METHOD OF BLOCKING THE UPTAKE OF MONOAMINES BY BRAIN NEURONS IN ANIMALS"
"U-85","NASAL TREATMENT OF SEASONAL AND PERENNIAL ALLERGIC RHINITIS SYMPTOMS"
"U-86","METHOD OF TREATING CERTAIN FORMS OF EPILEPSY"
"U-87","METHOD FOR NONINVASIVE ADMINISTRATION OF SEDATIVES, ANALGESICS, AND ANESTHETICS"
"U-88","TREATMENT OF MODERATE PLAQUE PSORIASIS"
"U-89","TREATMENT OR PROPHYLAXIS OF EMESIS"
"U-90","TREATMENT OF PSYCHOTIC DISORDERS"
"U-91","ALTERNATIVE THERAPY TO TRIMETHOPRIM-SULFAMETHOXAZOLE FOR TREATMENT OF MODERATE-TO-SEVERE PNEUMOCYSTIS CARINII PNEUMONIA IN IMMUNOCOMPROMISED AND AIDS PATIENTS"
"U-92","TREATMENT OF DIABETIC NEPHROPATHY IN PATIENTS WITH TYPE I INSULIN DEPENDENT DIABETES MELLITUS AND RETINOPATHY"
"U-93","USE AS AN ANTIHISTAMINE/DECONGESTANT"
"U-94","TREATMENT-ADULTS W/ ADVANCED HIV,INTOLERANT OF APPROVED THERAPIES,INTOLERANT OF APPROVED THERAPIES W/PROVEN BENEFIT OR HAVE EXPERIENCED CLINICAL/IMMUNOLOGICAL DETERIORATION WHILE RECEIVING..OR FOR WHOM SUCH THERAPIES-CONTRAINDICATED"
"U-95","SHORT TERM MANAGEMENT OF MODERATE PRURITIS IN ADULTS WITH ATOPIC DERMATITIS AND LICHEN SIMPLEX CHRONICUS"
"U-96","METHOD OF TREATING VARICELLA ZOSTER (SHINGLES) INFECTIONS"
"U-97","A METHOD OF TREATING A PATIENT IN NEED OF MEMORY ENHANCEMENT"
"U-98","A METHOD OF INDUCING REGRESSION OF LEUKEMIA CELL GROWTH IN A MAMMAL"
"U-99","METHOD OF PROVIDING POTASSIUM TO A SUBJECT IN NEED OF POTASSIUM"
"U-100","METHOD OF TREATING OCULAR INFLAMMATION"
"U-101","ADJUNCT TO CONVENTIONAL CT OR MRI IMAGING IN THE LOCALIZATION OF STROKE IN PATIENTS IN WHOM STROKE HAS ALREADY BEEN DIAGNOSED"
"U-102","METHOD OF HORMONALLY TREATING MENOPAUSAL OR POST-MENOPAUSAL DISORDERS IN WOMEN"
"U-103","TREATMENT OF OCULAR HYPERTENSION"
"U-104","TREATMENT OF AQUEOUS HUMOR FORMATION AND INTRAOCULAR PRESSURE"
"U-105","EMESIS"
"U-106","TREATMENT OF EPILEPSY"
"U-107","TREATMENT OF HYPERTENSION AND ANGINA PECTORIS"
"U-108","SHORT-TERM TREATMENT OF ACTIVE DUODENAL ULCER, GASTROESOPHAGEAL REFLUX DISEASE (GERD), SEVERE EROSIVE ESOPHAGITIS, POORLY RESPONSIVE SYMPTOMATIC GERD AND PATHOLOGIAL HYPERSECRETORY CONDITIONS AND MAINTENANCE HEALING OF EROSIVE ESOPHAGITIS"
"U-109","ADJUNCT DIET IN THE TX OF ELEVATED TOTAL CHOLESTEROL AND LDL-C LEVELS IN PTS W/PRIMARY HYPERCHOLESTEROLEMIA WHOSE RESPONSE TO DIETARY RESTRICTION OF SAT FAT AND CHOLESTEROL AND OTHER NONPHARMACOLOGICAL MEASURES HAS NOT BEEN ADEQUATE"
"U-110","USE AS A RETRIEVABLE PESSARY"
"U-111","DIABETES"
"U-112","CONTRACEPTION"
"U-113","METHOD OF CONDUCTING RADIOLOGICAL EXAMINATION OF A PATIENT BY ADMINISTERING TO SAID PATIENT A RADIOPAQUE AMOUNT OF IOPROMIDE"
"U-114","USE FOR INHIBITING BONE RESORPTION"
"U-115","USE OF VASODILATORS TO EFFECT AND ENHANCE AN ERECTION (AND THUS TREAT ERECTILE DYSFUNCTION), BY INJECTION INTO THE PENIS"
"U-116","METHOD OF MYOCARDIAL IMAGING"
"U-117","TREATMENT OF OCULAR ALLERGIC RESPONSE IN HUMAN EYES"
"U-118","METHOD OF LOWERING BLOOD SUGAR LEVEL"
"U-119","TREATMENT OF NASAL HYPERSECRETION"
"U-120","CONTROLLING OR PREVENTING POST-OPERATIVE INTRAOCULAR PRESSURE RISES ASSOCIATED WITH OPHTHALMIC LASER SURGICAL PROCEDURES"
"U-121","METHOD OF TREATING CONDITIONS MEDIATED THROUGH HISTAMINE H2-RECEPTORS"
"U-122","A THERAPEUTIC METHOD FOR CONTROLLING THROMBOSIS"
"U-123","METHOD FOR CONTROLLING THROMBOSIS AND DECREASING BLOOD HYPERCOAGULATION AND HEMORRHAGING RISKS"
"U-124","TREATMENT OF ACNE"
"U-125","TREATMENT NEUROGENERATIVE DISEASES"
"U-126","TREATMENT OF GASTRITIS"
"U-127","METHOD OF PRODUCING NEUROMUSCULAR BLOCKADE"
"U-128","METHOD FOR TREATMENT OF TUMORS"
"U-129","METHOD TO DESTROY OR IMPAIR TARGET CELLS"
"U-130","MANAGEMENT OF PATIENTS WITH MASTOCYTOSIS"
"U-131","PHOTODAMAGED SKIN"
"U-132","INHIBITING HIV PROTEASE"
"U-133","MANAGEMENT OF OBESITY INCLUDING WEIGHT LOSS AND MAINTENANCE IN PATIENTS ON A REDUCED-CALORIE DIET"
"U-134","TREATMENT OF ACNE VULGARIS"
"U-135","ANTITUMOR AGENT"
"U-136","PROCESS FOR WASTE NITROGEN REMOVAL"
"U-137","METHOD OF TREATING BACTERIAL VAGINOSIS"
"U-138","TREATMENT OF ALLERGIC RHINITIS"
"U-139","TREATMENT OF ALLERGIC REACTIONS"
"U-140","USE OF NORVIR TO INHIBIT HIV PROTEASE OR TO INHIBIT AN HIV INFECTION"
"U-141","TREATMENT OF ULCERATIVE COLITIS"
"U-142","METHOD OF TREATING ALLERGIC REACTIONS IN A MAMMAL BY USING THIS ACTIVE METABOLITE"
"U-143","BIODEGRADABLE SUPERPARAMAGNETIC METAL OXIDES AS CONTRAST AGENTS FOR MR IMAGING"
"U-144","BIOLOGICALLY DEGRADABLE SUPERPARAMAGNETIC MATERIALS FOR USE IN CLINICAL APPLICATIONS"
"U-145","BIOLOGICALLY DEGRADABLE SUPERPARAMAGNETIC PARTICLES FOR USE AS NUCLEAR MAGNETIC RESONANCE IMAGING AGENTS"
"U-146","METHOD OF TREATING SUSCEPTIBLE NEOPLASMS IN MAMMALS"
"U-147","DETECTION OF GASTROINTESTINAL DISORDERS AND THE SUBSEQUENT BREATH COLLECTION AND MEASUREMENT OF 13CO2"
"U-148","DEVICE FOR COLLECTING A BREATH SAMPLE"
"U-149","METHOD OF TREATING AN ANIMAL, INCLUDING A HUMAN SUFFERING FROM OR SUSCEPTIBLE TO PSYCHOSIS, ACUTE MANIA OR MILD ANXIETY STATES"
"U-150","METHOD OF USE FOR CONTROLLING HYPERGLYCEMIA BY ADMINISTRATION OF THIS SUSTAINED RELEASE DOSAGE FORM OF GLIPIZIDE"
"U-151","RELIEF OF SYMPTOMS OF THE COMMON COLD"
"U-152","METHOD OF TREATING ANXIETY RELATED DISORDERS INCLUDING OBSESSIVE COMPULSIVE DISORDER"
"U-153","TREATMENT OF INITIAL EPISODE GENITAL HERPES"
"U-154","METHOD OF TREATING ANIMALS SUFFERING FROM AN APPETITE DISORDER"
"U-155","TREATMENT OF ERECTILE DYSFUNCTION"
"U-156","METHOD OF PROVIDING ANESTHESIA"
"U-157","TREATMENT OF A HUMAN SUFFERING FROM VITAMIN B12 DEFICIENCY"
"U-158","ANGINA"
"U-159","TREATMENT OF INTERSTITIAL CYSTITIS"
"U-160","TREATMENT OF BACTERIAL INFECTIOUS DISEASE"
"U-161","METHOD OF INHIBITING CHOLESTEROL BIOSYNTHESIS IN A PATIENT"
"U-162","METHOD OF USE TO INHIBIT CHOLESTEROL SYNTHESIS IN A HUMAN SUFFERING FROM HYPERCHOLESTEROLEMIA"
"U-163","METHOD OF USING TROGLITAZONE TO TREAT IMPAIRED GLUCOSE TOLERANCE TO PREVENT OR DELAY THE ONSET OF NONINSULIN-DEPENDENT DIABETES MELLITUS"
"U-164","METHOD OF USING TROGLITAZONE TO PREVENT OR DELAY THE ONSET OF NONINSULIN-DEPENDENT DIABETES MELLITUS IN A DEFINED POPULATION OF PATIENTS"
"U-165","TREATMENT OF SYMPTOMATIC BENIGN PROSTATIC HYPERPLASIA"
"U-166","TREATMENT OF H.PYLORI-ASSOCIATED DUODENAL ULCER"
"U-167","METHOD FOR TREATING HIV-1 INFECTION"
"U-168","METHOD OF INHIBITING LIPOXYGENASE ACTIVITY IN A MAMMAL WHICH IS THE MODE OF ACTION IN THE TREATMENT OF ASTHMA"
"U-169","METHODS OF USING THE COMPOUND/DRUG PRODUCT AS A CONTRAST AGENT IN MAGNETIC RESONANCE IMAGING"
"U-170","METHOD OF OBTAINING AN MR IMAGE USING THE COMPOSITION/DRUG PRODUCT AS A CONTRAST AGENT"
"U-171","METHODS OF USING THE COMPOUND/DRUG PRODUCT AS AN ORAL CONTRAST AGENT IN MAGNETIC RESONANCE IMAGING OF THE GASTROINTESTINAL TRACT"
"U-172","TREATMENT OF GENITAL WARTS"
"U-173","ADMINISTRATION TO A HOST SUFFERING FROM GESTATIONAL DIABETES"
"U-174","USE AS AN ANTIHISTAMINE AGENT"
"U-175","METHOD OF TREATING MALIGNANT TUMORS"
"U-176","METHOD OF TREATING A PATIENT SUFFERING FROM LISTED CONDITIONS, INCLUDING SPECIFIC PSYCHOSES"
"U-177","FUNGICIDE"
"U-178","FACILITATED ADHERENCE OF AGENTS TO SKIN"
"U-179","ENHANCED CUTANEOUS PENETRATION OF A DERMALLY-APPLIED PHARMACOLOGICALLY ACTIVE AGENT"
"U-180","TREATMENT OF ADULT AND PEDIATRIC PATIENTS (OVER 6 MONTHS OF AGE) WITH ADVANCED HIV INFECTION"
"U-181","PRODUCING ALPHA ADRENERGIC ANTAGONISTIC ACTION IN A HOST"
"U-182","USE OF SALMETEROL IN PATIENTS WITH REVERSIBLE AIRWAY OBSTRUCTION"
"U-183","TREATMENT OF CONDITIONS CAUSED BY DISTURBANCE OF NEURONAL 5HT FUNCTION"
"U-184","TREATING ALLERGIC EYE DISEASES IN HUMANS"
"U-185","METHOD OF TREATING HYPERTENSION"
"U-186","METHOD FOR TREATING GI DISORDERS CAUSED BY H. PYLORI WHICH COMPRISES ADMINISTRATION OF RANITIDINE BISMUTH CITRATE AND CLARITHROMYCIN FOR A GREATER THAN ADDITIVE EFFECT"
"U-187","THERAPEUTIC TREATMENT OF CALCIFIC TUMORS"
"U-188","TREATMENT OF H.PYLORI ASSOCIATED DUODENAL ULCER"
"U-189","ENHANCEMENT OF THE BIOAVAILABILITY OF THE DRUG SUBSTANCE"
"U-190","USE OF RITONAVIR IN COMBINATION WITH ANY REVERSE TRANSCRIPTASE INHIBITOR"
"U-191","METHOD OF TREATMENT FOR CONTROLLING AND LOWERING INTRAOCULAR PRESSURE IN A HUMAN"
"U-192","USE IN TREATING ALLERGIC REACTIONS"
"U-193","PSORIASIS"
"U-194","TREATING ANGINA PECTORIS AND HIGH BLOOD PRESSURE"
"U-195","METHOD FOR THE DIAGNOSIS OF GASTROINTESTINAL DISORDERS BY UREA ISOTOPE OR NITROGEN LABELED CARBON"
"U-196","TREATMENT OF METASTATIC BREAST CANCER IN POSTMENOPAUSAL WOMEN WITH ESTROGEN RECEPTOR POSITIVE TUMORS"
"U-197","USE IN COMBINATION WITH CERTAIN LHRH ANALOGUES FOR THE TREATMENT OF ADVANCED PROSTATE CANCER"
"U-198","TREATMENT METASTATIC CARCINOMA OF OVARY AFTER 1ST LINE FAILURE OR SUBSEQUENT CHEMOTHERAPY, TREATMENT OF BREAST CANCER AFTER FAILURE OF COMBINATION CHEMOTHERAPY FOR METASTATIC DISEASE AND 2ND LINE TREATMENT OF AIDS RELATED KAPOSI'S SARCOMA"
"U-199","METHOD OF TREATING INFECTIOUS UPPER GI TRACT DISORDERS CAUSED BY CAMPYLOBACTER PYLORIDIS INFECTION COMPRISING ADMINISTRATION OF A BISMUTH AGENT AND AN ANTIMICROBIAL AGENT"
"U-200","METHOD OF TREATING GI DISORDERS COMPRISING ADMINISTRATION OF A BISMUTH-CONTAINING AGENT AND H2 RECEPTOR BLOCKING ANTI-SECRETORY AGENT"
"U-201","METHOD OF TREATING GI DISORDERS COMPRISING ADMINISTRATION OF CAMPYLOBACTER-INHIBITING ANTIMICROBIAL AGENT AND H2 RECEPTOR BLOCKING ANTI-SECRETORY AGENT"
"U-202","METHOD OF TREATING PEPTIC ULCER DISEASE CAUSED BY CAMPYLOBACTER PYLORIDIS COMPRISING ORAL ADMINISTRATION OF 50 TO 5,000MG BISMUTH DAILY FOR 3-56 DAYS"
"U-203","TREATMENT OF ADVANCED BREAST CANCER IN POSTMENOPAUSAL WOMEN WITH DISEASE PROGRESSION FOLLOWING ANTIESTROGEN THERAPY"
"U-204","USE OF TAXOL IN COMBINATION WITH G-CSF FOR TREATMENT OF PATIENTS WITH AIDS-RELATED KAPOSI'S SARCOMA"
"U-205","METHOD FOR TREATING HEARTBURN"
"U-206","METHOD OF USING FSH ALONE, WITHOUT THE PRESENCE OF EXOGENEOUS LH, IN IN VITRO FERTILIZATION"
"U-207","USE AS NASAL SPRAY"
"U-208","VAGINAL ADMINISTRATION USING SPECIFIED FORMULATION"
"U-209","VAGINAL ADMINISTRATION OF PROGESTERONE USING SPECIFIED FORMULATION"
"U-210","METHOD OF TREATING CONGESTIVE HEART FAILURE"
"U-211","USE IN PATIENTS WITH REVERSIBLE AIRWAY OBSTRUCTION"
"U-212","METHOD OF TREATMENT OF PARKINSON'S DISEASE"
"U-213","METHOD OF INHIBITING CHOLESTEROL BIOSYNTHESIS AND TREATING HYPERCHOLESTEROLEMIA AND METHOD FOR TREATING HYPERLIPIDEMIA"
"U-214","USE AS A BLOOD GLUCOSE-LOWERING AGENT"
"U-215","TREATMENT OF EPILEPSY TWICE DAILY. TREATING A PATIENT BY ADMINISTERING CARBAMAZEPINE IN A DOSAGE FORM CAPABLE OF MAINTAINING BLOOD CONCENTRATION FROM 4-12MCG/ML OVER 12 HOURS"
"U-216","TREATMENT OF ADENOCARCINOMA, INCLUDING STAGE B2-C BY ADMINISTERING AN AGONIST OF LH-RH AND FLUTAMIDE"
"U-217","METHOD OF PRODUCING ANESTHESIA"
"U-218","METHOD FOR LIMITING THE POTENTIAL FOR MICROBIAL GROWTH IN THE DRUG PRODUCT"
"U-219","TREATMENT OF PARKINSON'S DISEASE"
"U-220","METHOD OF DIAGNOSIS"
"U-221","SELECTIVE VASODILATION BY CONTINUOUS ADENOSINE INFUSION"
"U-222","METHOD OF TREATING PAGET'S DISEASE USING ACTONEL"
"U-223","TREATMENT OF BACTERIAL CONJUNCTIVITIS CAUSED BY SUSCEPTIBLE STRAINS OF MICROORGANISMS"
"U-224","CONTROLLING INTRAOCULAR PRESSURE"
"U-225","METHOD FOR DELIVERY"
"U-226","METHOD OF ENHANCING THE DISSOLUTION PROFILE OF A PHARMACEUTICAL FROM A SOLID DOSAGE FORM CONTAINING THE PHARMACEUTICAL AND SIMETHICONE"
"U-227","NASAL ADMINISTRATION"
"U-228","ASTHMA"
"U-229","CARDIAC INSUFFICIENCY (CONGESTIVE HEART FAILURE)"
"U-230","PREVENTION OF ACUTE CARDIAC ISCHEMIC EVENTS"
"U-231","USE IN PARKINSON'S DISEASE"
"U-232","METHOD OF TREATING MIGRAINE"
"U-233","DECREASING MORTALITY CAUSED BY CONGESTIVE HEART FAILURE"
"U-234","METHOD OF USING RIBAVIRIN TO TREAT VIRAL INFECTIONS IN MAMMALS"
"U-235","METHOD OF MODULATING TH1 AND TH2 RESPONSE IN ACTIVATED T CELLS OF A HUMAN COMPRISING ADMINISTERING RIBAVIRIN TO THE T CELLS IN A DOSAGE WHICH PROMOTES THE TH1 RESPONSE AND SUPPRESSES THE TH2 RESPONSE"
"U-236","TREATING MALE PATTERN BALDNESS WITH 0.05 TO 3.0MG/DAY"
"U-237","METHOD OF PERFORMING NMR IMAGING WITH A PATIENT COMPRISING ADMINISTERING TO THE PATIENT AN EFFECTIVE AMOUNT OF CONTRAST AGENT DISCLOSED IN THE CLAIMS"
"U-238","IMAGING A BODY TISSUE AND SUBJECTING TO NMR TOMOGRAPHY, ADMINISTERING AN AMOUNT OF PHARMACEUTICAL AGENT FOR AFFECTING THE RELAXATION TIMES OF ATOMS IN BODY TISSUES UNDERGOING NMR DIAGNOSIS, WHEREBY THE IMAGE CONTRAST IN ENHANCED...."
"U-239","TREATING OR CONTROLLING OCULAR INFLAMMATION WHICH COMPRISES TOPICALLY ADMINISTERING TO AFFECTED EYE A COMPOSITION COMPRISING AN NSAID, A POLYMERIC QUATERNARY AMMONIUM COMPOUND AND BORIC ACID"
"U-240","TREATMENT OF ACUTE MIGRAINE ATTACKS"
"U-241","FOR SHORT-TERM TREATMENT ACTIVE DUODENAL ULCER, MAINTENANCE THERAPY FOR DUODENAL ULCER PATIENTS AT REDUCED DOSAGE AFTER HEALING OF ACTIVE ULCER, SHORT-TERM TREATMENT ACTIVE BENIGN GASTRIC ULCER & GERD, PATHOLOGICAL HYPERSECRETORY CONDITIONS"
"U-242","USE OF FOLLITROPIN ALPHA ALONE IN IN-VITRO FERTILIZATION"
"U-243","TOPICAL ADMINISTRATION"
"U-244","PLATELET AGGREGATION INHIBITORS"
"U-245","TREATMENT OF SEBORRHEA DERMATITIS IN HUMANS"
"U-246","PHOSPHATE BINDING"
"U-247","TREATMENT OF RHEUMATOID ARTHRITIS"
"U-248","TREATMENT OF HIV"
"U-249","METHOD OF TREATING ALLERGIC OR NON-ALLERGIC RHINITIS IN PATIENTS BY ADMINISTERING AEROSOLIZED PARTICLES OF MOMETASONE FUROATE"
"U-250","TREATMENT OF HEPATITIS B INFECTION"
"U-251","USE OF TROGLITAZONE IN COMBINATION WITH SULFONYLUREAS IN THE TREATMENT OF TYPE II DIABETES"
"U-252","METHOD OF TREATING A HUMAN SUBJECT HAVING GAUCHER'S DISEASE"
"U-253","ORAL TRANSMUCOSAL USE"
"U-254","USE OF AGGRASTAT IN COMBINATION WITH HEPARIN"
"U-255","IMPROVED WAKEFULNESS IN PATIENTS WITH EXCESSIVE DAYTIME SLEEPINESS ASSOCIATED WITH NARCOLEPSY"
"U-256","TREATMENT OF HIV INFECTION IN COMBINATION WITH ONE OR MORE ADDITIONAL HIV ANTIVIRAL AGENTS"
"U-257","TREATMENT OF HIV INFECTION"
"U-258","TREATMENT OF NEURODEGENERATIVE DISEASES"
"U-259","TREATMENT OF ANDROGENIC ALOPECIA BY ORAL ADMINISTRATION DRUG SUBSTANCE"
"U-260","REDUCTION OF INTRAOCULAR PRESSURE IN PATIENTS WITH OPEN ANGLE GLAUCOMA AND OCULAR HYPERTENSION WHO ARE INTOLERANT OF OTHER IOP LOWERING MEDICATIONS OR INSUFFICIENTLY RESPONSIVE TO ANOTHER IOP LOWERING MEDICATION"
"U-261","TREATING BENIGN PROSTATIC HYPERPLASIA WITH A GENUS OF COMPOUNDS, INCLUDING FINASTERIDE"
"U-262","TREATING BENIGN PROSTATIC HYPERTROPHY WITH FINASTERIDE"
"U-263","METHOD OF TREATING A MALIGNANT CONDITION THROUGH INTRAVASCULAR ADMINISTRATION OF BUSULFAN. METHOD FOR TREATING LEUKEMIA OR LYMPHOMA IN A PATIENT UNDERGOING A BONE MARROW TRANSPLANT THROUGH INTRAVENOUS ADMINISTRATION OF BUSULFAN"
"U-264","METHOD OF TREATING A MALIGNANT DISEASE THROUGH PARENTERAL ADMINISTRATION OF BUSULFAN. METHOD FOR TREATING A PATIENT UNDERGOING A BONE MARROW TRANSPLANT THROUGH INTRAVASCULAR ADMINISTRATION OF BUSULFAN"
"U-265","USE AS LAXATIVE"
"U-266","RELIEF OF THE SIGNS AND SYMPTOMS OF OSTEOARTHRITIS; RELIEF OF THE SIGNS AND SYMPTOMS OF RHEUMATOID ARTHRITIS IN ADULTS; MANAGEMENT OF ACUTE PAIN IN ADULTS; TREATMENT OF PRIMARY DYSMENORRHEA; ACUTE TREATMENT OF MIGRAINE ATTACKS IN ADULTS"
"U-267","PREVENTING HEARTBURN EPISODES FOLLOWING INGESTION OF HEARTBURN-INDUCING FOOD/BEVERAGE, COMPRISING ADMIN TO PT, 30 MIN PRIOR TO CONSUMPTION BY THE PT THE FOOD/BEVERAGE, A COMPOSITION COMPRISING 10MG FAMOTIDINE"
"U-268","ACROMEGALY"
"U-269","EXCESS GH-SECRETION OR GASTRO-INTESTINAL DISORDERS"
"U-270","METHOD OF IMPROVING THE TIME FOR ADMINISTRATION OR THE TIME BETWEEN CHANGES OF GIVING SETS FOR THE DRUG PRODUCT"
"U-271","METHOD OF TREATING TUMORS"
"U-272","METHOD OF TREATING CARCINOMA"
"U-273","CUTANEOUS T-CELL LYMPHOMA"
"U-274","ZANAMIVIR FOR INHALATION"
"U-275","METHOD OF USE OF THE DRUG SUBSTANCE"
"U-276","METHOD OF USE OF LEVOBUPIVACAINE"
"U-277","NEUROLOGICAL AND OTHER DISORDERS (TREATMENT OF EPILEPSY, BID ORAL DOSING)"
"U-278","METHOD OF USE OF THE INDICATION OF THE DRUG PRODUCT"
"U-279","METHOD OF USE OF THE APPROVED PRODUCT"
"U-280","TREATING PRECIPITATED ACUTE URINARY RETENTION WITH FINASTERIDE"
"U-281","ANTIMYCOTIC USES, SPECIFICALLY TREATMENT OF ONYCHOMYCOSIS"
"U-282","METHOD OF TREATING BACTERIAL INFECTIONS"
"U-283","METHOD FOR TREATING MENOPAUSAL SYMPTOMS IN A POSTMENOPAUSAL FEMALE"
"U-284","MENOPAUSAL AND POSTMENOPAUSAL DISORDERS (INCLUDING VASOMOTOR SYMPTOMS ASSOCIATED WITH MENOPAUSE, AND VULVAR AND VAGINAL ATROPHY) AND OSTEOPOROSIS"
"U-285","DEPRESSION AND SOCIAL ANXIETY DISORDER/SOCIAL PHOBIA"
"U-286","DEPRESSION"
"U-287","TREATMENT OR PREVENTION OF OSTEOPOROSIS"
"U-288","THERAPY OF INFLUENZA"
"U-289","TREATMENT OF NON-HYPERKERATOTIC ACTINIC KERATOSES OF FACE AND SCALP"
"U-290","INHIBITING TRANSPLANT REJECTION USING RAPAMYCIN (SIROLIMUS)"
"U-291","INHIBITING TRANSPLANT REJECTION USING RAPAMYCIN (SIROLIMUS) IN COMBINATION WITH CYCLOSPORIN"
"U-292","INHIBITING TRANSPLANT REJECTION USING RAPAMYCIN (SIROLIMUS) IN COMBINATION WITH AZATHIOPRINE"
"U-293","INHIBITING TRANSPLANT REJECTION USING RAPAMYCIN (SIROLIMUS) IN COMBINATION WITH A CORTICOSTEROID"
"U-294","TREATMENT OF HYPERPIGMENTARY DISORDERS"
"U-295","TREATMENT OF SEASONAL AND PERENNIAL ALLERGIC RHINITIS SYMPTOMS"
"U-296","TREATING MIGRAINE PAIN AND ONE OR MORE OF A CLUSTER OF SYMPTOMS CHARACTERISTIC OF A MIGRAINE ATTACK SYMPTOMS BEING SELECTED FROM PHOTOPHOBIA, PHONOPHOBIA NAUSEA AND FUNCTIONAL DISABILITY"
"U-297","PREVENTION OR TREATMENT OF REVERSIBLE VASOCONSTRICTION BY THE INHALATION OF NITRIC OXIDE WITH AN OXYGEN CONTAINING GAS"
"U-298","METHOD OF COMBATING BACTERIA IN A PATIENT"
"U-299","TREATMENT OF ADENOMATOUS POLYPS"
"U-300","INDICATED FOR THE REDUCTION OF ELEVATED TOTAL AND LDL CHOLESTEROL LEVELS IN PATIENTS WITH PRIMARY HYPERCHOLESTEROLEMIA"
"U-301","USE OF TROGLITAZONE IN COMBINATION WITH SULFONYLUREAS AND BIGUANIDES IN THE TREATMENT OF TYPE II DIABETES"
"U-302","TO REDUCE THE RISK OF STROKE IN PATIENTS WHO HAVE HAD TRANSIENT ISCHEMIA OF THE BRAIN OR COMPLETED ISCHEMIC STROKE DUE TO THROMBOSIS"
"U-303","METHOD OF USE PATENT-PRODUCT APPROVED FOR TREATMENT OF OSTEOPOROSIS, PAGET'S DISEASE, PREVENTION AND TREATMENT OF GLUCOCORTICOID INDUCED OSTEOPOROSIS"
"U-304","A METHOD OF TREATMENT OF A CONDITION INVOLVING AN ANTIBODY ANTIGEN REACTION"
"U-305","METHODS FOR USING THE DRUG PRODUCT"
"U-306","TREATMENT OF POST-MENOPAUSAL UROGENITAL SYMPTOMS ASSOCIATED WITH ESTROGEN DEFICIENCY"
"U-307","CLAIMS AN OLANZAPINE POLYMORPH USEFUL FOR TREATING ANY NUMBER OF LISTED CONDITIONS, INCLUDING SPECIFIC PSYCHOSES,EMPLOYING OLANZAPINE AS PER THE INDICATION OF THIS NDA"
"U-308","CLAIMS A SOLID ORAL FORMULATION INCLUDING TABLETS AND GRANULES OF OLANZAPINE USEFUL FOR TREATING ANY NUMBER OF LISTED CONDITIONS, INCLUDING SPECIFIC PSYCHOLES, EMPLOYING OLANZAPINE AS PER THE INDICATIONS OF THIS NDA"
"U-309","TREATING SJOEGREN SYNDROME"
"U-310","TREATMENT OF XEROSTOMIA"
"U-311","HORMONE REPLACEMENT"
"U-312","PANIC DISORDER, OBSESSIVE-COMPULSIVE DISORDER, POSTTRAUMATIC STRESS DISORDER"
"U-313","TREATMENT OF CONGESTIVE HEART FAILURE"
"U-314","METHOD FOR TREATING HYPERPARATHYROIDISM WHICH COMPRISES SUPPRESSING PARATHYROID ACTIVITY"
"U-315","METHOD FOR ADMINISTERING DRUG TO GASTROINTESTINAL TRACT"
"U-316","METHOD OF TREATING A SUBJECT SUFFERING FROM PROSTATE CANCER"
"U-317","METHOD OF USING TROGLITAZONE TO TREAT PATIENTS HAVING INSULIN RESISTANCE"
"U-318","TREATMENT OF PATIENTS WITH AN OVERACTIVE BLADDER WITH SYMPTOMS OF URINARY FREQUENCY, URGENCY, OR URGE INCONTINENCE"
"U-319","TREATMENT OF MICROBIAL INFECTIONS"
"U-320","INHIBITING OR ELIMINATING ACUTE MYELOID LEUKEMIA"
"U-321","REDUCTION OF ELEVATED IPTH LEVELS IN THE MGT OF SECONDARY HYPERPARATHYROIDISM IN PATIENTS UNDERGONG CHRONIC RENAL DIALYSIS"
"U-322","TREATMENT OF ALZHEIMER'S DEMENTIA"
"U-323","USE AS A BILE ACID SEQUESTRANT"
"U-324","METHOD OF TREATING AN ANIMAL, INCLUDING A HUMAN, SUFFERING FROM OR SUSCEPTIBLE TO PSYCHOSIS OR ACUTE MANIA EMPLOYING OLANZAPINE"
"U-325","METHOD OF TREATING A PATIENT SUFFERING  FROM ANY OF A NUMBER OF LISTED CONDITIONS, INCLUDING 'BIPOLAR DISORDER NOS' EMPLOYING OLANZAPINE"
"U-326","METHOD OF TREATING SCHIZOPHRENIA AND BIPOLAR DISORDER"
"U-327","METHOD OF TREATING A PATIENT SUFFERING FROM ANY OF A NUMBER OF LISTED PSYCHOTIC CONDITIONS EMPLOYING OLANZAPINE"
"U-328","METHOD OF TREATING A PATIENT SUFFERING FROM ANY OF A NUMBER OF LISTED CONDITIONS INCLUDING 'A PSYCHOTIC CONDITION' EMPLOYING AN OLANZAPINE POLYMORPH"
"U-329","USE OF AVANDIA AS MONOTHERAPY, IN COMBINATION WITH METFORMIN, AND IN COMBINATION WITH SULFONYLUREAS TO IMPROVE GLYCEMIC CONTROL IN PATIENTS WITH TYPE 2 DIABETES MELLITUS"
"U-330","TREATMENT OF NAUSEA AND VOMITING"
"U-331","METHOD OF TREATING HYPERLIPIDEMIA WITH NICOTINIC ACID BY DOSING ONCE PER DAY IN THE EVENING OR AT NIGHT"
"U-332","TREATMENT OR PREVENTION OF BRONCHOSPASM"
"U-333","METHOD OF TREATING OCULAR HYPERTENSION"
"U-334","TREATMENT OF EXCESSIVE FEMALE FACIAL HAIR"
"U-335","USE OF PRAVASTATIN SODIUM FOR SECONDARY PREVENTION OF CORONARY EVENTS IN MEN AND WOMEN WHO HAVE HAD A MYOCARDIAL INFARCTION AND HAVE NORMAL CHOLESTEROL LEVELS"
"U-336","DIAGNOSTIC RADIOIMAGING"
"U-337","USE OF CARDIOLITE/MIRALUMA KIT FOR THE PREPARATION OF TC99M SESTAMIBI"
"U-338","METHODS FOR TREATING DISTURBANCES OF MOOD, DISTURBANCES OF APPETITE, DEPRESSED MOOD, OR CARBOHYDRATE CRAVING ALL ASSOCIATED WITH PREMENSTRUAL SYNDROME"
"U-339","PREVENTION OF CARDIO-TOXICITY CAUSED BY THE ADMINISTRATION OF DOXORUBICIN"
"U-340","THE LONG TERM TREATMENT OF GROWTH FAILURE DUE TO LACK OF ADEQUATE ENDOGENOUS GROWTH HORMONE SECRETION IN CHILDREN"
"U-341","METHOD FOR ENHANCING THE TREATMENT OF ... LATE LUTEAL PHASE DYSPHORIC DISORDER"
"U-342","METHOD FOR TREATMENT OF LATE LUTEAL PHASE DYSPHORIC DISORDER"
"U-343","REDUCTION OF INTESTINAL GAS, CRAMPING AND ANORECTAL IRRITATION"
"U-344","METHOD FOR INHIBITING HIV INFECTION BY ADMINISTERING RITONAVIR IN COMBINATION WITH ANOTHER HIV PROTEASE INHIBITOR"
"U-345","RITONAVIR AND ANOTHER HIV PROTEASE INHIBITOR FOR CONCOMITANT ADMINISTRATION FOR THE TREATMENT OF AN HIV INFECTION"
"U-346","METHOD FOR INHIBITING CYTOCHROME P450 MONOOXYGENASE WITH RITONAVIR AND A METHOD FOR IMPROVING THE PHARMACOKINETICS OF A DRUG THAT IS METABOLIZED BY CYTOCHROME P450 MONOOXYGENASE BY ADMIN THE DRUG AND RITONAVIR"
"U-347","METHOD OF USE IN COMBINATION WITH REVERSE TRANSCRIPTASE INHIBITORS"
"U-348","METHOD OF USE FOR INHIBITING HIV INFECTION"
"U-349","METHOD OF USE WHICH IS SUBJECT OF THE APPLICATION"
"U-350","PREPARATION OF A PHARMACEUTICAL COMPOSITION FOR CONCOMITANT ADMIN WITH A REVERSE TRANSCRIPTASE INHIBITOR"
"U-351","INHIBITING PROTEASE WITH LOPINAVIR AND INHIBITING AN HIV INFECTION WITH LOPINAVIR"
"U-352","INHIBITING HIV INFECTION BY ADMINISTERING RITONAVIR IN COMBINATION WITH A REVERSE TRANSCRIPTASE INHIBITOR"
"U-353","PREVENTION AND TREATMENT OF OSTEOPOROSIS"
"U-354","METHOD OF TREATING HYPERLIPIDEMIA WITH NICOTINIC ACID WITHOUT CAUSING TREATMENT-LIMITING ELEVATIONS IN URIC ACID OR GLUCOSE LEVELS OR CAUSING LIVER DAMAGE, BY DOSING ONCE PER DAY IN THE EVENING OR AT NIGHT"
"U-355","METHOD OF ASSISTING PERSON TO QUIT SMOKING...TRANSDERMALLY ADMIN NICOTINE VIA..PATCH ADHERED TO SKIN AT DOSING RATE APPROX SAME AS ABSORBED FROM SMOKING"
"U-356","DELIVERING A MEDICINAL AEROSOL FORMULATION USING CFC-FREE PROPELLANT 134A."
"U-357","USE OF THE DRUG PRODUCT IN PHOTODYNAMIC THERAPEUTIC PROTOCOLS FOR THE TREATMENT OF AGE-RELATED MACULAR DEGENERATION AND RELATED CONDITIONS INVOLVING UNWANTED NEOVASCULATURE IN THE EYE"
"U-358","DEPRESSION, OBSESSIVE COMPULSIVE DISORDER, PANIC DISORDER AND SOCIAL ANXIETY DISORDER"
"U-359","METHOD OF USE OF VISICOL"
"U-360","METHOD OF TREATING A PATIENT SUFFERING FROM ANY OF A NUMBER OF PATHOLOGICAL PSYCHOLOGICAL CONDITIONS INCLUDING MENTAL DISORDERS EMPLOYING OLANZAPINE AS PER THE INDICATION WHICH IS THE SUBJECT MATTER OF THIS SNDA-011"
"U-361","MANAGEMENT OF ANXIETY DISORDERS AND THE SHORT-TERM RELIEF OF THE SYMPTOMS OF ANXIETY"
"U-362","USE OF APPROVED FORMULATIONS TO TREAT ALL APPROVED DISEASE INDICATIONS"
"U-363","METHOD OF TREATING A PATIENT SUFFERING FROM ANY OF A NUMBER OF PATHOLOGICAL PSYCHOLOGICAL CONDITIONS THAT RELATE TO THE USE OF A PSYCHOACTIVE SUBSTANCE EMPLOYING OLANZAPINE AS PER THE INDICATION THE SUBJECT MATTER OF SUPPLEMENT 011"
"U-364","TREATING A PATIENT SUFFERING FROM OR SUSCEPTIBLE TO ANY NUMBER OF LISTED CONDITIONS INCLUDING PSYCHOSIS, EMPLOYING OLANZAPINE AS PER THE INDICATION WHICH IS THE SUBJECT MATTER OF THIS SNDA-011"
"U-365","METHOD FOR THE TREATMENT OF CARDIOVASCULAR DISEASE THROUGH THE ADMINISTRATION OF A CALCIUM BLOCKING VASODILATOR IN OUR EXTENDED, CONTROLLED RELEASE FORMULATION"
"U-366","METHOD FOR THE TREATMENT OF CARDIOVASCULAR DISEASE THROUGH THE ADMINISTRATION OF A CALCIUM BLOCKING VASODILATOR IN A DELAYED RELEASE FORMULATION"
"U-367","TREATMENT OF CARDIOVASCULAR DISORDERS"
"U-368","HEARTBURN"
"U-369","METHOD OF CONTROLLING AND LOWERING INTRAOCULAR PRESSURE"
"U-370","INTRAVAGINAL TREATMENT OF VAGINAL INFECTIONS WITH BUFFERED METRONIDAZOLE COMPOSITIONS"
"U-371","APPROVAL FOR MARKETING ONLY UNDER A SPECIAL RESTRICTION PROGRAM APPROVED BY FDA CALLED 'SYSTEM FOR THALIDOMIDE EDUCATION AND PRESCRIBING SAFETY' (S.T.E.P.S.)"
"U-372","METHOD FOR ADMINISTERING A BENEFICIAL DRUG TO THE GI TRACT OF AN ANIMAL, WHICH METHOD COMPRISES ADMITTING AN OSMOTIC DEVICE ORALLY INTO THE ANIMAL..."
"U-373","GENERAL USE CLAIM SUBMITTED FOR 12 NEXIUM PATIENTS STATING 'PERTINENT TO THE CAPSULE FORMULATION FOR NEXIUM AND ITS INDICATIONS FOR THE TREATMENT OF GERD AND ERADICATION OF H.PYLORI TO REDUCE THE RISK OF DUODENAL ULCER RECURRENCE"
"U-374","KIT ADAPTED AND DESIGNED TO PROVIDE BOTH DATA ON THE CURRENT REPRODUCTIVE STATUS OF A PATIENT AND CONTRACEPTION FOR THOSE WHO ARE NOT PREGNANT, BUT RECENTLY ENGAGED IN UNPROTECTED SEX"
"U-375","METHOD OF USING RIBAVIRIN FOR TREATING A DISEASE RESPONSIVE TO RIBAVIRIN, E.G. HEPATITIS C"
"U-376","TREATMENT OF INFLUENZA"
"U-377","METHOD OF TREATING PT WITH CHRONIC HEPATITIS C HAVING HCV GENOTYPE 1 AND VIRAL LOAD GREATER THAN 2 MILLION COPIES/ML TO ERADICATE DETECTABLE HCV-RNA BY ADMIN COMBINATION OF RIBAVIRIN AND INTERFERON ALFA-2B FOR A LEAST 24 WEEKS"
"U-378","METHOD FOR TREATING INCONTINENCE"
"U-379","METHOD OF TREATING ONYCHOMYCOSIS"
"U-380","COMBINATIONS OF TAXOL (PACLITAXEL) AND CISPLATIN WHICH ARE SUITABLE FOR THE TREATMENT OF OVARIAN AND NON-SMALL CELL LUNG CARCINOMAS"
"U-381","TREATMENT OF HYPERPHOSPHATEMIA"
"U-382","METHOD OF STABILIZING PROSTAGLANDIN"
"U-383","METHOD FOR TREATING GLAUCOMA AND OCULAR HYPERTENSION"
"U-384","TREATMENT OF CMV RETINITIS"
"U-385","TREATMENT OF PEPTIC ULCERS"
"U-386","TREATMENT OF PATIENTS SUFFERING FROM A LATE ASTHMATIC REACTION OR LATE PHASE ASTHMA"
"U-387","TREATMENT OF PATIENTS WITH RESPIRATORY DISORDERS"
"U-388","SMOKING CESSATION AID APPLIED TO THE SKIN"
"U-389","SMOKING CESSATION AID APPLIED TO THE SKIN ON WAKING AND REMOVED PRIOR TO SLEEP AFTER ABOUT 16 HOURS"
"U-390","METHOD OF USING THE DRUG TO TREAT NEUROIMMUNOLOGIC DISEASES (INCLUDING MULTIPLE SCLEROSIS)"
"U-391","USE OF CASODEX IN COMBINATION WITH LHRH AGONISTS FOR THE TREATMENT OF PROSTATE CANCER"
"U-392","TREATMENT OF PATIENTS FOR INFLAMMATION"
"U-393","MANAGEMENT OF INCONTINENCE, MGT OF HORMONE REPLACEMENT THERAPY, TREATMENT OF INVOLUNTARY INCONTINENCE, MGT OVERACTIVE BLADDER AND INCREASING COMPLIANCE IN SUCH PT"
"U-394","METHOD OF USE OF ALPHAGAN"
"U-395","METHOD OF USE OF ALPHAGAN P"
"U-396","METHOD OF TREATING PEOPLE SUFFERING FROM DEPRESSION"
"U-397","METHOD OF TREATING PEOPLE SUFFERING FROM DEPRESSION WITHOUT AN INCREASE IN NAUSEA"
"U-398","TREATMENT OF GENERALIZED ANXIETY DISORDER"
"U-399","IN-THE-EYE USE OF CHLORINE DIOXIDE CONTAINING COMPOSITIONS"
"U-400","USE OF RIBAVIRIN TO INCREASE TYPE 1 CYTOKINE RESPONSE AND SUPPRESS TYPE 2 CYTOKINE RESP0NSE TO LYMPHOCYTES, INCLUDING METHODS THAT TAKE ADVANTAGE OF SUCH MODULATION TO TREAT INFECTIONS AND INFESTATIONS"
"U-401","USE OF LOPINAVIR IN COMBINATION WITH REVERSE TRANSCRIPTASE INHIBITORS FOR TREATING HIV INFECTION AND IN COMBO WITH OTHER HIV PROTEASE INHIBITORS"
"U-402","TREATMENT OF ACTINIC KERATOSES"
"U-403","ANTI-ALLERGIC FOR VARIOUS ALLERGIC DISEASES"
"U-404","TREATMENT OF ALLERGIC CONJUNCTIVITIS"
"U-405","FOR WOMEN WITH SEVERE DIARRHEA-PREDOMINANT IRRITABLE BOWEL SYNDROME (IBS)"
"U-406","METHOD OF USE OF ATOVAQUONE AND PROGUANIL"
"U-407","METHOD OF TREATING OTOPATHY"
"U-408","FOR INDUCING OVULATION IN CONJUNCTION WITH A GONADOTROPIN RELEASING FACTOR ANTAGONIST AND RECRUITING OOCYTES FOR IN-VITRO FERTILIZATION"
"U-409","METHOD OF TREATING INFLAMMATION USING DRUG SUBSTANCE"
"U-410","METHOD OF REDUCING AMOUNT OF RESPECTIVE ACTIVE COMPONENTS ADMINISTERED TO A DIABETIC PATIENT BY ADMINISTERING A CHEMICAL COMPOUND HAVING A PARTICULAR FORMULA (INCLUDING PIOGLITAZONE) IN COMBINATION WITH AN INSULIN SECRETION ENHANCER"
"U-411","METHOD OF REDUCING THE SIDE EFFECTS OF ACTIVE COMPONENTS ADMINISTERED TO A DIABETIC PATIENT BY ADMINISTERING A CHEMICAL COMPOUND HAVING A PARTICULAR FORMULA (WHICH INCLUDES PIOGLITAZONE) IN COMBINATION WITH AN INSULIN PREPARATION"
"U-412","TREATMENT OF TYPE 2 DIABETES"
"U-413","USE OF THE ACTIVE INGREDIENT FOR INHIBITING THE BIOSYNTHESIS OF CHOLESTEROL AND TREATMENT OF ATHEROSCLEROSIS"
"U-414","A METHOD OF TREATING GLYCOMETABOLISM DISORDERS BY ADMINISTERING AN INSULIN SENSITIVITY ENHANCER (INCLUDING PIOGLITAZONE) IN COMBINATION WITH A BIGUANIDE"
"U-415","A METHOD FOR REDUCING THE AMOUNT OF ACTIVE COMPONENTS ADMINISTERED TO A DIABETIC PATIENT BY ADMINISTERING AN INSULIN SENSITIVITY ENHANCER (INCLUDING PIOGLITAZONE) IN COMBINATION WITH A BIGUANIDE AS SAID ACTIVE COMPONENTS"
"U-416","A METHOD FOR REDUCING SIDE EFFECTS OF ACTIVE COMPONENTS ADMINISTERED TO A DIABETIC PATIENT BY ADMINISTERING AN INSULIN SENSITIVITY ENHANCER (INCLUDING PIOGLITAZONE) IN COMBINATION WITH A BIGUANIDE AS SAID ACTIVE COMPONENTS"
"U-417","COMBINATION USE OF AD-4833 WITH A BIGUANIDE"
"U-418","A METHOD OF TREATING LIPID METABOLISM DISORDERS BY ADMINISTERING A CHEMICAL COMPOUND HAVING A PARTICULAR FORMULA (WHICH INCLUDES PIOGLITAZONE) IN COMBINATION WITH AN INSULIN SECRETION ENHANCER"
"U-419","A METHOD OF TREATING LIPID METABOLISM DISORDERS BY ADMINISTERING AN INSULIN SENSITIVITY ENHANCER (INCLUDING PIOGLITAZONE) IN COMBINATION WITH A BIGUANIDE"
"U-420","METHOD OF TREATMENT OF TYPE II DIABETES"
"U-421","USE FOR SEDATION"
"U-422","METHOD OF TREATING AT LEAST ONE OF ATTENTION DEFICIT DISORDER AND ATTENTION DEFICIT HYPERACTIVITY DISORDER"
"U-423","METHOD OF TREATING AT LEAST ONE OF ATTENTION DEFICIT DISORDER, ATTENTION DEFICIT HYPERACTIVITY DISORDER, OR AIDS RELATED DEMENTIA"
"U-424","FOR ONCE DAILY, BOLUS ADMINISTRATION TO A PATIENT IN ORDER TO ENGENDER TREATMENT FOR A NERVOUS DISORDER FOR SUBSTANTIALLY AN ENTIRE DAY ON A CHRONIC BASIS"
"U-425","METHOD OF REDUCING SIDE EFFECTS OF ACTIVE COMPONENTS ADMIN TO A DIABETIC BY ADMIN A CHEMICAL COMPOUND HAVING FORMULA (INCL PIOGLITAZONE) IN COMBINATION WITH AN INSULIN SECRETION ENHANCER"
"U-426","PREVENTION OF PREMATURE LH SURGES IN WOMEN UNDERGOING CONTROLLED OVARIAN STIMULATION"
"U-427","METHOD OF TREATING ALLERGIC REACTIONS IN MAMMALS"
"U-428","METHOD OF TREATING ALLERGY IN A MAMMAL USING THIS ACTIVE METABOLITE"
"U-429","METHOD OF USING DESLORATADINE TO TREAT ALLERGIC RHINITIS"
"U-430","METHOD OF TREATING A DIABETIC BY ADMINISTERING AN INSULIN SENSITIZER IN COMBINATION WITH AN INSULIN SECRETION ENHANCER, AND A DRUG PRODUCT COMPRISING AN INSULIN SENSITIZER AND AN INSULIN SECRETION ENHANCER"
"U-431","POSTTRAUMATIC STRESS DISORDER"
"U-432","REDUCTION OF ATHEROSCLEROTIC EVENTS (MYOCARDIAL INFARCTION, STROKE, AND VASCULAR DEATH) IN PATIENTS WITH ATHEROSCLEROSIS DOCUMENTED BY RECENT STROKE, RECENT MYOCARDIAL INFARCTION OR ESTABLISHED PERIPHERAL ARTERIAL DISEASE"
"U-433","USE OF LEVOCARNITINE IN PREVENTION AND TREATMENT OF CARNITINE DEFICIENCY IN PATIENTS WITH END STAGE RENAL DISEASE WHO ARE UNDERGOING DIALYSIS"
"U-434","CONTROLLED SYMPTOMS OF DIARRHEA, BLOATING PRESSURE AND CRAMPS, COMMONLY REFERRED TO AS GAS"
"U-435","A TITRATION DOSING REGIMEN FOR THE TREATMENT OF PAIN USING AN INITIAL DOSE OF ABOUT 25MG"
"U-436","ACUTE TREATMENT OF MIGRAINE ATTACKS WITH OR WITHOUT AURA IN ADULTS"
"U-437","METHOD OF USE EQUAL TO PROCESS OF PREPARATION"
"U-438","TREATMENT/PREVENTION OF NEURODEGENERATIVE DISEASE"
"U-439","TREATMENT OF OBESITY"
"U-440","METHOD FOR TRANSDERMAL ADMINISTRATION OF A DRUG THROUGH NON-SCROTAL SKIN USING A TRANSDERMAL DRUG DELIVERY DEVICE CONTAINING THE DRUG AND HAVING AN ADHESIVE SURFACE"
"U-441","METHOD OF TREATING MS BY ADMINISTERING COPAXONE"
"U-442","METHOD FOR DELIVERING A DRUG TO A PATIENT IN NEED OF THE DRUG, WHILE AVOIDING THE OCCURRENCE OF AN ADVERSE SIDE EFFECT KNOWN OR SUSPECTED OF BEING CAUSED BY SAID DRUG"
"U-443","MANAGEMENT OF MODERATE TO SEVERE PAIN WHEN A CONTINUOUS, AROUND-THE-CLOCK ANALGESIC IS NEEDED FOR AN EXTENDED PERIOD OF TIME"
"U-444","TREATMENT OF MIGRAINE"
"U-445","USE AS AN ANTIMYCOTIC AGENT"
"U-446","TOPICAL TREATMENT OF OCULAR HYPERTENSION AND GLAUCOMA"
"U-447","METHOD OF TREATING HYPERLIPIDEMIA WITH NICOTINIC ACID BY DOSING ONCE PER DAY IN THE EVENING OR AT NIGHT"
"U-448","METHOD OF TREATING HYPERLIPIDEMIA WITH NICOTINIC ACID WITHOUT CAUSING TREATMENT-LIMITING ELEVATIONS IN URIC ACID OR GLUCOSE LEVELS OR CAUSING LIVER DAMAGE, BY DOSING ONCE PER DAY IN THE EVENING OR AT NIGHT"
"U-449","USE IN COMBINATION WITH 5-FLUOROURACIL AND LEUCOVORIN FOR THE TREATMENT OF METASTATIC COLORECTAL CANCER WHERE THE DOSE OF LEUCOVORIN IS AT LEAST 200MG PER SQUARE METER"
"U-450","INTERMEDIATE REL NICOTINIC ACID FORMULATIONS HAVING UNIQUE URINARY METAB PROFILES RESULTING FROM ABSORPTION PROFILES OF NICOTINIC ACID FROM THE INTERMEDIATE NICOTINIC ACID FORMULATIONS,SUITABLE FOR TX HYPERLIPIDEMIA FOLLOWING QD DOSING"
"U-451","TREATMENT OF DEPRESSION AND GENERALIZED ANXIETY DISORDER"
"U-452","USE OF LANSOPRAZOLE FOR COMBATTING DISEASES CAUSED BY THE GENUS CAMPYLOBACTER (C.PYLORI=H.PYLORI)"
"U-453","TREATMENT OF PLATELET ASSOCIATED ISCHEMIC DISORDERS"
"U-454","METHOD OF TX A PT SUSPECTED OF HAVING HEPATITIS C BY ADMIN, IN COMBINATION, A CONJUGATE COMPRISING PEG 12000 & INTERFERON ALFA-2B IN AN AMT OF FROM 0.5MCG/KG TO 2MCG/KG, ONCE WEEKLY, AND RIBAVIRIN"
"U-455","TREATMENT OF PULMONARY HYPERTENSION WITH UT-15"
"U-456","METHOD OF DECREASING THE PRODUCTION OF A-BETA USING A COMPOSITION WHICH DECREASES BLOOD CHOLESTEROL IN PATIENTS AT RISK OF OR EXHIBITING SYMPTOMS OF ALZHEIMER'S DISEASE"
"U-457","METHOD OF TREATING A VAGINAL FUNGAL INFECTION IN A FEMALE HUMAN"
"U-458","METHOD OF USE OF IMAGENT"
"U-459","TREATMENT OF DEPRESSION AND GENERALIZED ANXIETY DISORDER"
"U-460","METHOD OF TREATING PSYCHIATRIC SYMPTOMS ASSOCIATED WITH PREMENSTRUAL DISORDERS USING SERTRALINE"
"U-461","METHOD OF TREATMENT OF LATE LUTEAL PHASE DYSPHORIC DISORDER (PMDD) USING SERTRALINE"
"U-462","SIGNS AND SYMPTOMS OF OSTEOARTHRITIS AND ADULT RHEUMATOID ARTHRITIS AND TREATMENT OF PRIMARY DYSMENORRHEA"
"U-463","VENOGRAPHY"
"U-464","PERIPHERAL ARTERIOGRAPHY"
"U-465","CT IMAGING OF THE HEAD"
"U-466","TREATMENT OF IRRITABLE BOWEL SYNDROME"
"U-467","USE OF EPLERENONE IN COMBINATION WITH AN ANGIOTENSIN CONVERTING ENZYME (ACE) INHIBITOR FOR TREATING HYPERTENSION"
"U-468","METHOD OF USING FEXOFENADINE HCL IN TREATING ALLERGIC RHINITIS"
"U-469","TREATMENT OF GASTROESOPHAGEAL REFLEX DISEASE (GERD) AND ERADICATION OF H.PYLORI TO REDUCE RISK OF DUODENAL ULCER RECURRENCE"
"U-470","THERAPY IN CHRONIC HEPATITIS B VIRUS INFECTION"
"U-471","METHOD OF TREATING A PATIENT SUFFERING FROM DIABETES MELLITUS"
"U-472","TREATMENT OF ATTENTION DEFICIT HYPERACTIVITY DISORDER USING METHYLPHENIDATE BI-MODAL RELEASE PROFILE EXTENDED-RELEASE CAPSULES"
"U-473","TO REDUCE PLASMA CHOLESTEROL LEVELS IN A MAMMAL"
"U-474","TO REDUCE PLASMA CHOLESTEROL LEVELS BY ADMIN EZETIMIBE IN COMBO WITH CHOLESTEROL BIOSYNTHESIS INHIB SELECTED FROM GROUP CONSISTING OF HMG COA REDUCTASE INHIBITORS INCL SIMVASTATIN"
"U-475","TREATMENT OF CUTANEOUS MANIFESTATIONS OF CUTANEOUS T-CELL LYMPHOMA IN PATIENTS WHO ARE REFRACTORY TO AT LEAST ONE PRIOR SYSTEMIC THERAPY"
"U-476","METHOD OF TREATING ANDROGEN RESPONSIVE/MEDIATED CONDITION IN MAMMAL BY ADMIN A SAFE, EFFECTIVE AMOUNT OF DUTASTERIDE OR PHARMACEUTICALLY ACCEPTABLE DERIVATIVE THEREOF..CONDITIONS INCLUDE BENIGN PROSTATIC HYPERTROPHY"
"U-477","METHOD OF INHIBITING 5 ALPHA TESTOSTERONE REDUCTASE ENZYME WITH DUTASTERIDE OR ITS DERIVATIVE AND TREATING ANDROGEN RESPONSIVE/MEDIATED DISEASE INCLUDING BENIGN PROSTATIC HYPERPLASIA"
"U-478","METHOD OF TREATING HEPATITIS C VIRAL INFECTION BY CONTINUOUS PARENTERAL ADMIN INTERFERON ALPHA 2-10 MILLION IU WEEKLY, SUBCUTANEOUSLY, INJECTION OF POLYMER-INTERFERON ALPHA CONJUGATE-POLYMER IS PEG-INTERFERON IS ALPHA 2B"
"U-479","METHOD OF USING PEG-INTRON/REBETOL COMBINATION THERAPY AND INTRON/REBETOL COMBINATION THERAPY"
"U-480","CONTRAST AGENT FOR MRI"
"U-481","DISUBSTITUTED ACETYLENES BEARING HETEROAROMATIC AND HETEROBICYCLIC GROUPS HAVING RETINOID-LIKE ACTIVITY"
"U-482","METHOD OF IN VITRO FERTILIZATION THERAPY INCLUDING MEANS FOR INDUCING OVULATION...."
"U-483","METHOD FOR THE ADMINISTRATION OF DRUGS USING THAT COMPOUND"
"U-484","METHOD OF TREATING A SKIN DISEASE WITH A CORTICOSTEROID-CONTAINING PHARMACEUTICAL COMPOSITION"
"U-485","METHOD AND COMPOSITION FOR REDUCING NERVE INJURY PAIN ASSOCIATED WITH SHINGLES (HERPES ZOSTER AND POST-HERPETIC NEURALGIA)"
"U-486","EXTERNAL PREPARATION FOR APPLICATION TO THE SKIN CONTAINING LIDOCAINE-DRUG RETAINING LAYER PLACED ON SUPPORT AND COMPRISES ADHESIVE GEL BASE 1-10% BY WEIGHT OF LIDOCAINE"
"U-487","METHOD AND COMPOSITION FOR REDUCING NERVE INJURY PAIN ASSOCIATED WITH SHINGLES (HERPES ZOSTER AND POST-HERPETIC NEURALGIA)"
"U-488","METHOD FOR REDUCING THE PAIN ASSOCIATED WITH HERPES-ZOSTER AND POST-HERPETIC NEURALGIA"
"U-489","EXPECTORANT"
"U-490","TESTOSTERONE REPLACEMENT THERAPY IN MALES FOR CONDITIONS ASSOCIATED WITH A DEFICIENCY OR ABSENCE OF ENDOGENOUS TESTOSTERONE"
"U-491","METHOD OF DELIVERING A DRUG TO THE LUNG"
"U-492","METHOD FOR THE TREATMENT OF SKIN, SUFFERING FROM A CONDITION SELECTED FROM A GROUP CONSISTING OF NONACNE INFLAMMATORY DERMATOSES... COMPRISING APPLYING TO AFFECTED AREA. A THERAPEUTICALLY EFFECTIVE AMT AZELAIC ACID"
"U-493","TREATMENT OF TYPE 2 DIABETES MELLITUS"
"U-494","TREATMENT OF ATTENTION-DEFICIT HYPERACTIVITY DISORDER"
"U-495","PERITONEAL DIALYSIS SOLUTION"
"U-496","METHOD FOR TREATING CHRONIC RENAL FAILURE"
"U-497","RELIEF OF THE SIGNS AND SYMPTOMS OF OSTEOARTHRITIS AND RHEUMATOID ARTHRITIS"
"U-498","INTRA-ARTERIAL AND INTRAVENOUS USES OF ULTRAVIST"
"U-499","METHOD OF USING REBETOL CAPSULES IN COMBINATION WITH A CONJUGATE COMPRISING POLYETHYLENE GLYCOL(PEG) AND AN ALPHA INTERFERON, INCLUDING, FOR EXAMPLE, PEG-INTRON POWDER FOR INJECTION"
"U-500","USE AS AN ANTIHYPERTENSIVE AGENT"
"U-501","TREATMENT OF RECURRENT HERPES LABIALIS (COLD SORES) IN ADULTS"
"U-502","PITYRIASIS VERSICOLOR"
"U-503","GENERATOR MUST BE USED WITH INFUSION SYSTEM SPECIFICALLY LABELED FOR USE WITH GENERATOR"
"U-504","TINEA PEDIS, TINEA CRURIS, TINEA CORPORIS"
"U-505","ULTRASOUND CONTRAST AGENT"
"U-506","PHARM PRODUCT CONTAINER 1ST CHAMBER IS DISPOSED AQUEOUS DILUENT SOL 2ND CHAMBER PHARM ACTIVE AGENT COMPRISING ACETYLCHOLINE,BUFFER IN 1ST CHAM IS SUFFICIENT TO BUFFER PH OF MIXED SOL RESULTING MIXTURE OF AQUEOUS DILUENT SOL & PHARM ACTIVE.."
"U-507","ACROMEGALY IN PATIENTS W/INADEQUATE RESPONSE TO SURGERY AND/OR RADIATION THERAPY AND/OR MEDICAL THERAPIES, OR FOR WHOM THESE THERAPIES ARE NOT APPROPRIATE"
"U-508","METHOD OF RELEASING 17-BETA OESTRADIOL PRECURSOR IN A SUBSTANTIALLY ZERO ORDER PATTERN FOR AT LEAST THREE WEEKS"
"U-509","TREATMENT OF CUTANEOUS MANIFESTATIONS OF CUTANEOUS T-CELL LYMPHOMA IN PATIENTS WHO ARE REFRACTORY TO AT LEAST ONE PRIOR SYSTEMIC THERAPY"
"U-510","TOPICAL TREATMENT OF CUTANEOUS LESIONS IN PATIENTS WITH CUTANEOUS T-CELL LYMPHOMA (STAGE IA AND IB) WHO HAVE REFRACTORY OR PERSISTENT DISEASE AFTER OTHER THERAPIES OR WHO HAVE NOT TOLERATED OTHER THERAPIES"
"U-511","USE OF QUINOLONE COMPOUNDS AGAINST ANAEROBIC PATHOGENIC BACTERIA"
"U-512","USE OF QUINOLONE COMPOUNDS AGAINST ATYPICAL UPPER RESPIRATORY PATHOGENIC BACTERIA"
"U-513","METHODS OF USE OF ANTIMICROBIAL COMPOUNDS AGAINST PATHOGENIC AMYCOPLASMA BACTERIA"
"U-514","PREVENTION OF OVULATION IN A WOMAN"
"U-515","TREATMENT OF MULTIPLE MYELOMA PATIENTS WHO HAVE RECEIVED AT LEAST TWO PRIOR THERAPIES AND HAVE DEMONSTRATED DISEASE PROGRESSION ON THE LAST THERAPY"
"U-516","METHOD OF TREATING A PSYCHOTIC DISEASE"
"U-517","STABLE GEL FORMULATION FOR TOPICAL TREATMENT OF SKIN CONDITIONS"
"U-518","OBSESSIVE COMPULSIVE DISORDER"
"U-519","POST OPERATIVE NAUSEA AND VOMITING"
"U-520","PREMENOPAUSAL OSTEOPOROSIS"
"U-521","METHOD OF USING RIBAVIRIN IN COMBINATION WITH INTRON A (INTERFERON ALPHA-2 B RECOMBINANT) INJECTION TO TREAT PATIENTS WITH CHRONIC HEPATITIS C"
"U-522","TREATMENT OF CMV RETINITIS BY INTRAVITREAL ADMIN OF A PHOSPHOROTHIOATE OLIGONUCLEOTIDE CAPABLE OF HYBRIDIZING WITH CMV MRNA"
"U-523","METHOD OF TREATING INFECTION BY CRYPTOSPORIDIUM PARVUM IN AN IMMUNOCOMPROMISED MAMMAL"
"U-524","METHOD OF TREATING DIARRHEA"
"U-525","METHOD OF TREATING PARASITIC INFECTIONS"
"U-526","METHOD OF PROVIDING CONTROLLED RELEASE OF A TREATING AGENT USING A CONTROLLED RELEASE COMPOSITION"
"U-527","METHOD OF DELIVERING AN ACTIVE INGREDIENT USING A PROGRESSIVE HYDRATION BIOADHESIVE"
"U-528","PREVENTION OF CHEMOTHERAPY-INDUCED NAUSEA AND VOMITING"
"U-529","ONCE DAILY TREATMENT OF ASTHMA WITH NEBULIZED BUDESONIDE"
"U-530","TREATMENT OF HERPES ZOSTER, TREATMENT OF GENITAL HERPES, TREATMENT OF COLD SORES, SUPPRESSION OF GENITAL HERPES IN IMMUNOCOMPETENT AND HIV-INFECTED INDIVIDUALS, REDUCTION OF RISK OF HETEROSEXUAL TRANSMISSION OF GENITAL HERPES"
"U-531","TREATMENT OF PATIENTS WITH ESSENTIAL HYPERTENSION.  MAY BE USED ALONE OR GIVEN WITH OTHER CLASSES OF ANTIHYPERTENSIVES, ESPECIALLY THIAZIDE DERIVATIVES"
"U-532","TREATMENT OF BRONCHOSPASM ASSOCIATED WITH COPD IN PATIENTS REQUIRING MORE THAN ONE BRONCHO DILATOR"
"U-533","ERECTILE DYSFUNCTION"
"U-534","HUMALOG IS AN INSULIN ANALOG THAT IS INDICATED IN THE TREATMENT OF PATIENTS WITH DIABETES MELLITUS FOR THE CONTROL OF HYPERGLYCEMIA"
"U-535","TREATMENT OF SOCIAL ANXIETY DISORDER"
"U-536","CONTRAST AGENT FOR MAGNETIC RESONANCE IMAGING"
"U-537","TREATMENT OF CONDITIONS RELATED TO HYPERALDOSTERONISM SUCH AS HYPERTENSION AND CARDIAC INSUFFICIENCY, WITH EPLERENONE"
"U-538","FIRST LINE TREATMENT OF SEVERE HYPERTENSION, IN PATIENTS WITH HYPERTENSION SEVERE ENOUGH THAT THE VALUE OF ACHIEVING PROMPT BLOOD PRESSURE CONTROL EXCEEDS THE RISK OF INITIATING COMBINATION THERAPY IN THESE PATIENTS"
"U-539","TREATMENT OF MODERATE TO SEVERE DEMENTIA OF THE ALZHEIMER'S TYPE"
"U-540","TREATMENT OF FUNGAL INFECTIONS"
"U-541","METHOD OF TREATMENT OF ADULTS INFECTED WITH HIV-1"
"U-542","METHOD OF TREATING PATIENT WITH TYPE 2 DIABETES BY ONCE DAILY ADMINISTRATION"
"U-543","TREATMENT OF SCHIZOPHRENIA"
"U-544","TREATMENT OF OVERACTIVE BLADDER. TREATMENT OF URINARY INCONTINENCE."
"U-545","METHOD FOR THE PREVENTION AND/OR TREATMENT OF THROMBOTIC EPISODES, SUCH AS MYOCARDIAL INFARCTION, IN A HUMAN PATIENT AND METHOD FOR THE PREVENTION OF VENOUS THROMBOSIS IN A POSTOPERATIVE HUMAN PATIENT"
"U-546","USE OF REPAGLINIDE IN COMBINATION WITH METFORMIN TO LOWER BLOOD GLUCOSE"
"U-547","MAINTENANCE MONOTHERAPY FOR BIPOLAR DISORDER"
"U-548","A METHOD OF REDUCING FLUSH IN AN INDIVIDUAL BEING TREATED FOR A LIPIDEMIC DISORDER AND EFFECTIVELY TREATING THE LIPIDEMIC DISORDER"
"U-549","USE IN THE TREATMENT OF MEN WITH ADVANCED SYMPTOMATIC PROSTATE CANCER"
"U-550","TREATMENT OF BIPOLAR DISORDER AND SCHIZOPHRENIA"
"U-551","METHOD FOR REDUCING TOXICITY OF ALIMTA TREATED PATIENTS BY ADMINISTERING FOLIC ACID"
"U-552","TREATMENT OF HYPERTENSION AND HYPERLIPIDEMIA WITH A SINGLE COMPOSITION"
"U-553","MANAGEMENT OF PAIN AND DISCOMFORT ASSOCIATED WITH PERIDONTAL SCALING AND ROOT PLANNING PROCEDURES BY APPLICATION OF AN EUTECTIC MIXTURE OF LOCAL ANESTHETICS TO PERIDONTAL POCKETS"
"U-554","TREATING HIV INFECTION WITH INDINAVIR SULFATE IN COMBINATION WITH ANTIRETROVIRAL AGENTS"
"U-555","TREATMENT OF COMPLICATED URINARY TRACT INFECTIONS AND ACUTE UNCOMPLICATED PYELONEPHRITIS"
"U-556","USE AS ADJUNCT DIAGNOSTIC FOR SERUM THYROGLOBULIN (TG) TESTING"
"U-557","NASAL TREATMENT OF SEASONAL AND PERENNIAL ALLERGIC RHINITIS SYMPTOMS"
"U-558","INDICATED FOR THE RELIEF OF BRONCHOSPASM IN PATIENTS 2-12 YEARS OF AGE WITH ASTHMA (REVERSIBLE OBSTRUCTIVE AIRWAY DISEASE)"
"U-559","METHOD OF DECREASING OR REDUCING PARATHYROID HORMONE LEVEL; METHOD OF MODULATING PARATHYROID HORMONE SECRETION;METHOD OF TREATING HYPERPARATHYROIDISM; METHOD OF REDUCING SERUM IONIZED CALCIUM LEVEL"
"U-560","METHOD OF DECREASING PARATHYROID HORMONE LEVEL;METHOD OF TREATING HYPERPARATHYROIDISM"
"U-561","COSOPT IS INDICATED FOR THE REDUCTION OF ELEVATED INTRAOCULAR PRESSURE IN PATIENTS WITH OPEN-ANGLE GLAUCOMA OR OCULAR HYPERTENSION WHO ARE INSUFFICIENTLY RESPONSIVE TO BETA BLOCKERS"
"U-562","TOPICAL TREATMENT OF CUTANEOUS LESIONS IN PATIENTS WITH AIDS-RELATED KAPOSI'S SARCOMA"
"U-563","MARINOL IS INDICATED FOR, INTER ALIA, ANOREXIA ASSOCIATED WITH WEIGHT LOSS IN PATIENTS WITH AIDS"
"U-564","TREATMENT OF HIV IN CONCOMITANT THERAPY"
"U-565","TREATMENT OF SEASONAL AND PERENNIAL ALLERGIC RHINITIS SYMPTOMS, AND CHRONIC URTICARIA"
"U-566","FOR THE LONG-TERM, ONCE-DAILY, MAINTENANCE TREATMENT OF BRONCHOSPASM ASSOCIATED WITH CHRONIC OBSTRUCTIVE PULMONARY DISEASE (COPD), INCLUDING CHRONIC BRONCHITIS AND EMPHYSEMA"
"U-567","METHOD OF TREATING INFERTILITY"
"U-568","METHOD OF USING FSH ALONE (WITHOUT EXOGENOUS LH) IN IN VITRO FERTILIZATION"
"U-569","METHOD OF USING FSH ALONE (WITHOUT EXOGENOUS LH) IN IN VITRO FERTILIZATION AND WHEREIN THEREAFTER AN OVULATORY INDUCING AMOUNT OF HCG IS ADMINISTERED"
"U-570","METHOD OF USING FSH ALONE (WITHOUT EXOGENOUS LH) IN IN VITRO FERTILIZATION AND WHEREIN THE DAILY AMOUNT OF FSH IS ABOUT 5-10 IU/KG"
"U-571","TREATMENT OF AGITATION ASSOCIATED WITH SCHIZOPHRENIA AND BIPOLAR I MANIA"
"U-572","INTENSIVE CARE UNIT SEDATION"
"U-573","TREATMENT OF ACUTE PROMYELOGENOUS LEUKEMIA (APL)"
"U-574","PROPHYLAXIS AND TREATMENT OF THE NASAL SYMPTOMS OF SEASONAL ALLERGIC RHINITIS AND TREATMENT OF THE NASAL SYMPTOMS OF PERENNIAL ALLERGIC RHINITIS IN ADULTS AND PEDIATRIC PATIENTS 12 YEARS OF AGE AND OLDER"
"U-575","LOTEMAX OPHTHALMIC SUSPENSION IS INDICATED FOR THE TREATMENT OF STEROID RESPONSIVE CONDITIONS OF THE PALPEBRAL BULBAR CONJUNCTIVA, CORNEA AND ANTERIOR SEGMENT OF THE GLOBE."
"U-576","ALREX OPHTHALMIC SUSPENSION IS INDICATED FOR THE TEMPORARY RELIEF OF THE SIGNS AND SYMPTOMS OF SEASONAL ALLERGIC CONJUNCTIVITIS."
"U-577","TREATMENT OF BENIGN PROSTATIC HYPERPLASIA WITH FINASTERIDE IN COMBINATION WITH DOXAZOSIN"
"U-578","TREATMENT OF COMMUNITY ACQUIRED PNEUMONIA, ACUTE EXACERBATION OF CHRONIC BRONCHITIS, AND ACUTE BACTERIAL SINUSITIS CAUSED BY SUSCEPTIBLE STRAINS OF DESIGNATED MICROORGANISMS IN PATIENTS 18 YEARS AND OLDER."
"U-579","TREATMENT OF EPILEPSY AND/OR MIGRAINE."
"U-580","TREATMENT OF DISORDERS OF THE SEROTONERGIC SYSTEM SUCH AS DEPRESSION AND ANXIETY-RELATED DISORDERS"
"U-581","METHOD OF TREATING A CONDITION CAPABLE OF TREATMENT BY INHALATION, E.G. ASTHMA, COMPRISING ADMINISTRATION OF A FORMULATION CLAIMED IN US PATENT NO. 6743413"
"U-582","METHOD FOR THE TREATMENT OF A RESPIRATORY DISORDER, E.G. ASTHMA, COMPRISING ADMINISTERING AN EFFECTIVE AMOUNT OF AN AEROSOL COMPOSITION TO A PATIENT FROM A METERED DOSE INHALER SYSTEM AS CLAIMED IN US PATENT NO. 6253762"
"U-583","METHOD FOR THE TREATMENT OF A RESPIRATORY DISORDER, E.G. ASTHMA, COMPRISING ADMINISTERING TO A PATIENT BY INHALATION, A METERED AEROSOL DOSE OF A DRUG FORMULATION FROM THE METERED DOSE INHALER SYSTEM CLAIMED IN US 6546928"
"U-584","SINGLE-DOSE ADMINISTRATION BY THE EPIDURAL ROUTE, AT THE LUMBAR LEVEL, FOR THE TREATMENT OF PAIN FOLLOWING MAJOR SURGERY"
"U-585","TO PROMOTE WEIGHT GAIN AFTER WEIGHT LOSS IN CERTAIN TYPES OF PATIENTS"
"U-586","AN INTERMEDIATE RELEASE NICOTINIC ACID FORMULATION SUITABLE FOR ORAL ADMINISTRATION ONCE-A-DAY AS A SINGLE DOSE FOR TREATING HYPERLIPIDEMIA WITHOUT CAUSING DRUG-INDUCED HEPATOTOXICITY OR ELEVATIONS IN URIC ACID OR GLUCOSE OR BOTH"
"U-587","USE OF EPLERENONE IN COMBINATION WITH AN ANGIOTENSIN CONVERTING ENZYME (ACE) INHIBITOR (AND OPTIONALLY A DIURETIC) FOR TREATING CONGESTIVE HEART FAILURE AND HYPERTENSION"
"U-588","SHORT-TERM TREATMENT OF ACTIVE DUODENAL ULCER; TREATMENT OF HEARTBURN AND OTHER SYMPTOMS ASSOCIATED WITH GERD; SHORT-TERM TREATMENT OF EROSIVE ESOPHAGITIS; MAINTENANCE OF HEALING OF EROSIVE ESOPHAGITIS"
"U-589","METHOD FOR TREATMENT OF A RESPIRATORY DISORDER, E.G., BRONCHOSPASM, COMPRISING ADMINISTERING AN EFFECTIVE AMOUNT OF AN AEROSOL COMPOSITION TO A PATIENT FROM A METERED DOSE INHALER SYSTEM AS CLAIMED IN U.S. PATENT NO. 6131966"
"U-590","METHOD FOR TREATMENT OF A RESPIRATORY DISORDER,E.G.,BRONCHOSPASM,COMPRISING ADMINISTERING TO A PATIENT BY ORAL OR NASAL INHALATION A DRUG FORMULATION BY USING THE METERED DOSE INHALER SYSTEM AS CLAIMED IN US PATENT NO.6532955"
"U-591","TREATMENT OF ATTENTION DEFICIT HYPERACTIVITY DISORDER USING A DOSAGE FORM WHICH PROVIDES ONCE-DAILY ORAL ADMINISTRATION OF A PHENIDATE DRUG"
"U-592","TREATMENT OF PRIMARY HYPERCHOLESTEROLEMIA, MIXED HYPERLIPIDEMIA AND/OR HOMOZYGOUS FAMILIAL HYPERCHOLESTEROLEMIA (HOFH)"
"U-593","TREATMENT OF PRIMARY HYPERCHOLESTEROLEMIA, MIXED HYPERLIPIDEMIA AND/OR HOMOZYGOUS FAMILIAL HYPERCHOLESTEROLEMIA (HOFH)"
"U-594","PREVENTION OF POSTMENOPAUSAL OSTEOPOROSIS"
"U-595","35 MG ORALLY ONCE A WEEK FOR PREVENTION OF OSTEOPOROSIS IN POSTMENOPAUSAL WOMEN; 35 MG ORALLY ONCE A WEEK FOR TREATMENT OF OSTEOPOROSIS IN POSTMENOPAUSAL WOMEN"
"U-596","TREATMENT OF HORMONE RECEPTOR POSITIVE METASTATIC BREAST CANCER IN POSTMENOPAUSAL WOMEN WITH DISEASE PROGRESSION FOLLOWING ANTIESTROGEN THERAPY"
"U-597","FORTEO IS INDICATED FOR THE TREATMENT OF POST MENOPAUSAL WOMEN WITH OSTEOPOROSIS WHO ARE AT HIGH RISK FOR FRACTURE"
"U-598","PROPHYLACTIC TREATMENT OF MIGRAINE"
"U-599","METHOD FOR TREATING ALLERGIC CONJUNCTIVITIS"
"U-600","A METHOD OF TREATING A PATIENT IN NEED OF OPHTHALMIC ANTIMICROBIAL THERAPY WITH LEVOFLOXACIN"
"U-601","TREATMENT OF BIPOLAR DISORDER"
"U-602","SIGNS AND SYMPTOMS OF OSTEOARTHRITIS, RHEUMATOID ARTHRITIS IN ADULTS, AND/OR PAUCIARTICULAR OR POLYARTICULAR COURSE JUVENILE RHEUMATOID ARTHRITIS, ACUTE PAIN IN ADULTS; PRIMARY DYSMENORRHEA; AND/OR ACUTE MIGRAINE ATTACKS IN ADULTS"
"U-603","METHOD OF TREATING INFECTIONS COMPRISING ORALLY ADMINISTERING AN EFFECTIVE AMOUNT OF THE FDA APPROVED ORAL SUSPENSION"
"U-604","METHOD OF LOWERING BLOOD GLUCOSE BY ONCE DAILY ADMINISTRATION"
"U-605","TREATMENT OF MAJOR DEPRESSIVE DISORDER(MDD);ALTHOUGH THE MECHANISM OF THE ANTIDEPRESSANT ACTION OF DULOXETINE IN HUMANS IS UNKNOWN, IT IS BELIEVED TO BE RELATED TO ITS POTENTIATION OF SERATONERGIC AND NORADRENERGIC ACTIVITY IN THE CNS"
"U-606","USE OF IRINOTECAN IN COMBINATION WITH 5-FLUOROURACIL AND LEUCOVORIN FOR THE TREATMENT OF METASTATIC COLORECTAL CANCER"
"U-607","CANCIDAS IS INDICATED FOR EMPIRICAL THERAPY FOR PRESUMED FUNGAL INFECTIONS IN FEBRILE, NEUTROPENIC PATIENTS."
"U-608","USE OF QUINOLONE COMPOUNDS AGAINST PNEUMOCOCCAL PATHOGENIC BACTERIA"
"U-609","USE OF QUINOLONE COMPOUNDS AGAINST QUINOLONE-RESISTANT PNEUMOCOCCAL PATHOGENIC BACTERIA"
"U-610","ATROVENT HFA (IPRATROPIUM BROMIDE HFA) INHALATION AEROSOL IS INDICATED AS A BRONCHODILATOR FOR MAINTENANCE TREATMENT OF BRONCHOSPASM ASSOCIATED WITH CHRONIC OBSTRUCTIVE PULMONARY DISEASE, INCLUDING CHRONIC BRONCHITIS AND EMPHYSEMA."
"U-611","METHOD OF USING DESLORATADINE TO TREAT SEASONAL AND PERENNIAL ALLERGIC RHINITIS, PRURITIS, AND CHRONIC IDIOPATHIC URTICARIA IN PATIENTS 2 YEARS OF AGE AND OLDER"
"U-612","TREATMENT OF SEASONAL ALLERGY SYMPTOMS WITH NASAL CONGESTION IN ADULTS AND CHILDREN 12 YEARS OF AGE AND OLDER"
"U-613","REDUCTION OF SERUM PHOSPHATE"
"U-614","TREATMENT OF SEXUAL DYSFUNCTION"
"U-615","ADJUNCTIVE THERAPY TO DIET IN ADULTS TO REDUCE LDL-C, TOTAL-C, TRIGLYCERIDES AND APO B, AND INCREASE HDL-C IN PATIENTS WITH PRIMARY HYPERCHOLESTEROLEMIA OR MIXED DYSLIPIDEMIA (TYPES IIA, IIB) AND TO TREAT HYPERTRIGLYCERIDEMIA (TYPES IV, V)"
"U-616","MANAGEMENT OF PERSISTENT, MODERATE TO SEVERE PAIN IN PATIENTS REQUIRING CONTINUOUS, AROUND-THE-CLOCK ANALGESIA WITH A HIGH POTENCY OPIOID FOR AN EXTENDED PERIOD OF TIME GENERALLY WEEKS TO MONTHS OR LONGER"
"U-617","TREATMENT OF ACUTE PROMYELOGENOUS LEUKEMIA (APL)"
"U-618","USE OF ROSUVASTATIN CALCIUM TO REDUCE ELEVATED TOTAL-C, LDL-C, APOB, NONHDL-C OR TG LEVELS; TO INCREASE HDL-C IN ADULT PATIENTS WITH PRIMARY HYPERLIPIDEMIA OR MIXED DYSLIPIDEMIA; AND TO SLOW THE PROGRESSION OF ATHEROSCLEROSIS."
"U-619","TREATMENT OF MALIGNANT NEOPLASM"
"U-620","TREATMENT OF INSOMNIA"
"U-621","METHOD OF TREATING CANCER"
"U-622","TREATMENT OF VEGF MEDIATED OCULAR DISEASE."
"U-623","SHORT TERM TREATMENT OF ACTIVE BENIGN GASTRIC ULCER"
"U-624","REDUCTION OF RISK OF UPPER GASTROINTESTINAL BLEEDING IN CRITICALLY ILL PATIENTS"
"U-625","ALLERGIC RHINITIS OR NASAL POLYPS"
"U-626","CLOLAR IS INDICATED FOR THE TREATMENT OF PEDIATRIC PATIENTS 1 TO 21 YEARS OLD WITH RELAPSED OR REFRACTORY ACUTE LYMPHOBLASTIC LEUKEMIA AFTER AT LEAST TWO PRIOR REGIMENS"
"U-627","TREATMENT OF PATIENTS USING EXTENDED-RELEASE CARBAMAZEPINE"
"U-628","USE OF AVANDIA IN COMBINATION WITH A SULFONYLUREA, AND IN COMBINATION WITH METFORMIN AND A SULFONYLUREA TO IMPROVE GLYCEMIC CONTROL IN PATIENTS WITH TYPE 2 DIABETES MELLITUS"
"U-629","METHOD OF INDUCING A HYPNOTIC OR SEDATIVE EFFECT IN A HUMAN BY ADMINISTERING ESZOPICLONE"
"U-630","TREATING URINARY INCONTINENCE BY ADMINISTERING AN EXTENDED-RELEASE FORM OF DARIFENACIN"
"U-631","TREATING A DISEASE OF ALTERED MOTILITY OR TONE OF SMOOTH MUSCLE BY ADMINISTERING A MUSCARINIC RECEPTOR ANTAGONIZING AMOUNT OF DARIFENACIN"
"U-632","METHOD OF TREATMENT OF CANCER BY ADMINISTERING PARTICLES OF PACLITAXEL THAT HAVE A PROTEIN COATING"
"U-633","METHOD FOR TREATMENT OF TUMORS BY ADMINISTERING PACLITAXEL AT A DOSE IN THE RANGE OF ABOUT 30MG/METER SQUARE TO ABOUT 100MG/METER SQUARE IN A PHARMACEUTICALLY ACCEPTABLE FORMULATION THAT DOES NOT CONTAIN CREMOPHOR"
"U-634","METHOD FOR DELIVERY OF A BIOLOGIC (INCLUDING ANTINEOPLASTIC AGENTS) BY ADMINISTERING TO A PATIENT AN EFFECTIVE AMOUNT OF A BIOLOGIC AS A SOLID OR LIQUID WITH A POLYMERIC BIOCOMPATIBLE MATERIAL"
"U-635","TREATMENT OF GERD, MAINTENANCE OF HEALING OF EROSIVE ESOPHAGITIS AND RISK REDUCTION OF NSAID ASSOCIATED GASTRIC ULCERS"
"U-636","TREATMENT OR PREVENTION OF BRONCHOSPASM OR ASTHMATIC SYMPTOMS"
"U-637","TREATMENT OF DIABETES WITH AN AMYLIN AGONIST"
"U-638","TREATMENT OF DIABETES WITH AN AMYLIN AGONIST, INCLUDING WITH INSULIN"
"U-639","TREATMENT OF A MAMMAL HAVING A NEED OF OR REDUCED ABILITY TO PRODUCE INSULIN WITH AN INSULIN AND AN AMYLIN SUCH AS PRAMLINTIDE"
"U-640","USE OF AN AMYLIN AGONIST TO REDUCE GASTRIC MOTILITY AND TREAT POST PRANDIAL HYPERGLYCEMIA"
"U-641","USE OF AN AMYLIN AGONIST HAVING SPECIFIED BINDING ACTIVITY TO REDUCE GASTRIC MOTILITY, INCLUDING USE THROUGH PARENTERAL ADMINISTRATION"
"U-642","TREATMENT AND PREVENTION OF OSTEOPOROSIS"
"U-643","THE SHORT TERM TREATMENT (UP TO 10 DAYS) IN PTS HAVING GASTROESOPHAGEAL REFLUX DISEASE (GERD) AS AN ALTERNATIVE TO ORAL THERAPY IN PTS WHEN THERAPY WITH NEXIUM CAPSULES IS NOT POSSIBLE OR APPROPRIATE"
"U-644","TREATMENT OF SEASONAL ALLERGIC RHINITIS"
"U-645","TREATMENT OF ASTHMA"
"U-646","METHOD OF TREATING OTITIS"
"U-647","TREATMENT OF OSTEOPOROSIS IN POST MENOPAUSAL WOMEN AND/OR THE TREATMENT TO INCREASE BONE MASS IN MEN WITH OSTEOPOROSIS"
"U-648","THE TREATMENT OF OSTEOPOROSIS IN POSTMENOPAUSAL WOMEN AND/OR THE TREATMENT TO INCREASE BONE MASS IN MEN"
"U-649","A METHOD FOR TREATING A TUMOR DISEASE"
"U-650","TREATMENT OF ESOPHAGEAL CANDIDIASIS AND PROPHYLAXIS OF CANDIDA INFECTIONS IN HSCT PATIENTS"
"U-651","TREATMENT OF ACUTE PROMYELOCYTIC LEUKEMIA (APL)"
"U-652","TREATMENT OF CARDIAC ARRHYTHMIA"
"U-653","STIMULATING INSULIN RELEASE BY ADMINISTERING EXENATIDE"
"U-654","LOWERING PLASMA GLUCAGON IN A SUBJECT IN NEED THEREOF, INCLUDING ONE WITH TYPE 2 DIABETES, BY ADMINISTERING AN EXENDIN OR ANALOG, SUCH AS EXENDIN-4"
"U-655","TREATMENT OF MILD TO MODERATE ACTIVE CHROHN'S DISEASE INVOLVING THE ILEUM AND/OR THE ASCENDING COLON AND THE MAINTENANCE OF CLINICAL REMISSION OF MILD TO MODERATE CROHN'S DISEASE INVOLVING THE ILEUM AND/OR ASCENDING COLON FOR UP TO 3 MONTHS"
"U-656","REDUCING GASTRIC MOTILITY OR DELAYING GASTRIC EMPTYING BY ADMINISTERING AN EXENDIN, SUCH AS EXENDIN-4"
"U-657","PREVENTION OF OSTEOPOROSIS IN POSTMENOPAUSAL WOMEN"
"U-658","TREATMENT OF ADVANCED HORMONE-DEPENDENT BREAST CANCER"
"U-659","TREATMENT OF LOCALLY ADVANCED OR METASTATIC NON SMALL-CELL LUNG CANCER (NSCLC) AFTER FAILURE OF AT LEAST ONE PRIOR CHEMOTHERAPY REGIMEN"
"U-660","TREATMENT OF HYPERTENSION AND TREATMENT OF HEART FAILURE"
"U-661","TREATMENT OF SEIZURE DISORDER"
"U-662","TREATMENT OF OSTEOPOROSIS IN POSTMENOPAUSAL WOMEN"
"U-663","THE TREATMENT OF UNCOMPLICATED URINARY TRACT INFECTIONS"
"U-664","TREATMENT OF CONDITIONS FOR WHICH AN ALDOSTERONE RECEPTOR BLOCKER IS INDICATED, SUCH AS HYPERTENSION, HEART FAILURE, AND POST-MYOCARDIAL INFARCTION"
"U-665","METHOD OF USING THE DRUG SUBSTANCE/DRUG PRODUCT FOR ULTRASOUND IMAGING"
"U-666","METHOD OF TREATING ADHD"
"U-667","MANAGEMENT OF INCONTINENCE; METHOD FOR TREATING INCONTINENCE"
"U-668","LEVEMIR IS A LONG-ACTING BASAL INSULIN ANALOG THAT IS INDICATED IN THE TREATMENT OF PATIENTS WITH DIABETES MELLITUS"
"U-669","INDICATION OF TYPE II DIABETES"
"U-670","TREATMENT OF HIV-1 INFECTION BY THE CO-ADMINISTRATION OF TIPRANAVIR AND RITONAVIR."
"U-671","PREVENTION AND TREATMENT OF SECONDARY HYPERPARATHYROIDISM ASSOCIATED WITH CHRONIC KIDNEY DISEASE (CKD) STAGE 3 AND 4"
"U-672","TREATMENT OF INFLAMMATION OR AN INFLAMMATION-ASSOCIATED DISORDER"
"U-673","METHOD OF TREATMENT WITH ONCE-DAILY DOSES OF 625MG/5ML"
"U-674","METHOD OF TREATING INSOMNIA CHARACTERIZED BY DIFFICULTY WITH SLEEP ONSET"
"U-675","PROPHYLAXIS AND CHRONIC TREATMENT OF ASTHMA; RELIEF OF SYMPTOMS OF ALLERGIC RHINITIS"
"U-676","METHOD OF TREATING ATTENTION DEFICIT DISORDER USING ORAL ADMINISTRATION OF A BI-MODAL OR PULSATILE RELEASE COMPOSITION"
"U-677","A METHOD OF TREATING DISEASE AMENABLE TO TREATMENT WITH A PHENIDATE DRUG BY ONCE DAILY ORAL ADMINISTRATION OF AN EXTENDED RELEASE DOSAGE FORM"
"U-678","METHOD OF TREATING ATTENTION DEFICIT DISORDER AND/OR ATTENTION DEFICIT HYPERACTIVITY DISORDER"
"U-679","ADJUNCT TO DIET AND EXERCISE TO IMPROVE GLYCEMIC CONTROL IN PATIENTS WITH TYPE 2 DIABETES WHO ARE ALREADY TREATED WITH A PIOGLITAZONE AND METFORMIN"
"U-680","A METHOD OF TREATING DYSLIPIDEMIA AND DYSLIPOPROTEINEMIA USING A DOSAGE FORM THAT CAN PROVIDE AN EFFECTIVE AMOUNT OF FENOFIBRATE TO A PATIENT IN A FASTED STATE WHICH IS AT LEAST 90% OF THE AUC AMOUNT PROVIDED BY THE DOSAGE FORM"
"U-681","TREATMENT OF PRIMARY IGF-1 DEFICIENCY"
"U-682","NON-BENZODIAZEPINE HYPNOTIC AGENT INDICATED FOR TREATMENT OF INSOMNIA, CHARACTERIZED BY DIFFICULTIES WITH SLEEP ONSET AND/OR SLEEP MAINTENANCE"
"U-683","PREVENTION OR TREATMENT OF ISCHEMIC HEART DISEASE"
"U-684","TREATMENT OF UNCOMPLICATED SKIN MANIFESTATIONS OF CHRONIC IDIOPATHIC URTICARIA IN ADULTS AND CHILDREN 6 YEARS OF AGE AND OLDER"
"U-685","EXPECTORANT AND COUGH SUPPRESSANT"
"U-686","EXPECTORANT AND NASAL DECONGESTANT"
"U-687","REDUCING FOOD INTAKE IN A SUBJECT WITH TYPE 2 DIABETES BY ADMINISTERING AN EXENDIN, SUCH AS  EXENDIN-4"
"U-688","TREATMENT OF HIV-INFECTION IN COMBINATION WITH OTHER ANTIRETROVIRAL AGENTS"
"U-689","TREATMENT OF PATIENTS WITH T-CELL ACUTE LYMPHOBLASTIC LEUKEMIA WHOSE DISEASE HAS NOT RESPONDED TO OR HAS RELAPSED FOLLOWING TREATMENT WITH AT LEAST TWO CHEMOTHERAPY REGIMENS"
"U-690","TO IMPROVE GLYCEMIC CONTROL IN PATIENTS WITH TYPE 2 DIABETES MELLITUS"
"U-691","USE AS A MONOTHERAPY, IN COMBINATION WITH A SULFONYLUREA, METFORMIN OR INSULIN OR IN COMBINATION WITH A SULFONYLUREA PLUS METFORMIN TO IMPROVE GLYCEMIC CONTROL IN PATIENTS WITH TYPE 2 DIABETES MELLITUS"
"U-692","USE OF VALSARTAN TO REDUCE CARDIOVASCULAR MORTALITY IN CLINICALLY STABLE PATIENTS WITH LEFT VENTRICULAR FAILURE OR LEFT VENTRICULAR DYSFUNCTION FOLLOWING MYOCARDIAL INFARCTION"
"U-693","THE RECOMMENDED INITIAL DOSE OF EQUETRO IS 400MG/DAY GIVEN IN DIVIDED DOSES, TWICE DAILY. THE DOSE SHOULD BE ADJUSTED IN 200MG DAILY INCREMENTS TO ACHIEVE OPTIMAL CLINICAL RESPONSE."
"U-694","LENALIDOMIDE IS AN ANALOGUE OF THALIDOMIDE. THALIDOMIDE IS A KNOWN HUMAN TERATOGEN THAT CAUSES SEVERE LIFE-THREATENING HUMAN BIRTH DEFECTS.  IF LENALIDOMIDE IS TAKEN DURING PREGNANCY, IT MAY CAUSE BIRTH DEFECTS OR DEATH TO AN UNBORN BABY."
"U-695","TREATMENT OF PATIENTS WITH T-CELL ACUTE LYMPHOBLASTIC LEUKEMIA AND T-CELL LYMPHOBLASTIC LYMPHOMA WHOSE DISEASE HAS NOT RESPONDED TO OR HAS RELAPSED FOLLOWING TREATMENT WITH AT LEAST TWO CHEMOTHERAPY REGIMENS"
"U-696","TREATMENT OF PATIENTS WITH T-CELL LYMPHOBLASTIC LYMPHOMA WHOSE DISEASE HAS NOT RESPONDED TO OR HAS RELAPSED FOLLOWING TREATMENT WITH AT LEAST TWO CHEMOTHERAPY REGIMENS"
"U-697","A METHOD OF USING RINFABATE RECOMBINANT (RHIGFBP-3) WITH MECASERMIN RECOMBINANT (RHIGF-1) TO PROMOTE LINEAR GROWTH IN THE TREATMENT OF PRIMARY IGF-1 DEFICIENCY"
"U-698","METHOD OF USING ANTAGONIST OF ARGININE VASOPRESSIN (AVA) V1A AND V2 RECEPTORS FOR INTRAVENOUS TREATMENT OF PATIENTS WITH EUVOLEMIC HYPONATREMIA"
"U-699","NASAL TREATMENT OF SEASONAL AND PERENNIAL ALLERGIC RHINITIS SYMPTOMS"
"U-700","TREATMENT AND PREVENTION OF OSTEOPOROSIS IN POSTMENOPAUSAL WOMEN"
"U-701","TREATMENT OF HYPERCHOLESTEROLEMIA AND/OR HYPERTRIGLYCERIDEMIA"
"U-702","TOPICAL AEROSOL HAIR REGROWTH TREATMENT"
"U-703","TREATMENT OF PROTEIN KINASE RELATED DISORDERS, SUCH AS GASTROINTESTINAL STROMAL TUMOR AND RENAL CELL CARCINOMA WITH SUNITINIB"
"U-704","METHOD OF ADMINISTERING INSULIN VIA INHALATION"
"U-705","TREATING CHRONIC ANGINA BY ADMINISTERING AN EXTENDED RELEASE FORM OF RANOLAZINE"
"U-706","TREATMENT OF BENIGN PROSTATIC HYPERPLASIA"
"U-707","ALLERGIC RHINITIS"
"U-708","TREATMENT OF CHRONIC NON-INFECTIOUS UVEITIS AFFECTING THE POSTERIOR SEGMENT OF THE EYE"
"U-709","METHOD OF COMBATING BACTERIA IN A PATIENT"
"U-710","A METHOD OF TREATING RESPIRATORY DISORDERS, E.G., ASTHMA, WHICH COMPRISES ADMINISTRATION BY INHALATION OF AN EFFECTIVE AMOUNT OF A PHARMACEUTICAL FORMULATION AS CLAIMED IN US PATENT NO. 5658549"
"U-711","ACUTE AND LONGER-TERM TREATMENT OF MAJOR DEPRESSIVE DISORDER"
"U-712","A METHOD OF USING A NICOTINIC ACID FORMULATION TO REDUCE ELEVATED TC, LDL-C AND TG LEVELS, AND RAISE HDL-C LEVELS IN PATIENTS WITH HYPERLIPIDEMIA"
"U-713","TREATMENT OF MILD TO MODERATE DEMENTIA OF THE ALZHEIMER'S TYPE"
"U-714","TOPICAL TREATMENT OF INTERDIGITAL TINEA PEDIS AND TINEA CORPORIS DUE TO TRICHOPHYTON RUBRUM, TRICHOPHYTON MENTAGROPHYTES OR EPIDERMOPHYTON FLOCCOSUM"
"U-715","FOR CLEANSING THE BOWEL IN PREPARATION FOR COLONOSCOPY, IN ADULTS 18 YEARS OF AGE OR OLDER"
"U-716","THE TREATMENT OR PREVENTION OF BRONCHOSPASM IN ADULTS AND CHILDREN 4 YEARS OF AGE AND OLDER WITH REVERSIBLE OBSTRUCTIVE AIRWAYS DISEASE AND THE PREVENTION OF EXERCISED-INDUCED BRONCHOSPASM IN PATIENTS 4 YEARS OF AGE AND OLDER"
"U-717","METHOD OF RELIEVING OR PREVENTING CONSTIPATION IN A HUMAN CONSTIPATED PATIENT"
"U-718","TREATMENT OF FUNGAL INFECTIONS"
"U-719","TREATMENT OF PSYCHOSIS"
"U-720","TREATMENT OF NEUROLEPTIC DISEASES"
"U-721","TREATMENT OF INFLUENZA"
"U-722","PROPHYLAXIS OF INFLUENZA"
"U-723","PROPHYLACTIC TREATMENT OF MIGRAINE"
"U-724","METHOD OF TREATING SEIZURES"
"U-725","ALLERGIC RHINITIS AND URTICARIA"
"U-726","ALLERGIC RHINITIS"
"U-727","FOR THE TREATMENT OF ATTENTION DEFICIT HYPERACTIVITY DISORDER (ADHD)"
"U-728","METHOD FOR TREATING BACTERIAL INFECTION"
"U-729","TREATMENT OF GASTROESOPHAGEAL REFLUX DISEASE (GERD), RISK-REDUCTION OF NSAID-ASSOCIATED GASTRIC ULCER, H. PYLORI ERADICATION TO REDUCE THE RISK OF DUODENAL ULCER RECURRENCE"
"U-730","USE AS A NASAL SPRAY FOR TREATMENT OF THE SYMPTOMS OF SEASONAL ALLERGIC RHINITIS AND VASOMOTOR RHINITIS"
"U-731","USE IN COMBINATION WITH DEXAMETHASONE IS INDICATED FOR THE TREATMENT OF PATIENTS WITH NEWLY DIAGNOSED MULTIPLE MYELOMA"
"U-732","ACUTE TREATMENT OF THE CUTANEOUS MANIFESTATIONS OF MODERATE TO SEVERE ERYTHEMA NODOSUM LEPROSUM (ENL)"
"U-733","MAINTENANCE THERAPY FOR PREVENTION AND SUPPRESSION OF THE CUTANEOUS MANIFESTATIONS OF ENL RECURRENCE"
"U-734","FIRST LINE THERAPY FOR TYPE 2 DIABETES MELLITUS"
"U-735","METHOD OF TREATING CHRONIC IRON OVERLOAD"
"U-736","METHOD FOR IONTOPHORETIC TRANSDERMAL DELIVERY OF FENTANYL HYDROCHLORIDE"
"U-737","DISINFECTION OF PATIENT SKIN PRIOR TO AN INVASIVE PROCEDURE"
"U-738","INDICATED FOR THE LONG-TERM, TWICE-DAILY MAINTENANCE TREATMENT OF ASTHMA IN PATIENTS 12 YEARS OF AGE OR OLDER"
"U-739","METHOD FOR TREATING CONSTIPATION BY OPENING CIC CHANNELS IN A MAMMALIAN SUBJECT"
"U-740","FOR THE TREATMENT OF PATIENTS WITH PRIMARY BILIARY CIRRHOSIS"
"U-741","COMBINATION THERAPY WITH CISPLATIN FOR THE TREATMENT OF LATE STAGE CERVICAL CANCER"
"U-742","TWICE DAILY TOPICAL TREATMENT OF MODERATE TO SEVERE PLAQUE PSORIASIS."
"U-743","ONCE A DAY TOPICAL TREATMENT OF THE INFLAMMATORY LESIONS OF ROSACEA"
"U-744","TREATMENT OF HIV INFECTION IN ANTIRETROVIRAL TREATMENT-EXPERIENCED ADULT PATIENTS"
"U-745","TREATMENT OR PREVENTION OF EMESIS"
"U-746","PREVENTION OR TREATMENT OF NAUSEA OR EMESIS INDUCED BY A CANCER CHEMOTHERAPEUTIC AGENT"
"U-747","PREVENTION OR TREATMENT OF POST-OPERATIVE NAUSEA AND VOMITING"
"U-748","A METHOD FOR THE TREATMENT OF A PROTEIN TYROSINE KINASE-ASSOCIATED DISORDER"
"U-749","METHOD OF CONTRACEPTION"
"U-750","TREATMENT OF HIV-1 INFECTION IN ADULTS"
"U-751","ONCE DAILY DOSING OF BUDESONIDE VIA NEBULIZER FOR THE TREATMENT OF ASTHMA"
"U-752","SUNSCREEN"
"U-753","AS AN ADJUNCT TO DIET AND EXERCISE TO IMPROVE GLYCEMIC CONTROL IN PATIENTS WITH TYPE 2 DIABETES"
"U-754","USE FOR THE LONG-TERM MAINTENANCE TREATMENT OF ASTHMA"
"U-755","TREATMENT OF ANOREXIA, CACHEXIA, OR AN UNEXPLAINED, SIGNIFICANT WEIGHT LOSS IN PATIENTS WITH A DIAGNOSIS OF ACQUIRED IMMUNODEFICIENCY SYNDROME (AIDS)"
"U-756","ADDITION OF ONCE-WEEKLY DOSING FOR THE TREATMENT TO INCREASE BONE MASS IN MEN WITH OSTEOPOROSIS"
"U-757","USE AS A BILE ACID SEQUESTRANT FOR LOWERING CHOLESTEROL"
"U-758","TREATMENT OF SYMPTOMS OF PREMENSTRUAL DYSPHORIC DISORDER"
"U-759","METHOD OF USE OF ADMINISTERING LEVOTHYROXINE"
"U-760","PROPHYLAXIS OF INVASIVE ASPERGILLUS AND CANDIDA INFECTIONS AND TREATMENT OF OROPHARYNGEAL CANDIDIASIS"
"U-761","TREATMENT OF SCHIZOPHRENIA INCLUDING MAINTAINING STABILITY IN PATIENTS WITH SCHIZOPHRENIA"
"U-762","TREATMENT OF CHRONIC OBSTRUCTIVE PULMONARY DISEASE"
"U-763","ADMINISTRATION OF ARIPIPRAZOLE BY INJECTION"
"U-764","TREATMENT OF SCHIZOPHRENIA"
"U-765","METHOD OF TREATING ALLERGIC CONJUNCTIVITIS"
"U-766","TREATMENT OF SEIZURES"
"U-767","MANAGEMENT OF BREAKTHROUGH PAIN IN PATIENTS WITH CANCER"
"U-768","A METHOD OF REDUCING THE CAPACITY OF EXTENDED RELEASE NICOTINIC ACID TO PROVOKE A FLUSHING REACTION BY PRETREATING AN INDIVIDUAL WITH A FLUSH INHIBITING AGENT PRIOR TO THE ADMINISTRATION OF THE EXTENDED RELEASE NICOTINIC ACID"
"U-769","REVLIMID (LENALIDOMIDE) IN COMBINATION WITH DEXAMETHASONE IS INDICATED FOR THE TREATMENT OF MULTIPLE MYELOMA PATIENTS WHO HAVE RECEIVED AT LEAST ONE PRIOR THERAPY"
"U-770","LONG-TERM TREATMENT OF PATHOLOGICAL HYPERSECRETORY CONDITIONS"
"U-771","METHOD FOR THE TREATMENT OF DIABETES MELLITUS, SUCH AS TYPE 1 DIABETES MELLITUS OR TYPE 2 DIABETES MELLITUS, IN A HUMAN PATIENT"
"U-772","RELIEF OF SYMPTOMS ASSOCIATED WITH SEASONAL ALLERGIC RHINITIS IN CHILDREN 2 TO 11 YEARS AND FOR THE RELIEF OF SYMPTOMS ASSOCIATED WITH UNCOMPLICATED SKIN MANIFESTATIONS OF CHRONIC IDIOPATHIC URTICARIA IN CHILDREN 6 MONTHS TO 11 YEARS"
"U-773","PATHOLOGICAL HYPERSECRETORY CONDITIONS"
"U-774","METHOD OF TREATING TYPE 2 DIABETES MELLITUS BY ADMINISTERING A DIPEPTIDYL PEPTIDASE-IV INHIBITOR"
"U-775","METHOD OF TREATING TYPE 2 DIABETES MELLITUS BY ADMINISTERING A DIPEPTIDYL PEPTIDASE-IV INHIBITOR IN COMBINATION WITH METFORMIN AND/OR A SULFONYLUREA"
"U-776","TREATMENT OF CUTANEOUS MANIFESTATION IN PATIENTS WITH CUTANEOUS T-CELL LYMPHOMA (CTCL) WHO HAVE PROGRESSIVE, PERSISTENT OR RECURRENT DISEASE ON OR FOLLOWING TWO SYSTEMIC THERAPIES."
"U-777","DECREASING MORTALITY CAUSED BY CONGESTIVE HEART FAILURE"
"U-778","REDUCTION OF ELEVATED INTRAOCULAR PRESSURE IN PATIENTS WITH OPEN ANGLE GLAUCOMA OR OCULAR HYPERTENSION"
"U-779","A METHOD FOR TREATMENT OF A CANCER, WHEREIN THE CANCER IS CHRONIC MYELOGENOUS LEUKEMIA"
"U-780","A METHOD FOR THE TREATMENT OF CANCER"
"U-781","FOR TREATMENT OF ADULT PATIENTS WITH TYPE 2 DIABETES MELLITUS WHO ARE NAIVE TO PHARMACOLOGIC THERAPY"
"U-782","TREATMENT OF CHRONIC HEPATITIS B IN ADULT PATIENTS WITH EVIDENCE OF VIRAL REPLICATION AND EITHER EVIDENCE OF PERSISTENT ELEVATIONS IN SERUM AMINOTRANSFERASES (ALT OR AST) OR HISTOLOGICALLY ACTIVE DISEASE"
"U-783","DESONATE GEL IS INDICATED FOR THE TREATMENT OF MILD TO MODERATE ATOPIC DERMATITIS IN PATIENTS 3 MONTHS OF AGE AND OLDER"
"U-784","TREATMENT OF MODERATE TO SEVERE PRIMARY RESTLESS LEGS SYNDROME (RLS)"
"U-785","USE AS REPLACEMENT SOLUTION, HEMOFILTRATION SOLUTION OR HEMODIAFILTRATION SOLUTION IN CONTINUOUS RENAL REPLACEMENT THERAPY"
"U-786","PRODUCT IS APPROVED FOR THE TOPICAL TREATMENT OF TINEA PEDIS"
"U-787","MAINTENANCE TREATMENT OF ASTHMA AS PROPHYLACTIC THERAPY IN ADULT AND PEDIATRIC PATIENTS SIX YEARS OF AGE OR OLDER, INCLUDING PATIENTS REQUIRING ORAL CORTICOSTEROID THERAPY FOR ASTHMA"
"U-788","METHOD OF TREATING PSYCHIATRIC SYMPTOMS ASSOCIATED WITH PREMENSTRUAL DISORDERS USING PAROXETINE"
"U-789","TREATMENT OF KNOWN OR SUSPECTED CYANIDE POISONING"
"U-790","FORTEO IS INDICATED FOR THE TREATMENT OF POST MENOPAUSAL WOMEN WITH OSTEOPOROSIS WHO ARE AT RISK FOR FRACTURE. FORTEO CAN BE USED BY PEOPLE WHO HAVE HAD A FRACTURE RELATED TO OSTEOPOROSIS"
"U-791","GLEEVEC IS ALSO INDICATED FOR THE TREATMENT OF PATIENTS WITH KIT (CD117) POSITIVE UNRESECTABLE AND/OR METASTATIC MALIGNANT GASTROINTESTINAL STROMAL TUMORS (GIST)"
"U-792","TREATMENT OF SEBORRHEA DERMATITIS IN HUMANS"
"U-793","FOR THE LONG TERM TREATMENT, TWICE DAILY (MORNING AND EVENING) MAINTENANCE TREATMENT OF BRONCHOCONSTRICTION IN PATIENTS WITH CHRONIC OBSTRUCTIVE PULMONARY DISEASE (COPD), INCLUDING CHRONIC BRONCHITIS AND EMPHYSEMA"
"U-794","CLOSURE OF A CLINICALLY SIGNIFICANT PATENT DUCTUS ARTERIOSUS IN PREMATURE INFANTS WEIGHING BETWEEN 500 AND 1500G, WHO ARE NO MORE THAN 32 WEEKS GESTATIONAL AGE WHEN USUAL MEDICAL MANAGEMENT IS INEFFECTIVE"
"U-795","METHOD FOR INHIBITING NOREPINEPHRINE UPTAKE"
"U-796","METHOD OF TREATING DEPRESSION"
"U-797","METHOD OF TREATING ANXIETY"
"U-798","TREATMENT AND PREVENTION OF OSTEOPOROSIS IN POSTMENOPAUSAL WOMEN BY ONCE-MONTHLY ORAL ADMINISTRATION OF IBANDRONATE SODIUM MONOHYDRATE EQUIVALENT TO 150MG OF IBANDRONIC ACID"
"U-799","METHOD FOR INHIBITING SEROTONIN UPTAKE"
"U-800","TREATMENT OF PATIENTS WITH ADVANCED OR METASTATIC BREAST CANCER WHOSE TUMORS OVEREXPRESS HER2 AND WHO HAVE RECEIVED PRIOR THERAPY INCLUDING ANTHRACYCLINE, A TAXANE AND TRASTUZUMAB"
"U-801","METHOD OF TREATING CANCER"
"U-802","METHOD OF TREATING TYPE 2 DIABETES MELLITUS BY ADMINISTERING A DIPEPTIDYL PEPTIDASE-IV INHIBITOR"
"U-803","METHOD OF TREATING TYPE 2 DIABETES MELLITUS BY ADMINISTERING A DIPEPTIDYL PEPTIDASE-IV INHIBITOR IN COMBINATION WITH METFORMIN"
"U-804","TREATMENT OF ACTINIC KERATOSES BY PHOTODYNAMIC THERAPY"
"U-805","TREATMENT OF IMPETIGO DUE TO STAPHYLOCOCCUS AUREUS OR STREPTOCOCCUS PYOGENES"
"U-806","INTRATHECAL TREATMENT OF LYMPHOMATOUS MENINGITIS"
"U-807","PREVENTION OF EXERCISE-INDUCED BRONCHOCONSTRICTION"
"U-808","THE TREATMENT OF THE SYMPTOMS OF SEASONAL AND PERENNIAL ALLERGIC RHINITIS IN PATIENTS 2 YEARS OF AGE AND OLDER"
"U-809","TREATMENT OF CHRONIC IDIOPATHIC URTICARIA"
"U-810","METHOD OF TREATMENT TO ALLEVIATE INFLAMMATION OF THE EYE"
"U-811","RELIEF OF SYMPTOMS ASSOCIATED WITH SEASONAL AND PERENNIAL ALLERGIC RHINITIS AND TREATMENT OF THE UNCOMPLICATED SKIN MANIFESTATIONS OF CHRONIC IDIOPATHIC URTICARIA"
"U-812","RELIEF OF SYMPTOMS ASSOCIATED WITH SEASONAL AND PERENNIAL ALLERGIC RHINITIS"
"U-813","MAINTENANCE TREATMENT OF BRONCHOCONSTRICTION IN PATIENTS WITH CHRONIC OBSTRUCTIVE PULMONARY DISEASE (COPD)"
"U-814","TREATMENT OF SCHIZOPHRENIA"
"U-815","TREATS COLD SORES/FEVER BLISTERS ON THE FACE OR LIPS. SHORTENS HEALING TIME AND DURATION OF SYMPTOMS: TINGLING, PAIN, BURNING AND/OR ITCHING"
"U-816","DEPRESSION, PANIC DISORDER, PREMENSTRUAL DISORDERS AND SOCIAL ANXIETY DISORDER"
"U-817","NASAL ADMINISTRATION OF CYANOCOBALAMIN"
"U-818","TOPICAL TREATMENT OF ACNE VULGARIS"
"U-819","MANAGEMENT OF FIBROMYALGIA"
"U-820","IMPROVED WAKEFULNESS IN PATIENTS WITH EXCESSIVE SLEEPINESS ASSOCIATED WITH NARCOLEPSY, OBSTRUCTIVE SLEEP APNEA/HYPOPNEA SYNDROME, AND SHIFT WORK SLEEP DISORDER"
"U-821","METHOD OF INHIBITING ENTHOTHELIN RECEPTORS BY ADMINISTERING AMBRISENTAN TO A PATIENT TO TREAT PULMONARY ARTERIAL HYPERTENSION."
"U-822","USE IN LIPID MANAGEMENT"
"U-823","RELIEF OF SYMPTOMS ASSOCIATED WITH SEASONAL ALLERGIC RHINITIS AND FOR THE TREATMENT OF UNCOMPLICATED SKIN MANIFESTATIONS OF CHRONIC IDIOPATHIC URTICARIA IN CHILDREN 6 TO 11 YEARS OF AGE"
"U-824","METHOD OF TREATING PATIENTS INFECTED WITH CCR5-TROPIC HIV-1"
"U-825","USE FOR PREVENTION OF BREAST CANCER"
"U-826","RELIEF OF MODERATE TO SEVERE PAIN"
"U-827","USE FOR TREATMENT OF DIABETES, PARTICULARLY TYPE 2 DIABETES"
"U-828","PREVENTION OF PREGNANCY IN WOMEN WHO ELECT TO USE ORAL CONTRACEPTIVES AS A METHOD OF CONTRACEPTION"
"U-829","TREATMENT OF EXTRAVASATION RESULTING FROM IV ANTHRACYCLINE CHEMOTHERAPY"
"U-830","TREATMENT OF RELAPSED SMALL CELL LUNG CANCER"
"U-831","METHOD OF ADMINISTERING LANREOTIDE ACETATE"
"U-832","ZINGO IS INDICATED FOR THE USE ON INTACT SKIN TO PROVIDE LOCAL ANALGESIA PRIOR TO VENIPUNCTURE OR INTRAVENOUS CANNULATION."
"U-833","METHOD OF TREATING PAIN USING A PHARMACEUTICALLY ACCEPTABLE SALT OF ROPIVACAINE AND ADMINISTERING A COMPOSITION CONTAINING LESS THAN 0.25% BY WEIGHT OF ROPIVACAINE"
"U-834","INVIRASE IN COMBINATION WITH RITONAVIR AND OTHER ANTIRETROVIRAL AGENTS IS INDICATED FOR THE TREATMENT OF HIV INFECTION"
"U-835","RELIEF OF THE INFLAMMATORY AND PRURITIC MANIFESTATIONS OF ATOPIC DERMATITIS IN PATIENTS ONE YEAR OF AGE OR OLDER"
"U-836","A METHOD FOR THE TREATMENT OF LEUKEMIAS"
"U-837","GASTROINTESTINAL LAVAGE INDICATED FOR CLEANSING OF THE COLON AS A PREPARATION FOR COLONOSCOPY IN ADULTS"
"U-838","METHOD OF TREATING PAIN USING A PHARMACEUTICALLY ACCEPTABLE SALT OF ROPIVACAINE AND ADMINISTERING A COMPOSITION CONTAINING LESS THAN 0.5% BY WEIGHT OF ROPIVACAINE"
"U-839","TREATMENT OF MAJOR DEPRESSIVE DISORDER (MDD)"
"U-840","TREATMENT FOR TYPE 2 DIABETES MELLITUS"
"U-841","INDICATED FOR THE LONG-TERM, MAINTENANCE TREATMENT OF ASTHMA IN PATIENTS 12 YEARS OF AGE AND OLDER"
"U-842","INDICATED FOR THE TREATMENT OF ATTENTION-DEFICIT/HYPERACTIVITY DISORDER (ADHD)"
"U-843","METHOD FOR ADMINISTRATION OF TESTOSTERONE"
"U-844","PREFEST IS INDICATED IN WOMEN WHO HAVE A UTERUS FOR THE TREATMENT OF MODERATE TO SEVERE VASOMOTOR SYMPTOMS ASSOCIATED WITH MENOPAUSE; TREATMENT OF VULVAR AND VAGINAL ATROPHY; PREVENTION OF OSTEOPOROSIS"
"U-845","TREATMENT OF PATIENTS WITH CANDIDEMIA, ACUTE DISSEMINATED CANDIDIASIS, CANDIDA PERITONITIS AND ABSCESSES"
"U-846","USE FOR DELINEATION (VISUALIZATION) DURING A VITRECTOMY SURGICAL PROCEDURE"
"U-847","ADJUNCTIVE THERAPY TO DIET IN ADULTS TO REDUCE LDL-C, TRIGLYCERIDES AND APO B, AND INCREASE HDL-C IN PATIENTS WITH PRIMARY HYPERCHOLESTEROLEMIA OR MIXED DYSLIPIDEMIA (TYPES IIA, IIB) AND TO TREAT HYPERTRIGLYCERIDEMIA (TYPES IV, V)"
"U-848","ACUTE TREATMENT OF MIGRAINE WITH OR WITHOUT AURA"
"U-849","REDUCTION OF ELEVATED INTRAOCULAR PRESSURE (IOP) IN PATIENTS WITH GLAUCOMA OR OCULAR HYPERTENSION WHO REQUIRE ADJUNCTIVE OR REPLACEMENT THERAPY DUE TO INADEQUATELY CONTROLLED IOP. DOSE IS ONE DROP OF COMBIGAN IN THE AFFECTED EYE TWICE DAILY"
"U-850","PREVENTION OR TREATMENT OF NAUSEA OR EMESIS INDUCED BY A CANCER CHEMOTHERAPEUTIC AGENT"
"U-851","TREATMENT OF TYPE 2 DIABETES MELLITUS"
"U-852","RELIEF OF SYMPTOMS ASSOCIATED WITH SEASONAL AND PERENNIAL ALLERGIC RHINITIS"
"U-853","TREATMENT OR PREVENTION OF EMESIS"
"U-854","PREVENTION OF CMV DISEASE IN KIDNEY, HEART, AND KIDNEY-PANCREAS TRANSPLANT PATIENTS AT HIGH RISK (DONOR CMV SEROPOSITIVE/RECIPIENT CMV SERONEGATIVE)"
"U-855","METHOD TO INDUCE NATRIURESIS, DIURESIS AND/OR VASODILATION"
"U-856","SUPPORT EMBRYO IMPLANTATION AND EARLY PREGNANCY BY SUPPLEMENTATION OF CORPUS LUTEAL FUNCTION AS PART OF AN ASSISTED REPRODUCTIVE TECHNOLOGY (ART) TREATMENT PROGRAM FOR INFERTILE WOMEN"
"U-857","INHIBITION OF TRANSPLANT REJECTION"
"U-858","PEDIATRIC USE AGED 1-11 YEARS, GERD AND EROSIVE ESOPHAGITIS"
"U-859","EROSIVE ESOPHAGITIS, HYPERSECRETORY CONDITIONS INCLUDING ZOLLINGER-ELLISON SYNDROME, MAINTENANCE OF HEALING OF EROSIVE ESOPHAGITIS AND REDUCTION OF SYMPTOMS IN PATIENTS WITH GERD"
"U-860","FOR THE APPROVED USES AND CONDITIONS OF USE, INCLUDING DEPRESSION"
"U-861","RELIEF OF THE INFLAMMATORY AND PRURITIC MANIFESTATIONS OF CORTICOSTEROID RESPONSIVE DERMATOSES IN PATIENTS 12 YEARS OF AGE OR OLDER"
"U-862","ADJUNCT TO DIET TO REDUCE ELEVATED TOTAL-C, LDL-C, NON-HDL-C, APO B, TG, AND LP(A) LEVELS AND TO INCREASE HDL-C IN PATIENTS WITH PRIMARY HYPERCHOLESTEROLEMIA, MIXED DYSLIPIDEMIA, AND HYPERTRIGLYCERIDEMIA"
"U-863","TAKING ASPIRIN OR NON-STEROIDAL ANTI-INFLAMMATORY MEDICATIONS APPROXIMATELY 30 MINUTES BEFORE DOSING CAN MINIMIZE FLUSHING, A COMMON SIDE EFFECT OF NIACIN THERAPY"
"U-864","PEDIATRIC USE AGES 1-2 YEARS, GERD AND EROSIVE ESOPHAGITIS"
"U-865","TREATMENT OF A WOMAN WITH OSTEOPOROSIS AND A HIGH RISK FOR BONE FRACTURE BY REDUCING THE RISK OF VERTEBRAL AND NONVERTEBRAL BONE FRACTURE"
"U-866","THE LABEL REFERENCES THE EFFECTS OF THE ACTIVE INGREDIENT OF REVLIMID UPON CYTOKINES"
"U-867","TREATMENT OF MIGRAINE"
"U-868","METHOD OF USING ANTAGONIST OF ARGININE VASOPRESSIN (AVA) V1A AND V2 RECEPTORS FOR INTRAVENOUS TREATMENT OF PATIENTS WITH HYPERVOLEMIC HYPONATREMIA"
"U-869","METHOD FOR STIMULATING CORONARY VASODILATION FOR PURPOSES OF IMAGING THE HEART"
"U-870","METHOD OF PRODUCING CORONARY VASODILATION WITHOUT PERIPHERAL VASODILATION"
"U-871","METHOD OF REDUCING RISK OF MYOCARDIAL INFARCTION, STROKE AND DEATH"
"U-872","TWICE DAILY MAINTENANCE TREATMENT OF AIRFLOW OBSTRUCTION IN PATIENTS WITH CHRONIC OBSTRUCTIVE PULMONARY DISEASE (COPD), INCLUDING CHRONIC BRONCHITIS AND EMPHYSEMA. TO REDUCE EXACERBATIONS OF COPD IN PATIENTS WITH A HISTORY OF EXACERBATIONS"
"U-873","METHOD OF TREATING CONSTIPATION IN A PATIENT WITH IRRITABLE BOWEL SYNDROME BY OPENING CHLORIDE CHANNELS (CIC)"
"U-874","METHOD OF TREATING CONSTIPATION IN A PATIENT WITH IRRITABLE BOWEL SYNDROME"
"U-875","FIRST-LINE TREATMENT OF LOCALLY ADVANCED UNRESECTABLE OR METASTATIC PANCREATIC CANCER, IN COMBINATION WITH GEMCITABINE"
"U-876","TREATMENT OF MIGRAINE WITH OR WITHOUT AURA"
"U-877","FOR USE AS ADJUNCTIVE THERAPY IN THE TREATMENT OF PEPTIC ULCER"
"U-878","A METHOD FOR BINDING A PERIPHERAL OPIOID RECEPTOR"
"U-879","A METHOD OF TREATING OR PREVENTING ILEUS"
"U-880","ENDOMETRIN IS A PROGESTERONE INDICATED TO SUPPORT EMBRYO IMPLANTATION AND EARLY PREGNANCY BY SUPPLEMENTATION OF CORPUS LUTEAL FUNCTION AS PART OF AN ASSISTED REPRODUCTIVE TECHNOLOGY (ART) TREATMENT PROGRAM FOR INFERTILE WOMEN"
"U-881","TREATMENT OF NON-SMALL CELL LUNG CANCER"
"U-882","MANAGEMENT OF FIBROMYALGIA (FM)"
"U-883","TREATMENT OF GASTROINTESTINAL STROMAL TUMOR WITH SUNITINIB"
"U-884","TREATMENT OF PATIENTS WITH MULTIPLE MYELOMA"
"U-885","TREATMENT OF PATIENTS WITH MANTLE CELL LYMPHOMA WHO HAVE RECEIVED AT LEAST 1 PRIOR THERAPY"
"U-886","ADMINISTERING DESLORATADINE TO TREAT THE SYMPTOMS OF PERENNIAL ALLERGIC RHINITIS, SEASONAL ALLERGIC RHINITIS, OR CHRONIC IDIOPATHIC URTICARIA"
"U-887","TREATMENT AND PREVENTION OF OSTEOPOROSIS"
"U-888","FEMALE HORMONE REPLACEMENT THERAPY FOR POSTMENOPAUSAL WOMEN"
"U-889","MENOPAUSAL AND POSTMENOPAUSAL DISORDERS (INCLUDING VASOMOTOR SYMPTOMS ASSOCIATED WITH MENOPAUSE)"
"U-890","REDUCTION OF SERUM PHOSPHATE IN PATIENTS WITH END STAGE RENAL DISEASE"
"U-891","USE AS AN INTRAOCULAR IRRIGATING SOLUTION DURING SURGICAL PROCEDURES INVOLVING PERFUSION OF THE EYE"
"U-892","TREATMENT OF CUTANEOUS MANIFESTATIONS IN PATIENTS WITH CUTANEOUS T-CELL LYMPHOMA (CTCL)"
"U-893","CLEVIPREX IS A DIHYDROPYRIDINE CALCIUM CHANNEL BLOCKER INDICATED FOR THE REDUCTION OF BLOOD PRESSURE WHEN ORAL THERAPY IS NOT FEASIBLE OR NOT DESIRABLE"
"U-894","TREATMENT OF COLD SORES IN PEDIATRIC PATIENTS TWELVE YEARS OF AGE AND OLDER"
"U-895","TREATMENT OF HIV INFECTION IN COMBINATION WITH OTHER ANTIRETROVIRAL AGENTS"
"U-896","TREATMENT OF NASAL SYMPTOMS OF SEASONAL AND PERENNIAL ALLERGIC RHINITIS IN ADULTS AND CHILDREN TWO YEARS OF AGE AND OLDER"
"U-897","METHOD OF TREATING TONSILLITIS AND/OR PHARYNGITIS SECONDARY TO STREPTOCOCCUS PYOGENES IN A ONCE-A-DAY AMOXICILLIN PRODUCT"
"U-898","USE OF GLUTAMINE TOGETHER WITH GROWTH HORMONE FOR THE TREATMENT OF PATIENTS WITH SHORT BOWEL SYNDROME"
"U-899","USE OF THALIDOMIDE IN COMBINATION WITH DEXAMETHASONE FOR THE TREATMENT OF PATIENTS WITH NEWLY DIAGNOSED MULTIPLE MYELOMA"
"U-900","INTEGRASE INHIBITION FOR THE TREATMENT OF HIV INFECTION"
"U-901","PREVENTION OF POSTOPERATIVE NAUSEA AND VOMITING"
"U-902","USE IN THE TREATMENT OF THE SIGNS AND SYMPTOMS OF BENIGN PROSTATIC HYPERPLASIA (BPH)"
"U-903","TREATMENT OF HUMAN IMMUNODEFICIENCY VIRUS (HIV) IN ADULT PATIENTS"
"U-904","TREATMENT OF MODERATE TO SEVERE VASOMOTOR SYMPTOMS ASSOCIATED WITH MENOPAUSE"
"U-905","TREATMENT OF MODERATE TO SEVERE VAGINAL DRYNESS AND PAIN WITH INTERCOURSE, SYMPTOMS OF VULVAR AND VAGINAL ATROPHY, ASSOCIATED WITH MENOPAUSE"
"U-906","PROPHYLAXIS OF ORGAN REJECTION IN KIDNEY, LIVER AND HEART ALLOGENIC TRANSPLANTS; TREATMENT OF PATIENTS WITH SEVERE ACTIVE, RHEUMATOID ARTHRITIS; TREATMENT OF ADULT, NONIMMUNOCOMPROMISED PATIENTS WITH SEVERE, RECALCITRANT, PLAQUE PSORIASIS"
"U-907","FOR THE MAINTENANCE OF REMISSION OF ULCERATIVE COLITIS IN SUBJECTS 18 YEARS OF AGE AND OLDER"
"U-908","PROPHYLAXIS OF ORGAN REJECTION IN PATIENTS RECEIVING ALLOGENEIC RENAL TRANSPLANTS"
"U-909","TREATMENT OF CYSTIC FIBROSIS PATIENTS WITH PSEUDOMONAS AERUGINOSA"
"U-910","TREATMENT OF METASTATIC CARCINOMA OF THE OVARY AFTER FAILURE OF INITIAL OR SUBSEQUENT CHEMOTHERAPY"
"U-911","METHOD OF TREATING, AS ADJUNCTIVE THERAPY, PARTIAL-ONSET SEIZURES IN A PATIENT WITH EPILEPSY AGED 17 YEARS AND OLDER WHEN ORAL TREATMENT IS TEMPORARILY NOT FEASIBLE"
"U-912","SEDATION OF NON-INTUBATED PATIENTS PRIOR TO AND/OR DURING SURGICAL AND OTHER PROCEDURES"
"U-913","TREATMENT OF OVERACTIVE BLADDER WITH SYMPTOMS OF URGE URINARY INCONTINENCE, URGENCY, AND FREQUENCY"
"U-914","METHOD OF TREATING, AS ADJUNCTIVE THERAPY, PARTIAL-ONSET SEIZURES IN A PATIENT WITH EPILEPSY AGED 17 YEARS AND OLDER"
"U-915","TREATMENT OF MUSCULOSKELETAL CONDITIONS"
"U-916","TOPICAL TREATMENT OF ACNE VULGARIS IN PATIENTS 12 YEARS OR OLDER"
"U-917","TREATMENT OF INFLAMMATORY LESIONS OF NON-NODULAR MODERATE TO SEVERE ACNE VULGARIS"
"U-918","TO TREAT OR PREVENT INFECTIONS CAUSED BY SUSCEPTIBLE BACTERIA USING DELAYED-RELEASE TABLETS CONSISTING OF DOXYCYCLINE HYCLATE COATED PELLETS IN A TABLET"
"U-919","FOR THE TREATMENT OF DERMATITIS"
"U-920","STEROID-RESPONSIVE INFLAMMATORY OCULAR CONDITIONS FOR WHICH A CORTICOSTEROID IS INDICATED AND WHERE SUPERFICIAL BACTERIAL OCULAR INFECTION OR A RISK OF BACTERIAL OCULAR INFECTION EXISTS"
"U-921","TREATMENT OF ACNE VULGARIS"
"U-922","FOR THE TREATMENT OF FUNGAL INFECTIONS"
"U-923","METHOD OF TREATING OPHTHALMIC INFLAMMATION AND INFECTION"
"U-924","TREATMENT OF MILD TO MODERATE INFECTION CAUSED BY SUSCEPTIBLE STRAINS"
"U-925","TREATMENT OF ONLY INFLAMMATORY LESIONS (PAPULES AND PUSTULES) OF ROSACEA"
"U-926","MGT SPECIFIC BACTERIAL INFECTIONS. TREATMENT PTS W/ COMMUNITY ACQUIRED PNEUMONIA OR BACTERIAL SINUSITIS DUE TO CONFIRMED, OR SUSPECTED B-LACTAMASE PRODUCING PATHOGENS & S. PNEUMONIAE WITH REDUCED SUSCEPTIBILITY TO PENICILLIN (MIC=2MC/ML)"
"U-927","METHOD FOR INCREASING TEAR PRODUCTION"
"U-928","TREATMENT OF BACTERIAL INFECTIOUS DISEASE"
"U-929","TREATMENT OF OBSESSIVE COMPULSIVE DISORDER TREATABLE WITH AN SSRI"
"U-930","TREATMENT OF IDIOPATHIC THROMBOCYTOPENIC PURPURA (ITP)"
"U-931","RELIEF OF MODERATE TO SEVERE ACUTE PAIN"
"U-932","PYLERA CAPSULES, IN COMBINATION WITH OMEPRAZOLE ARE INDICATED FOR THE TREATMENT OF PATIENTS WITH HELICOBACTER PYLORI INFECTION AND DUODENAL ULCER DISEASE TO ERADICATE H. PYLORI"
"U-933","FOR THE TREATMENT OF PATIENTS WITH HELICOBACTER PYLORI INFECTION AND DUODENAL ULCER DISEASE TO ERADICATE H. PYLORI. THE ERADICATION OF HELICOBACTER PYLORI HAS BEEN SHOWN TO REDUCE THE RISK OF DUODENAL ULCER RECURRENCE"
"U-934","IN COMBINATION WITH GRANULOCYTE-COLONY STIMULATING FACTOR (G-CSF) TO MOBILIZE HEMATOPOIETIC STEM CELL TO THE PERIPHERAL BLOOD FOR COLLECTION AND SUBSEQUENT AUTOLOGOUS TRANSPLANTATION WITH  NON-HODGKINS LYMPHOMA AND MULTIPLE MYELOMA"
"U-935","TREATMENT OF HUMAN IMMUNODEFICIENCY VIRUS (HIV) INFECTION IN ADULT PATIENTS, AND TREATMENT OF HUMAN IMMUNODEFICIENCY VIRUS (HIV) IN PEDIATRIC PATIENTS 6 YEARS OF AGE AND OLDER"
"U-936","USE IN COMBINATION WITH GRANULOCYTE-COLONY STIMULATING FACTOR (G-CSF) TO MOBILIZE HEMATOPOIETIC STEM CELLS TO PERIPHERAL BLOOD FOR COLLECTION & SUBSEQUENT AUTOLOGOUS TRANSPLANTATION IN PATIENTS WITH NON-HODGKIN'S LYMPHOMA & MULTIPLE MYELOMA"
"U-937","TREATMENT OF PROSTATE CANCER"
"U-938","TREATMENT OF HAIR LOSS AND HYPOTRICHOSIS OF THE EYELASHES BY INCREASING THEIR GROWTH INCLUDING LENGTH, THICKNESS AND DARKNESS"
"U-939","TREATMENT OF HYPOTRICHOSIS OF THE EYELASHES BY INCREASING AND STIMULATING THEIR GROWTH INCLUDING LENGTH, THICKNESS AND DARKNESS"
"U-940","METHOD TO TREAT AIDS-RELATED KAPOSI'S SARCOMA"
"U-941","METHOD TO TREAT OVARIAN CANCER"
"U-942","METHOD TO TREAT MULTIPLE MYELOMA"
"U-943","GNRH ANTAGONIST INDICATED FOR TREATMENT OF PATIENTS WITH ADVANCED PROSTATE CANCER"
"U-944","TREATMENT OF PATIENTS WITH B-CELL CHRONIC LYMPHOCYTIC LEUKEMIA (CLL)"
"U-945","SEDATIVE-HYPNOTIC AGENT INDICATED FOR MONITORED ANESTHESIA CARE (MAC) SEDATION"
"U-946","TREATMENT OF BREAST CANCER"
"U-947","WHEN PATIENTS ARE UNABLE TO TAKE THE ORAL FORMULATIONS, PREVACID IV, FOR INJECTION IS INDICATED AS AN ALTERNATIVE FOR THE SHORT-TERM TREATMENT (UP TO 7 DAYS) OF ALL GRADES OF EROSIVE ESOPHAGITIS"
"U-948","TREATMENT OF DIABETES MELLITUS"
"U-949","HEALING OF ALL GRADES OF EROSIVE ESOPHAGITIS (EE) FOR UP TO 8 WEEKS"
"U-950","MAINTAIN HEALING OF EROSIVE ESOPHAGITIS (EE) FOR UP TO 6 MONTHS"
"U-951","TREATMENT OF HEARTBURN ASSOCIATED WITH NON-EROSIVE GASTROESOPHAGEAL REFLUX DISEASE (GERD) FOR 4 WEEKS"
"U-952","USE AS AN ANALGESIC"
"U-953","METHOD OF TREATING OPHTHALMIC INFLAMMATION AND INFECTION"
"U-954","CHRONIC MANAGEMENT OF HYPERURICEMIA IN PATIENTS WITH GOUT. NOT RECOMMENDED FOR THE TREATMENT OF ASYMPTOMATIC HYPERURICEMIA"
"U-955","PROPHYLACTIC TREATMENT OF MIGRAINE"
"U-956","TREATMENT OF PATIENTS WITH H. PYLORI INFECTION AND DUODENAL ULCER DISEASE"
"U-957","A METHOD OF TREATING CANCER IN A PATIENT COMPRISING ADMINISTERING IXABEPILONE OR PHARMACEUTICAL COMPOSITIONS COMPRISING IXABEPILONE"
"U-958","METHOD OF TREATING PATIENT COMPRISING MIXING FIRST AND SECOND VIALS OF PRODUCT COMPRISING LYOPHILIZED IXABEPILONE TO PROVIDE AN EPOTHILONE ANALOG SOLUTION, DILUTING SOLUTION WITH A SUITABLE DILUENT TO PREPARE INTRAVENOUS FORMULATION FOR PT"
"U-959","METHOD OF TREATING CANCER, IV ADMIN, LYOPHILIZED IXABEPILONE DILUTED, EVERY WEEK OR 3 WEEKS; LYOPHILIZED IXABEPILONE  WITH SOLVENT(DEHYDRATED ETHANOL)  DILUTED TO CONCENTRATION OF 0.1MG/ML TO 0.9MG/ML"
"U-960","METHOD OF TREATING CANCER IN A PATIENT COMPRISING INTRAVENOUSLY ADMINISTERING TO THE PATIENT IXABEPILONE DILUTED IN A PARENTERAL DILUENT"
"U-961","METHOD OF TREATING BREAST CANCER BY ADMINISTERING IXABEPILONE; A METHOD OF TREATING A CANCER RESPONSIBLE TO MICROTUBULE STABILIZATION BY ADMINISTERING IXABEPILONE"
"U-962","SYMBYAX IS INDICATED FOR THE ACUTE TREATMENT OF TREATMENT RESISTANT DEPRESSION IN ADULTS"
"U-963","PROZAC AND OLANZAPINE IN COMBINATION FOR THE ACUTE TREATMENT OF TREATMENT RESISTANT DEPRESSION IN ADULTS"
"U-964","ZYPREXA ZYDIS AND FLUOXETINE IN COMBINATION FOR THE ACUTE TREATMENT OF TREATMENT RESISTANT DEPRESSION IN ADULTS"
"U-965","USE OF IXABEPILONE IN COMBINATION WITH CAPECITABINE IN TREATMENT OF METASTASIS BREAST CANCER"
"U-966","TREATMENT OF ASTHMA (MAINTENANCE AND PROPHYLACTIC THERAPY)"
"U-967","A METHOD OF REVERSING SOFT-TISSUE ANESTHESIA I.E. ANESTHESIA OF THE LIP AND TONGUE, AND THE ASSOCIATED FUNCTIONAL DEFICITS RESULTING FROM AN INTRAORAL SUBMUCOSAL INJECTION OF A LOCAL ANESTHETIC"
"U-968","A METHOD FOR IMPROVING GLYCEMIC CONTROL IN ADULTS WITH TYPE 2 DIABETES MELLITUS"
"U-969","TREATMENT OF MIGRAINE"
"U-970","TOPICAL TREATMENT OF LICE INFESTATIONS"
"U-971","INDICATED FOR THE ACUTE TREATMENT OF ADULTS WITH SCHIZOPHRENIA"
"U-972","MONOTHERAPY OR AS ADJUNCTIVE THERAPY TO LITHIUM OR VALPROATE FOR THE MAINTENANCE TREATMENT OF BIPOLAR I DISORDER"
"U-973","ADJUNCT TO DIET AND EXERCISE TO IMPROVE GLYCEMIC CONTROL IN ADULTS WITH TYPE 2 DIABETES MELLITUS WHO ARE ALREADY TREATED WITH PIOGLITAZONE AND METFORMIN OR WHO HAVE INADEQUATE GLYCEMIC CONTROL ON PIOGLITAZONE OR METFORMIN ALONE"
"U-974","ADJUNCT TO DIET AND EXERCISE TO IMPROVE GLYCEMIC CONTROL IN PATIENTS WITH TYPE 2 DIABETES WHO ARE ALREADY TREATED WITH A PIOGLITAZONE AND METFORMIN"
"U-975","TREATMENT OF PULMONARY HYPERTENSION"
"U-976","IMPROVEMENT OF GLYCEMIC CONTROL IN INDIVIDUALS WITH TYPE 2 DIABETES"
"U-977","TREATMENT OF ACUTE, UNCOMPLICATED MALARIA INFECTION DUE TO PLASMODIUM FALCIPARUM IN PATIENTS OF 5KG BODYWEIGHT AND ABOVE"
"U-978","METHOD OF TREATING HYPONATREMIA"
"U-979","RELIEF OF MUSCLE SPASM"
"U-980","NONSTEROIDAL ANTI-INFLAMMATORY DRUG INDICATED FOR RELIEF OF MILD TO MODERATE ACUTE PAIN"
"U-981","MANAGEMENT OF MILD TO MODERATE PAIN, MANAGEMENT OF MODERATE TO SEVERE PAIN AS AN ADJUNCT TO OPIOID ANALGESICS, REDUCTION IN FEVER THROUGH ANTI-INFLAMMATORY, ANALGESIC, AND ANTIPYRETIC ACTIVITY"
"U-982","A METHOD OF TREATING OSTEOPOROSIS"
"U-983","METHOD OF TREATING OSTEOPOROSIS IN A POST-MENOPAUSAL WOMAN AT RISK FOR FRACTURE"
"U-984","METHOD FOR THE TREATMENT OF A WOMAN WITH OSTEOPOROSIS AND AT RISK FOR BONE FRACTURE"
"U-985","TREATMENT OF MACULAR EDEMA FOLLOWING BRANCH RETINAL VEIN OCCLUSION (BRVO) OR CENTRAL RETINAL VEIN OCCLUSION (CRVO)"
"U-986","TREATMENT OF PATIENTS INFECTED WITH PEDICULUS HUMANUS CAPITIS (HEAD LICE AND THEIR OVA) OF THE SCALP HAIR"
"U-987","TREATMENT OF SECONDARY HYPERPARATHYROIDISM IN PATIENTS WITH CHRONIC KIDNEY DISEASE ON DIALYSIS"
"U-988","TREATMENT OF RHINITIS COMPRISING THE NASAL APPLICATION OF A PHARMACEUTICAL FORMULATION AS CLAIMED IN US PATENT 7541350"
"U-989","FOR REDUCING BLOOD PHENYLALANINE LEVELS IN A HUMAN SUFFERING FROM HYPERPHENYLALANINEMIA"
"U-990","TREATMENT OF PROTOZOAL INFECTION"
"U-991","TREATMENT OR PROPHYLAXIS OF THROMBOSIS OR EMBOLISMS"
"U-992","REDUCTION OF THE RISK OF CARDIOVASCULAR HOSPITALIZATION"
"U-993","METHOD OF TREATING INFERTILITY"
"U-994","METHOD OF TREATMENT OF OSTEOPOROSIS WHEREIN THE OSTEOPOROSIS IS STEROID-INDUCED"
"U-995","METHOD FOR TREATING TYPE II DIABETES BY ADMINISTERING SAXAGLIPTIN"
"U-996","AN ADJUNCTIVE THERAPY TO DIET TO REDUCE ELEVATED TOTAL CHOLESTEROL (TC), LOW-DENSITY LIPOPROTEIN CHOLESTEROL, APOLIPOPROTEIN B, TRIGLYCERIDES, AND TO INCREASE HDL-C IN ADULT PATIENTS WITH PRIMARY HYPERLIPIDEMIA OR MIX DYSLIPIDEMIA"
"U-997","TREATMENT OF MAJOR DEPRESSIVE DISORDER BY DOSING AT INTERVALS OF 24 HOURS"
"U-998","ADJUNCTIVE THERAPY TO DIET TO REDUCE ELEVATED TOTAL CHOLESTEROL, LOW-DENSITY LIPOPROTEIN CHOLESTEROL, APOLIPOPROTEIN B, TRIGLYCERIDES AND TO INCREASE HDL-C IN ADULT PATIENTS WITH PRIMARY HYPERLIPIDEMIA OR MIXED DYSLIPIDEMIA"
"U-999","TREATMENT OF CHRONIC HEPATITIS B IN ADULT PATIENTS"
"U-1000","ADJUNCTIVE THERAPY TO DIET IN PATIENTS WITH HYPERLIPIDEMIAS"
"U-1001","METHOD FOR DELIVERING DRUG TO LUNG OF MAMMAL, COMPRISING ADMINISTERING DRUG PRODUCT BY INHALATION. TREATING A MAMMAL HAVING A CONDITION CAPABLE OF TREATMENT BY INHALATION, COMPRISING ADMINISTERING TO THE LUNG THE DRUG PRODUCT BY INHALATION"
"U-1002","METHOD OF TREATING INFLAMMATORY CONDITIONS"
"U-1003","A METHOD OF MYOCARDIAL PERFUSION IMAGING AND INCREASING CORONARY BLOOD FLOW"
"U-1004","TREATMENT OF PATIENTS WITH RELAPSED OR REFRACTORY PERIPHERAL T-CELL LYMPHOMA"
"U-1005","METHOD OF TREATING A STAPHYLOCOCCAL INFECTION"
"U-1006","NEW COMBINATION PRODUCT FOR THE EARLY TREATMENT OF RECURRENT HERPES LABIALIS (COLD SORES) TO REDUCE THE LIKELIHOOD OF ULCERATIVE COLD SORES AND TO SHORTEN THE LESION HEALING TIME IN ADULTS AND ADOLESCENTS (12 YEARS OF AGE AND OLDER)"
"U-1007","METHOD OF TREATING GOUT FLARES"
"U-1008","APPLICATION OF ANTISEPTIC WITH MOISTURIZERS FOR SURGICAL AND HEALTHCARE PERSONNEL SKIN DISINFECTION"
"U-1009","METHOD FOR ADMINISTRATION OF TESTOSTERONE"
"U-1010","TO REDUCE BLOOD PHENYLALANINE LEVELS IN PATIENTS WITH HYPERPHENYLALANINEMIA DUE TO TETRA HYDROBIOPTERIN RESPONSIVE PHENYLKETONURIA. KUVAN SHOULD BE TAKEN ORALLY WITH FOOD TO INCREASE ABSORPTION"
"U-1011","USE OF GRANISETRON TRANSDERMAL SYSTEM TO TREAT/PREVENT CHEMOTHERAPY INDUCED NAUSEA AND VOMITING"
"U-1012","METHOD FOR TREATING INSOMNIA WHILE REDUCING THE RISK OF AN ADVERSE DRUG INTERACTION"
"U-1013","METHOD OF USING RIBAVIRIN IN COMBINATION WITH PEGYLATED INTERFERON ALPHA-2B TO TREAT PATIENTS WITH CHRONIC HEPATITIS C"
"U-1014","METHOD OF USING RIBAVIRIN IN COMBINATION WITH INTERFERON ALPHA-2B(PEGYLATED AND NONPEGYLATED) TO TREAT PATIENTS WITH CHRONIC HEPATITIS C"
"U-1015","TREATMENT OF PATIENTS WITH RELAPSED OR REFRACTORY PERIPHERAL T-CELL LYMPHOMA"
"U-1016","IN COMBINATION WITH OTHER ANTIRETROVIRAL AGENTS FOR THE TREATMENT OF HIV-1 INFECTION IN TREATMENT-EXPERIENCED ADULT PATIENTS, WHO HAVE EVIDENCE OF VIRAL REPLICATION AND HIV-1 STRAINS RESISTANT TO AN NNRTI AND OTHER ANTIRETROVIRAL AGENTS"
"U-1017","A METHOD OF TREATING NASAL AND NON-NASAL SYMPTOMS OF SEASONAL ALLERGIC RHINITIS"
"U-1018","TREATMENT OF PULMONARY HYPERTENSION BY INHALATION"
"U-1019","TREATMENT OF PULMONARY HYPERTENSION"
"U-1020","METHOD OF USING COLCHICINE FOR THE PROPHYLAXIS OF GOUT FLARES"
"U-1021","SHORT-TERM TREATMENT (4-8 WEEKS) OF ACTIVE BENIGN GASTRIC ULCER"
"U-1022","FOR THE PREPARATION OF SKIN PRIOR TO SURGERY; HELPS REDUCE BACTERIA THAT CAN POTENTIALLY CAUSE SKIN INFECTION"
"U-1023","TREATMENT OF ATROPHIC VAGINITIS DUE TO MENOPAUSE"
"U-1024","REDUCTION OF ELEVATED INTRAOCULAR PRESSURE IN PATIENTS WITH GLAUCOMA OR OCULAR HYPERTENSION WHO REQUIRE ADJUNCTIVE OR REPLACEMENT THERAPY DUE TO INADEQUATELY CONTROLLED IOP"
"U-1025","TREATING FREQUENT HEARTBURN"
"U-1026","A METHOD OF TREATING HUMAN SUFFERING FROM OR SUSCEPTIBLE TO PSYCHOSIS."
"U-1027","REDUCTION OF ELEVATED PLASMA STEROL AND/OR STANOL LEVELS IN A MAMMAL"
"U-1028","A METHOD OF DISTRIBUTING SODIUM OXYBATE UNDER CONTROL OF A CENTRAL PHARMACY"
"U-1029","METHOD FOR TREATING ACUTE ELEVATIONS OF BLOOD PRESSURE IN HUMAN SUBJECT IN NEED THEREOF"
"U-1030","IMPROVEMENT OF WALKING IN PATIENTS WITH MULTIPLE SCLEROSIS (MS)"
"U-1031","IMPROVE RESPIRATORY SYMPTOMS IN CYSTIC FIBROSIS IN PATIENTS WITH PSEUDOMONAS AERUGINOSA"
"U-1032","USE OF ROSUVASTATIN CALCIUM FOR THE PRIMARY PREVENTION OF CARDIOVASCULAR DISEASE IN INDIVIDUALS WITHOUT CLINICALLY EVIDENT CORONARY HEART DISEASE BUT WITH INCREASED RISK FACTORS"
"U-1033","TOPICAL TREATMENT OF ACNE VULGARIS"
"U-1034","TREATMENT OF ATTENTION DEFICIT HYPERACTIVITY DISORDER (ADHD) IN ADULTS"
"U-1035","NONSTEROIDAL ANTI-INFLAMMATORY DRUG INDICATED FOR RELIEF OF MILD TO MODERATE ACUTE PAIN"
"U-1036","METHOD OF TREATING TYPE 2 DIABETES MELLITUS BY ADMINISTERING A DIPEPTIDYL PEPTIDASE-4 INHIBITOR IN COMBINATION WITH INSULIN"
"U-1037","METHOD OF TREATING TYPE 2 DIABETES MELLITUS BY ADMINISTERING A DIPEPTIDYL PEPTIDASE-IV INHIBITOR IN COMBINATION WITH A PPAR-GAMMA AGONIST"
"U-1038","METHOD OF TREATING TYPE 2 DIABETES MELLITUS BY ADMINISTERING A DIPEPTIDYL PEPTIDASE-4 INHIBITOR IN COMBINATION WITH METFORMIN AND A PPAR-GAMMA AGONIST"
"U-1039","METHOD OF TREATING TYPE 2 DIABETES MELLITUS BY ADMINISTERING A DIPEPTIDYL PEPTIDASE-4 INHIBITOR IN COMBINATION WITH METFORMIN"
"U-1040","INHIBITION OF THROMBIN IN A PATIENT"
"U-1041","TREATMENT OF DISORDERS RESPONSIVE TO GROWTH HORMONE"
"U-1042","METHOD FOR STIMULATING CORONARY VASODILATION FOR PURPOSES OF IMAGING THE HEART"
"U-1043","MANAGEMENT OF MODERATE TO SEVERE PAIN"
"U-1044","TOPICAL TREATMENT OF SCALP PSORIASIS"
"U-1045","MAINTENANCE TREATMENT IN PATIENTS WITH LOCALLY ADVANCED OR METASTATIC NSCLC WHO HAVE NOT PROGRESSED ON 1ST-LINE TREATMENT WITH PLATINUM-BASED CHEMOTHERAPY"
"U-1046","MAINTENANCE TREATMENT OF PATIENTS WITH LOCALLY ADVANCED OR METASTATIC NSCLC WHOSE DISEASE HAS NOT PROGRESSED AFTER FOUR CYCLES PLATINUM-BASED CHEMOTHERAPY"
"U-1047","TREATMENT OF BIOPSY-CONFIRMED, PRIMARY SUPERFICIAL BASAL CELL CARCINOMA (SBCC)"
"U-1048","WORKS THROUGH THE INDUCTION OF INTERFERON AND OTHER CYTOKINES"
"U-1049","PROPHYLAXIS OF ORGAN REJECTION IN ADULT PATIENTS AT LOW-MODERATE IMMUNOLOGIC RISK RECEIVING A RENAL TRANSPLANT"
"U-1050","USE OF METAXALONE FOR TREATMENT OF MUSCULOSKELETAL CONDITIONS"
"U-1051","TREATMENT OF OROPHARYNGEAL CANDIDIASIS"
"U-1052","RELIEF OF SIGNS AND SYMPTOMS OF ARTHRITIS AND RISK-REDUCTION OF NSAID-ASSOCIATED GASTRIC ULCER"
"U-1053","RISK-REDUCTION OF NSAID-ASSOCIATED GASTRIC ULCER"
"U-1054","ONYCHOMYCOSIS OF THE TOENAIL CAUSED BY TRICOPHYTON RUBRUM OR TRICHOPHYTON MENTAGROPHYTES, ONCE DAILY USE FOR 12 CONSECUTIVE WEEKS"
"U-1055","AN ADJUNCT TO DIET AND EXERCISE TO IMPROVE GLYCEMIC CONTROL IN ADULTS WITH TYPE 2 DIABETES MELLITUS WHO ARE ALREADY TREATED WITH A THIAZOLIDINEDIONE (TZD) AND METFORMIN OR WHO HAVE INADEQUATE GLYCEMIC CONTROL ON A TZD OR METFORMIN ALONE"
"U-1056","TREATMENT OF PAIN USING A NASAL SPRAY OF KETOROLAC TROMETHAMINE"
"U-1057","TREATMENT OF INFLAMMATION AND PAIN USING A NASAL SPRAY OF KETOROLAC TROMETHAMINE"
"U-1058","USE OF THALIDOMIDE IN COMBINATION WITH DEXAMETHASONE FOR THE TREATMENT OF PATIENTS WITH NEWLY DIAGNOSED MULTIPLE MYELOMA"
"U-1059","ADJUNCTIVE THERAPY TO DIET TO PATIENTS WITH HYPERTRIGLYCERIDEMIA"
"U-1060","ADJUNCTIVE THERAPY TO DIET IN PATIENTS WITH ELEVATED CHOLESTEROL AND/OR LIPID LEVELS"
"U-1061","ADJUNCTIVE THERAPY TO DIET IN PATIENTS WITH MIXED DYSLIPIDEMIA"
"U-1062","ADMINISTRATION OF APPROVED PRODUCT FOR TREATMENT OF ALZHEIMER'S DISEASE"
"U-1063","TREATMENT OF ONLY INFLAMMATORY LESIONS (PAPULES AND PUSTULES) OF ROSACEA"
"U-1064","TREATMENT OF BIPOLAR DISORDER AND SCHIZOPHRENIA"
"U-1065","METHOD OF TREATING ANDROGEN RESPONSIVE OR MEDICATED CONDITION IN A MAMMAL BY ADMINISTERING A SAFE & EFFECTIVE AMOUNT OF DUTASTERIDE OR A PHARMACEUTICALLY ACCEPTABLE SOLVATE THEREOF.. CONDITIONS INCLUDE BENIGN PROSTATIC HYPERTROPHY"
"U-1066","METHOD OF TREATING AN ANDROGEN RESPONSE OR MEDIATED DISEASE IN A MAMMAL BY ADMINISTERING AN EFFECTIVE ANDROGEN RESPONSIVE OR MEDICATED DISEASE AMOUNT OF DUTASTERIDE..CONDITIONS INCLUDE BENIGN PROSTATIC HYPERPLASIA"
"U-1067","TREATMENT OF CANCER"
"U-1068","TREATMENT OF ASTHMA"
"U-1069","A METHOD OF TREATING A PATIENT WITH A PRESCRIPTION DRUG USING AN EXCLUSIVE COMPUTER DATABASE IN A COMPUTER SYSTEM FOR DISTRIBUTION"
"U-1070","A METHOD TO CONTROL ABUSE OF A SENSITIVE DRUG BY CONTROLLING WITH A COMPUTER PROCESSOR THE DISTRIBUTION OF THE SENSITIVE DRUG VIA AN EXCLUSIVITY CENTRAL PHARMACY THAT MAINTAINS A CENTRAL DATABASE"
"U-1071","METHOD OF TREATING BLADDER DYSFUNCTION WITH ONCE A DAY TROSPIUM SALT FORMULATION"
"U-1072","THE MANAGEMENT OF MODERATE TO SEVERE CHRONIC PAIN IN PATIENTS REQUIRING A CONTINUOUS, AROUND-THE-CLOCK OPIOID ANALGESIC FOR AN EXTENDED PERIOD OF TIME"
"U-1073","USE FOR THE TREATMENT OF ASTHMA AND COPD"
"U-1074","USE OF EXENATIDE MAY RESULT IN REDUCTION IN BODY WEIGHT"
"U-1075","USE FOR THE TREATMENT OF ASTHMA"
"U-1076","REDUCE CHRONIC SEVERE DROOLING (I.E., SIALORRHEA)  IN PATIENTS WITH NEUROLOGIC CONDITIONS ASSOCIATED WITH PROBLEM DROOLING"
"U-1077","PRETREATMENT OF PATIENTS WITH VITAMIN B12 AND FOLIC ACID PRIOR TO PEMETREXED DISODIUM ADMINISTRATION"
"U-1078","TREATMENT OF ACNE"
"U-1079","REVLIMID (LENALIDOMIDE) IS INDICATED FOR THE TREATMENT OF PATIENTS WITH TRANSFUSION-DEPENDENT ANEMIA IN MYELODYSPLASTIC SYNDROMES (MDS)"
"U-1080","METHOD TO TREAT PULMONARY HYPERTENSION BY ADMINISTERING AMBRISENTAN TO A PATIENT"
"U-1081","LUMIGAN IS A PROSTAGLANDIN ANALOG INDICATED FOR THE REDUCTION OF ELEVATED INTRAOCULAR PRESSURE IN PATIENTS WITH OPEN ANGLE GLAUCOMA OR OCULAR HYPERTENSION"
"U-1082","USE OF A COMBINATION OF TOBRAMYCIN AND DEXAMETHASONE TO TREAT OCULAR INFLAMMATION WHERE AN INFECTION OR RISK OF INFECTION EXISTS"
"U-1083","ACUTE TREATMENT OF MIGRAINE ATTACKS, WITH OR WITHOUT AURA, AND THE TREATMENT OF CLUSTER HEADACHE EPISODES"
"U-1084","RELIEF OF THE INFLAMMATORY AND PRURITIC MANIFESTATIONS OF CORTICOSTEROID RESPONSIVE DERMATOSES IN PATIENTS 12 YEARS OF AGE OR OLDER"
"U-1085","METHOD FOR TREATING IRRITABLE BOWEL SYNDROME AND METHOD FOR TREATING ABDOMINAL DISCOMFORT ASSOCIATED WITH IRRITABLE BOWEL SYNDROME"
"U-1086","TREATMENT OF AUTOIMMUNE DISEASE"
"U-1087","DETECTION OF NON-MUSCLE INVASIVE PAPILLARY CANCER OF THE BLADDER BY PHOTODYNAMIC CYSTOSCOPY"
"U-1088","RELIEF OF MUSCLE SPASM"
"U-1089","INHIBITION OF THROMBIN"
"U-1090","LO LOESTRIN FE IS INDICATED FOR THE PREVENTION OF PREGNANCY IN WOMEN WHO ELECT TO USE ORAL CONTRACEPTIVES AS A METHOD OF CONTRACEPTION"
"U-1091","ASSESSMENT OF BRONCHIAL HYPERRESPONSIVENESS IN PATIENTS 6 YEARS OF AGE OR OLDER WHO DO NOT HAVE CLINICALLY APPARENT ASTHMA"
"U-1092","TREATMENT OF BREAST CANCER"
"U-1093","TREATMENT OF PSEUDOBULBAR AFFECT"
"U-1094","MANAGEMENT OF CHRONIC MUSCULOSKELETAL PAIN"
"U-1095","METHOD OF TREATING OCULAR INFLAMMATION"
"U-1096","TREATMENT OF PATIENTS WITH METASTATIC BREAST CANCER"
"U-1097","ADJUNCT TO DIET AND EXERCISE TO IMPROVE GLYCEMIC CONTROL IN ADULTS WITH TYPE 2 DIABETES MELLITUS WHEN TREATMENT  WITH BOTH SAXAGLIPTIN AND METFORMIN IS APPROPRIATE"
"U-1098","METHOD OF TREATING HYPERPARATHYROIDISM; METHOD OF TREATING HYPERCALCEMIA"
"U-1099","TREATMENT OF PAIN, INCLUDING NEUROPATHIC PAIN ASSOCIATED WITH DIABETIC PERIPHERAL NEUROPATHY, POSTHERPETIC NEURALGIA, AND FIBROMYALGIA"
"U-1100","REDUCTION OF EXCESS ABDOMINAL FAT IN HIV-INFECTED PATIENTS WITH LIPODYSTROPHY"
"U-1101","METHOD OF TREATING EXCESSIVE DAYTIME SLEEPINESS IN PATIENTS WITH NARCOLEPSY"
"U-1102","METHOD OF TREATING CATAPLEXY IN PATIENTS WITH NARCOLEPSY"
"U-1103","TESTOSTERONE REPLACEMENT THERAPY IN MALES FOR CONDITIONS ASSOCIATED WITH A DEFICIENCY OR ABSENCE OF ENDOGENOUS TESTOSTERONE"
"U-1104","USE OF TRAMADOL FOR THE MANAGEMENT OF MODERATE TO MODERATELY SEVERE CHRONIC PAIN"
"U-1105","TOPICAL TREATMENT OF HEAD LICE INFESTATION IN PATIENTS FOUR (4) YEARS OF AGE AND OLDER"
"U-1106","TREATING HYPERTRIGLYCERIDEMIAS WITH REDUCTION OF FOOD EFFECT"
"U-1107","TREATING HYPERCHOLESTEROLEMIAS WITH REDUCTION OF FOOD EFFECT"
"U-1108","TREATING TYPE 2 DIABETES MELLITUS WITH EXENATIDE BY STIMULATING INSULIN RELEASE"
"U-1109","TREATMENT OF CUTANEOUS MANIFESTATIONS OF ERYTHEMA NODOSUM LEPROSUM (ENL) IN CONNECTION WITH A SPECIAL PROGRAM APPROVED BY FDA CALLED 'SYSTEM FOR THALIDOMIDE EDUCATION AND PRESCRIBING SAFETY' (S.T.E.P.S.)"
"U-1110","METHOD OF TREATING A PATIENT WITH A PRESCRIPTION DRUG USING A COMPUTER DATABASE IN A COMPUTER SYSTEM FOR DISTRIBUTION"
"U-1111","NONSTEROIDAL ANTI-INFLAMMATORY DRUG INDICATED FOR RELIEF OF MILD TO MODERATE ACUTE PAIN"
"U-1112","METHOD OF MR IMAGING OF A MAMMAL"
"U-1113","TREATMENT AND PROPHYLAXIS OF INFLUENZA"
"U-1114","TREATMENT WITH GABAPENTIN, INCLUDING TREATMENT OF NEUROPATHIC PAIN, INCLUDING NEUROPATHIC PAIN ASSOCIATED WITH POSTHERPETIC NEURALGIA"
"U-1115","TREATMENT TO REDUCE THE RISK OF COPD EXACERBATIONS IN PATIENTS WITH SEVERE COPD ASSOCIATED WITH CHRONIC BRONCHITIS AND A HISTORY OF EXACERBATIONS"
"U-1116","METHOD OF ADMINISTERING COLCHICINE TO FAMILIAL MEDITERRANEAN FEVER PATIENTS"
"U-1117","TREATMENT OF BREAST CANCER"
"U-1118","USE FOR THE TREATMENT OF CHRONIC OBSTRUCTIVE PULMONARY DISEASE (COPD), INCLUDING CHRONIC BRONCHITIS AND EMPHYSEMA"
"U-1119","CONTRAST AGENT FOR MAGNETIC RESONANCE IMAGING"
"U-1120","TO REDUCE GASTROINTESTINAL SIDE EFFECTS ADMINISTER WITH A MEAL; AS STARTING DOSE ADMINISTER ONCE DAILY WITH EVENING MEAL"
"U-1121","METHOD OF TREATING TRAVELERS' DIARRHEA"
"U-1122","TREATMENT OF SECONDARILY INFECTED TRAUMATIC SKIN LESIONS DUE TO S. AUREUS AND S. PYOGENES"
"U-1123","TREATMENT OF ALCOHOL DEPENDENCE"
"U-1124","PREVENTION OF RELAPSE TO OPIOID DEPENDENCE, FOLLOWING OPIOID DETOXIFICATION"
"U-1125","METHOD FOR THE DETECTION OF NEUROENDOCRINE TUMORS"
"U-1126","USE IN COMBINATION WITH PREDNISONE FOR THE TREATMENT OF PATIENTS WITH METASTATIC CASTRATION-RESISTANT PROSTATE CANCER WHO HAVE RECEIVED PRIOR CHEMOTHERAPY CONTAINING DOCETAXEL"
"U-1127","TREATMENT OF PATENT DUCTUS ARTERIOSUS"
"U-1128","TREATMENT OF CHRONIC HEPATITIS C (CHC) GENOTYPE 1 INFECTION IN COMBINATION WITH PEGINTERFERON ALFA AND RIBAVIRIN IN ADULT PATIENTS (>=18 YEARS OF AGE) WITH COMPENSATED LIVER DISEASE"
"U-1129","TREATMENT OF HYPERCHOLESTEROLEMIA BY DOSING ONCE PER DAY IN THE EVENING OR AT NIGHT, WITH PRETREATMENT WITH A FLUSH INHIBITING AGENT SUCH AS ASPIRIN"
"U-1130","SECONDARY PREVENTION OF CARDIOVASCULAR EVENTS BY DOSING ONCE PER DAY IN THE EVENING OR A NIGHT WITH PRETREATMENT WITH A FLUSH INHIBITING AGENT SUCH AS ASPIRIN"
"U-1131","TREATMENT OF HYPERTRIGLYCERIDEMIA BY DOSING ONCE PER DAY IN THE EVENING OR AT NIGHT, WITH PRETREATMENT WITH A FLUSH INHIBITING AGENT SUCH AS ASPIRIN"
"U-1132","TREATMENT OF HYPERCHOLESTEROLEMIA BY DOSING ONCE PER DAY IN THE EVENING OR AT NIGHT"
"U-1133","SECONDARY PREVENTION OF CARDIOVASCULAR EVENTS BY DOSING ONCE PER DAY IN THE EVENING OR AT NIGHT"
"U-1134","TREATMENT OF HYPERTRIGLYCERIDEMIA BY DOSING ONCE PER DAY IN THE EVENING OR AT NIGHT"
"U-1135","TREATMENT OF HYPERCHOLESTEROLEMIA BY DOSING ONCE PER DAY IN THE EVENING OR AT NIGHT, THROUGH REDUCTION OF LDL-C, TC, TG, LP(A) AND INCREASE OF HDL-C"
"U-1136","SECONDARY PREVENTION OF CARDIOVASCULAR EVENTS BY DOSING ONCE PER DAY IN THE EVENING OR AT NIGHT, THROUGH REDUCTION OF LDL-C, TC, TG, LP(A), AND INCREASE OF HDL-C"
"U-1137","TREATMENT OF HYPERTRIGLYCERIDEMIA BY DOSING ONCE PER DAY IN THE EVENING OR AT NIGHT, THROUGH REDUCTION OF LDL-C, TC, TG, LP(A), AND INCREASE OF HDL-C"
"U-1138","TREATMENT OF PRIMARY AND MIXED DYSLIPIDEMIA BY DOSING ONCE PER DAY IN THE EVENING OR AT NIGHT"
"U-1139","REDUCTION IN RISK OF RECURRENT NONFATAL MYOCARDIAL INFARCTION BY DOSING ONCE PER DAY IN THE EVENING OR AT NIGHT"
"U-1140","REDUCTION IN ELEVATED TC AND LDL-C BY DOSING ONCE PER DAY IN THE EVENING OR AT NIGHT"
"U-1141","REDUCTION IN TG BY DOSING ONCE PER DAY IN THE EVENING OR AT NIGHT"
"U-1142","TREATMENT OF PRIMARY AND MIXED DYSLIPIDEMIA BY DOSING ONCE PER DAY IN THE EVENING OR AT NIGHT, WITH PRETREATMENT WITH A FLUSH INHIBITING AGENT SUCH AS ASPIRIN"
"U-1143","REDUCTION IN RISK OF RECURRENT NONFATAL MYOCARDIAL INFARCTION BY DOSING ONCE PER DAY IN THE EVENING OR A T NIGHT, WITH PRETREATMENT WITH A FLUSH INHIBITING AGENT SUCH AS ASPIRIN"
"U-1144","REDUCTION IN ELEVATED TC AND LDL-C BY DOSING ONCE PER DAY IN THE EVENING OR AT NIGHT, WITH PRETREATMENT WITH A FLUSH INHIBITING AGENT SUCH AS ASPIRIN"
"U-1145","REDUCTION IN TG BY DOSING ONCE PER DAY IN THE EVENING OR AT NIGHT, WITH PRETREATMENT WITH A FLUSH INHIBITING AGENT SUCH AS ASPIRIN"
"U-1146","REDUCTION IN TG WITH REDUCED FLUSHING BY DOSING ONCE PER DAY IN THE EVENING OR AT NIGHT"
"U-1147","TREATMENT OF PRIMARY AND MIXED DYSLIPIDEMIA BY DOSING ONCE PER DAY IN THE EVENING OR AT NIGHT, THROUGH REDUCTION OF LDL-C, TC, TG, LP(A), AND INCREASE OF HDL-C"
"U-1148","REDUCTION IN RISK OF RECURRENT NONFATAL MYOCARDIAL INFARCTION BY DOSING ONCE PER DAY IN THE EVENING OR AT NIGHT, THROUGH REDUCTION OF LDL-C, TC, TG, LP(A), AND INCREASE OF HDL-C"
"U-1149","TREATMENT OF HYPERTRIGLYCERIDEMIA BY DOSING ONCE PER DAY IN THE EVENING OR AT NIGHT, WITH PRETREATMENT WITH A FLUSH INHIBITING AGENT SUCH AS ASPIRIN"
"U-1150","TREATMENT OF HYPERCHOLESTEROLEMIA BY DOSING ONCE PER DAY IN THE EVENING OR AT NIGHT, THROUGH REDUCTION IN TOTAL-C, LDL-C, TG, LP(A), AND INCREASE OF HDL-C"
"U-1151","TREATMENT OF HYPERTRIGLYCERIDEMIA BY DOSING ONCE PER DAY IN THE EVENING OR AT NIGHT, THROUGH REDUCTION IN TOTAL-C, LDL-C, LP(A), AND INCREASE OF HDL-C"
"U-1152","CYANOCOBALAMIN ADMINISTRATION THROUGH NASAL INFUSION"
"U-1153","IN COMBINATION WITH OTHER ANTIRETROVIRAL AGENTS, IS INDICATED FOR THE TREATMENT OF HUMAN IMMUNODEFICIENCY VIRUS TYPE 1 (HIV-1) INFECTION IN ANTIRETROVIRAL TREATMENT-NAIVE ADULT PATIENTS, AS SET FORTH IN THE LABELING, INCLUDING I&U SECTION"
"U-1154","TREATMENT OF PROTEIN KINASE RELATED DISORDERS, SUCH AS GASTROINTESTINAL STROMAL TUMORS, RENAL CELL CARCINOMA AND ADVANCED PANCREATIC NEUROENDOCRINE TUMORS, WITH SUNITINIB"
"U-1155","USE OF THALIDOMIDE IN TREATMENT OF CUTANEOUS MANIFESTATIONS OF ERYTHEMA NODOSUM LEPROSUM (ENL)"
"U-1156","TO REDUCE BLOOD PHENYLALANINE (PHE) LEVELS IN PATIENTS WITH HYPERPHENYLALANINEMIA (HPA)"
"U-1157","RELIEF OF SYMPTOMS ASSOCIATED WITH RESPIRATORY ALLERGIES IN ADULTS AND CHILDREN 2 YEARS OF AGE AND OLDER AND FOR THE RELIEF OF SYMPTOMS ASSOCIATED WITH HIVES (URTICARIA) IN ADULTS  AND CHILDREN 6 YEARS OF AGE AND OLDER"
"U-1158","RELIEF OF SYMPTOMS ASSOCIATED WITH RESPIRATORY ALLERGIES AND FOR THE RELIEF OF SYMPTOMS ASSOCIATED WITH HIVES (URTICARIA) IN ADULTS AND CHILDREN 6 YEARS OF AGE AND OLDER"
"U-1159","RELIEF OF SYMPTOMS ASSOCIATED WITH RESPIRATORY ALLERGIES, SWELLING OF THE NASAL PASSAGES AND SINUS CONGESTION AND PRESSURE IN ADULTS AND CHILDREN 12 YEARS OF AGE AND OLDER"
"U-1160","RELIEF OF SYMPTOMS ASSOCIATED WITH RESPIRATORY ALLERGIES AND FOR THE RELIEF OF SYMPTOMS ASSOCIATED WITH HIVES (URTICARIA) IN ADULTS AND CHILDREN 6 YEARS OF AGE AND OLDER AND 12 YEARS OF AGE AND OLDER"
"U-1161","FOR THE TREATMENT AND PROPHYLAXIS OF GOUT FLARES & THE TREATMENT OF FAMILIAL MEDITERRANEAN FEVER"
"U-1162","TREATMENT OF SEBORRHEIC DERMATITIS OF THE SCALP"
"U-1163","METHOD OF TREATING THROMBOSIS"
"U-1164","METHOD OF TREATING AN ARGATROBAN TREATABLE CONDITION"
"U-1165","USE FOR THE TREATMENT OF MULTIPLE MYELOMA"
"U-1166","A METHOD FOR TREATMENT OF GOUT FLARES DURING PROPHYLAXIS"
"U-1167","PROPHYLAXIS OF DEEP VEIN THROMBOSIS (DVT)"
"U-1168","THE LONG TERM, ONCE-DAILY MAINTENANCE BRONCHODILATOR TREATMENT OF AIRFLOW OBSTRUCTION IN PATIENTS WITH CHRONIC OBSTRUCTIVE PULMONARY DISEASE (COPD), INCLUDING CHRONIC BRONCHITIS AND/OR EMPHYSEMA"
"U-1169","MANAGEMENT OF BREAKTHROUGH PAIN IN CANCER PATIENTS 18 YEARS OF AGE AND OLDER WHO ARE RECEIVING AND TOLERANT TO OPIOID THERAPY FOR THEIR UNDERLYING PERSISTENT CANCER PAIN"
"U-1170","TREATMENT OF HIV-1 INFECTION IN PEDIATRIC PATIENTS 12 YEARS OF AGE AND OLDER"
"U-1171","REDUCTION OF THE RATE OF THROMBOTIC EVENTS IN PATIENTS WITH ACUTE CORONARY SYNDROME"
"U-1172","TO REDUCE ELEVATED TOTAL-C, APO B, AND NON-HDL-C IN PATIENTS WITH PRIMARY HYPERLIPIDEMIA BY ADMINISTRATION OF EZETIMIBE IN COMBINATION WITH A STATIN"
"U-1173","TO REDUCE ELEVATED TOTAL-C, LDL-C, APO B AND NON-HDL-C IN PATIENTS WITH PRIMARY HYPERLIPIDEMIA BY ADMINISTRATION OF EZETIMIBE ALONE OR IN COMBINATION WITH A STATIN OR WITH FENOFIBRATE"
"U-1174","ADMINISTRATION OF REMODULIN DILUTED FOR INTRAVENOUS INFUSION WITH STERILE WATER FOR INJECTION, 0.9% SODIUM CHLORIDE INJECTION, OR FLOLAN STERILE DILUENT FOR INJECTION PRIOR TO ADMINISTRATION"
"U-1175","REDUCTION OF CARDIAC TISSUE DAMAGE ASSOCIATED WITH MYOCARDIAL INFARCTION"
"U-1176","TREATMENT OR PREVENTION OF STROKE"
"U-1177","REDUCTION OF CARDIAC TISSUE DAMAGE ASSOCIATED WITH MYOCARDIAL INFARCTION"
"U-1178","RELIEF OF MODERATE TO SEVERE CHRONIC PAIN"
"U-1179","TREATMENT OF A CANCER MEDIATED BY AN ANAPLASTIC LYMPHOMA KINASE (ALK)"
"U-1180","TREATMENT OF THE FOLLOWING INFECTIONS: COMPLICATED SKIN AND SKIN STRUCTURE INFECTIONS AND STAPHYLOCOCCUS AUREUS BLOODSTREAM INFECTIONS (BACTEREMIA) INCLUDING THOSE WITH RIGHT-SIDED INFECTIVE ENDOCARDITIS"
"U-1181","A METHOD OF TREATING OR PREVENTING OCULAR PAIN IN A PATIENT"
"U-1182","TREATMENT OF CYCLIC HEAVY MENSTRUAL BLEEDING"
"U-1183","A METHOD FOR ADMINISTERING FOLLICLE STIMULATING HORMONE (FSH) FOR OVARIAN FOLLICLE OR TESTICULAR STIMULATION IN THE HUMAN"
"U-1184","TREATMENT OF ERECTILE DYSFUNCTION AND THE SIGNS AND SYMPTOMS OF BENIGN PROSTATIC HYPERPLASIA"
"U-1185","TREATMENT OF OPIOID-INDUCED CONSTIPATION"
"U-1186","ADMINISTRATION OF AN INHALABLE POWDER COMPRISING TIOTROPIUM VIA DEVICE"
"U-1187","TREATMENT OF PATHOLOGICAL STATE BY ANTAGONIZING BRADYKININ RECEPTOR INCLUDING TREATMENT OF ACUTE ATTACKS OF HEREDITARY ANGIOEDEMA (HAE)"
"U-1188","METHOD OF TREATING TYPE 2 DIABETES MELLITUS IN PATIENTS FOR WHOM TREATMENT WITH BOTH SITAGLIPTIN AND SIMVASTATIN IS APPROPRIATE"
"U-1189","METHOD OF TREATING TYPE 2 DIABETES MELLITUS IN PATIENTS FOR WHOM TREATMENT WITH BOTH SITAGLIPTIN AND SIMVASTATIN IS APPROPRIATE, IN COMBINATION WITH METFORMIN"
"U-1190","METHOD OF TREATING TYPE 2 DIABETES MELLITUS IN PATIENTS FOR WHOM TREATMENT WITH BOTH SITAGLIPTIN AND SIMVASTATIN IS APPROPRIATE, IN COMBINATION WITH INSULIN"
"U-1191","METHOD OF TX TYPE 2 DM IN PTS FOR WHOM TREATMENT WITH BOTH SITAGLIPTIN AND SIMVASTATIN IS APPROPRIATE, IN COMBO WITH AN AGENT ACTING ON AN ATP-DEPENDENT CHANNEL IN BETA CELLS SUCH AS A SULFONYLUREA(INCL GLIPIZIDE, GLIMEPIRIDE & GLYBURIDE)"
"U-1192","METHOD OF TREATING TYPE 2 DIABETES MELLITUS IN PATIENTS FOR WHOM TREATMENT WITH BOTH SITAGLIPTIN AND SIMVASTATIN IS APPROPRIATE, IN COMBINATION WITH A SULFONYLUREA (SUCH AS GLIPIZIDE, GLIMEPIRIDE AND GLYBURIDE)"
"U-1193","METHOD OF TREATING TYPE 2 DIABETES MELLITUS IN PATIENTS FOR WHOM TREATMENT WITH BOTH SITAGLIPTIN AND SIMVASTATIN IS APPROPRIATE, IN COMBINATION WITH A PPAR-GAMMA AGONIST (SUCH AS PIOGLITAZONE AND ROSIGLITAZONE)"
"U-1194","METHOD FOR TREATING INSOMNIA"
"U-1195","PREVENTION AND TREATMENT OF SECONDARY HYPERPARATHYROIDISM ASSOCIATED WITH CHRONIC KIDNEY DISEASE (CKD) STAGE 5, WHICH MAY RESULT IN RENAL OSTEODYSTROPHY, WHILE AVOIDING HYPERPHOSPHATEMIA"
"U-1196","RELIEF OF SIGNS AND SYMPTOMS OF RHEUMATOID ARTHRITIS AND OSTEOARTHRITIS AND TO DECREASE RISK OF DEVELOPING UPPER GASTROINTESTINAL ULCERS IN PATIENTS WHO ARE TAKING IBUPROFEN FOR THOSE INDICATIONS"
"U-1197","METHOD OF TREATMENT OF CHILDREN WITH CENTRAL PRECOCIOUS PUBERTY"
"U-1198","RECTIV IS A NITRATE VASODILATOR INDICATED FOR THE TREATMENT OF MODERATE TO SEVERE PAIN ASSOCIATED WITH CHRONIC ANAL FISSURE"
"U-1199","TREATMENT AND PREVENTION OF POSTMENOPAUSAL OR GLUCOCORTICOID-INDUCED OSTEOPOROSIS AND TREATMENT TO INCREASE BONE MASS IN MEN WITH OSTEOPOROSIS"
"U-1200","REDUCING THE RISK OF STROKE AND SYSTEMIC EMBOLISM"
"U-1201","FOR THE TREATMENT OF INTERMEDIATE OR HIGH-RISK MYELOFIBROSIS"
"U-1202","METHOD FOR RELIEVING OR TREATING CONSTIPATION IN A PATIENT  WITH IRRITABLE BOWEL SYNDROME"
"U-1203","METHOD FOR RELIEVING OR TREATING CONSTIPATION IN A HUMAN CONSTIPATED PATIENT"
"U-1204","TREATMENT OF UVEITIS"
"U-1205","TREATMENT OF MACULAR EDEMA"
"U-1206","DELIVERING AN OCULAR IMPLANT AS DESCRIBED IN THE DOSAGE AND ADMINISTRATION SECTION OF THE APPROVED LABELING OF OZURDEX"
"U-1207","INFANT USE AGED 1 MONTH TO LESS THAN ONE YEAR,  GERD AND EROSIVE ESOPHAGITIS"
"U-1208","TREATMENT OF HYPOTRICHOSIS OF THE EYELASHES BY INCREASING THEIR GROWTH INCLUDING LENGTH, THICKNESS AND DARKNESS"
"U-1209","TREATMENT OF HUMAN IMMUNODEFICIENCY VIRUS (HIV) INFECTION IN ADULT PATIENTS, AND TREATMENT OF HUMAN IMMUNODEFICIENCY VIRUS (HIV) INFECTION IN PEDIATRIC PATIENTS 3 YEARS OF AGE AND OLDER"
"U-1210","USE OF REVLIMID (LENALIDOMIDE) WHILE PREVENTING THE EXPOSURE OF A FETUS OR OTHER CONTRAINDICATED INDIVIDUAL TO REVLIMID (LENALIDOMIDE)"
"U-1211","USE OF REVLIMID (LENALIDOMIDE) TO INHIBIT THE SECRETION OF PRO-INFLAMMATORY CYTOKINES, INCLUDING TUMOR NECROSIS FACTOR ALPHA"
"U-1212","USE OF REVLIMID (LENALIDOMIDE) FOR THE TREATMENT OF MULTIPLE MYELOMA AND TRANSFUSION-DEPENDENT ANEMIA IN MYELODYSPLASTIC SYNDROMES (MDS)"
"U-1213","TOPICAL TREATMENT OF SEBORRHEIC DERMATITIS IN IMMUNOCOMPETENT PATIENTS 12 YEARS OF AGE AND OLDER"
"U-1214","METHOD FOR RELIEVING CONSTIPATION IN A HUMAN PATIENT THAT COMPRISES ADMINISTERING TO THE PATIENT A DOSAGE UNIT COMPRISING (I) 24MCG+/- 10% OF A DRUG SUBSTANCE AND (II) A PHARMACEUTICALLY SUITABLE EXCIPIENT"
"U-1215","USE OF REVLIMID (LENALIDOMIDE) FOR THE TREATMENT OF TRANSFUSION-DEPENDENT ANEMIA IN MYELODYSPLASTIC SYNDROMES (MDS)"
"U-1216","USE OF REVLIMID (LENALIDOMIDE) FOR THE TREATMENT OF MULTIPLE MYELOMA"
"U-1217","METHOD OF INCREASING HAIR GROWTH"
"U-1218","METHOD OF STIMULATING HAIR GROWTH"
"U-1219","METHOD OF INCREASING THE NUMBER OF HAIRS"
"U-1220","TREATMENT OF RENAL CELL CARCINOMA"
"U-1221","TO STIMULATE THE IMMUNE SYSTEM TO INDUCE T CELL PROLIFERATION"
"U-1222","TO INHIBIT THE PROLIFERATIVE ACTIVITY OF NEOPLASTIC CELLS"
"U-1223","METHOD FOR TREATING TYPE 2 DIABETES USING A SUSTAINED-RELEASE COMPOSITION CONTAINING EXENATIDE"
"U-1224","REDUCTIONS IN BODY WEIGHT ARE OBSERVED WITH EXENATIDE"
"U-1225","ACCELERATING THE  TIME TO UPPER AND LOWER GASTROINTESTINAL RECOVERY FOLLOWING PARTIAL LARGE OR SMALL BOWEL RESECTION SURGERY WITH PRIMARY ANASTOMOSIS"
"U-1226","A METHOD OF PROVIDING A PREDETERMINED CONCENTRATION OF NITRIC OXIDE TO A PATIENT"
"U-1227","METHOD OF TREATING TYPE 2 DIABETES MELLITUS IN PATIENTS FOR WHOM TREATMENT WITH BOTH SITAGLIPTIN AND METFORMIN HCL EXTENDED RELEASE IS APPROPRIATE"
"U-1228","METHOD OF TREATING TYPE 2 DIABETES MELLITUS IN PATIENTS FOR WHOM TREATMENT WITH BOTH SITAGLIPTIN AND METFORMIN HCL EXTENDED RELEASE IS APPROPRIATE ALONE OR IN COMBINATION WITH INSULIN"
"U-1229","TREATMENT OF MILDLY TO MODERATELY ACTIVE ULCERATIVE COLITIS IN MALE PATIENTS"
"U-1230","A METHOD OF PROVIDING NITRIC OXIDE THERAPY TO A PATIENT"
"U-1231","TREATMENT OF MODERATE-TO-SEVERE PRIMARY RESTLESS LEG SYNDROME IN ADULTS"
"U-1232","USE AS ANTICOAGULANT IN PTS W/ UNSTABLE ANGINA UNDERGOING PTCA; W/ PROVISIONAL USE OF GLYCOPROTEIN IIB/IIIA INHIBITOR, AS ANTICOAGULANT IN PTS UNDERGOING PCI AND FOR PTS W/, OR AT RISK OF, HIT/HITTS UNDERGOING PCI.INTENDED FOR USE W/ASPIRIN"
"U-1233","TREATMENT OF CHRONIC HEPATITIS C (CHC) GENOTYPE 1 INFECTION, ADMINISTERED WITH FOOD"
"U-1234","FOR REDUCING TOTAL CHOLESTEROL (TOTAL-C), LDL-C, APO-LIPOPROTEIN B, OR TOTAL TRIGLYCERIDES, AND TREATING HYPERTRIGLYCERIDEMIA"
"U-1235","REDUCTION OF ELEVATED INTRAOCULAR PRESSURE IN PATIENTS WITH GLAUCOMA OR OCULAR HYPERTENSION"
"U-1236","USE OF THALOMID (THALIDOMIDE) FOR THE TREATMENT OF MULTIPLE MYELOMA"
"U-1237","COMBO W/ OTHER ANTIRETROVIRALS FOR TX OF HIV-1 IN ANTIRETROVIRAL TX-EXPERIENCED PT 6 YEARS UP, WHO HAVE EVIDENCE OF VIRAL REPLICATION AND HIV-1 STRAINS RESISTANT TO NON-NUCLEOSIDE REVERSE TRANSCRIPTASE INHIBITOR AND OTHER  ANTIRETROVIRALS"
"U-1238","TREATMENT OF ANEMIA DUE TO CHRONIC KIDNEY DISEASE"
"U-1239","MAGNETIC RESONANCE IMAGING OF THE LIVER"
"U-1240","TREATMENT OF HEAVY MENSTRUAL BLEEDING IN WOMEN WITHOUT ORGANIC PATHOLOGY WHO CHOOSE TO USE AN ORAL CONTRACEPTIVE AS THEIR METHOD OF CONTRACEPTION"
"U-1241","MANAGEMENT OF MODERATE TO SEVERE PAIN BY ORALLY ADMINISTERING AN INTACT COMPOSITION AS CLAIMED"
"U-1242","PREVENTION OF RESPIRATORY DISTRESS (RDS) IN PREMATURE INFANTS"
"U-1243","WITH DRY HANDS, GENTLY REMOVE THE SUPRENZA (PHENTERMINE HYDROCHLORIDE ODT) TABLET FROM THE BOTTLE. IMMEDIATELY PLACE THE SUPRENZA TABLET ON TOP OF THE TONGUE WHERE IT WILL DISSOLVE, THEN SWALLOW WITH OR WITHOUT WATER"
"U-1244","METHOD OF TREATING TYPE 2 DIABETES MELLITUS BY ADMINISTERING A DIPEPTIDYL PEPTIDASE-4 INHIBITOR IN COMBINATION WITH SULFONYLUREA"
"U-1245","METHOD OF TREATING TYPE 2 DIABETES MELLITUS BY ADMINISTERING A DIPEPTIDYL PEPTIDASE-4 INHIBITOR IN COMBINATION WITH PIOGLITAZONE"
"U-1246","SINGLE DOSE ADMINISTRATION INTO THE SURGICAL SITE TO PRODUCE POSTSURGICAL ANALGESIA"
"U-1247","MANAGEMENT OF POSTHERPETIC NEURALGIA (PHN) IN ADULTS"
"U-1248","USE OF TOPICAL DICLOFENAC ON THE KNEE AND A SECOND TOPICAL MEDICATION ON THE SAME KNEE"
"U-1249","TREATMENT OF MALE PATIENT HAVING A DISEASE OR CONDITION RESPONSIVE TO A TERATOGENIC DRUG"
"U-1250","TREATMENT OF PAIN, INCLUDING NEUROPATHIC PAIN ASSOCIATED WITH DIABETIC PERIPHERAL NEUROPATHY OR SPINAL CORD INJURY, POSTHERPETIC NEURALGIA, AND FIBROMYALGIA"
"U-1251","A METHOD OF CONTROLLING POSTOPERATIVE OCULAR PAIN AND BURNING/STINGING IN A PATIENT"
"U-1252","METHOD FOR CHRONIC WEIGHT MANAGEMENT BY DECREASING FOOD INTAKE"
"U-1253","METHOD FOR CHRONIC WEIGHT MANAGEMENT BY INDUCING SATIETY"
"U-1254","METHOD FOR CHRONIC WEIGHT MANAGEMENT BY CONTROLLING WEIGHT GAIN"
"U-1255","METHOD FOR CHRONIC WEIGHT MANAGEMENT BY TREATING OBESITY"
"U-1256","TREATMENT OF SEBORRHEIC DERMATITIS"
"U-1257","TREATMENT OF OPHTHALMIC DISORDERS"
"U-1258","VISUALIZATION DURING VITRECTOMY PROCEDURES"
"U-1259","PROPHYLAXIS OF HIV-1 INFECTION"
"U-1260","TREATMENT OF PATIENTS WITH MULTIPLE MYELOMA WHO HAVE RECEIVED AT LEAST TWO PRIOR THERAPIES INCLUDING BORTEZOMIB AND AN IMMUNOMODULATORY AGENT AND HAVE DEMONSTRATED DISEASE PROGRESSION ON OR WITHIN 60 DAYS OF COMPLETION OF THE LAST THERAPY"
"U-1261","REDUCTION OF THE RISK OF HOSPITALIZATION FOR ATRIAL FIBRILLATION"
"U-1262","USE OF QSYMIA (PHENTERMINE AND TOPIRAMATE) FOR WEIGHT MANAGEMENT, INCLUDING, BUT NOT LIMITED TO EFFECTING WEIGHT LOSS, TREATING OBESITY, AND/OR TREATING OVERWEIGHT"
"U-1263","TREATMENT OF CHRONIC OBSTRUCTIVE PULMONARY DISEASE (COPD) OR CHRONIC BRONCHITIS"
"U-1264","TREATMENT OF A RESPIRATORY DISEASE"
"U-1265","PATENTED METHOD OF USING REPAGLINIDE IN COMBINATION WITH METFORMIN AS INDICATED FOR IMPROVING GLYCEMIC CONTROL IN ADULTS WITH TYPE 2 DIABETES MELLITUS"
"U-1266","METHOD OF TREATING MIDDLE-OF-THE-NIGHT INSOMNIA"
"U-1267","TREATMENT OF RHEUMATOID ARTHRITIS BY DELAYED RELEASE FORMULATION OF 1MG OR 2MG OF PREDNISONE"
"U-1268","TREATMENT OF PULMONARY, GASTROINTESTINAL AND/OR RHEUMATOLOGICAL DISEASES OR CONDITIONS BY USE OF DELAYED RELEASE FORMULATIONS OF 1MG OR 2MG PREDNISONE"
"U-1269","TREATMENT OF RHEUMATOLOGIC, ALLERGIC, PULMONARY,  GASTROINTESTINAL,  DERMATOLOGIC DISEASES OR CONDITIONS BY THE USE OF A DELAYED RELEASE 5MG PREDNISONE TABLET"
"U-1270","METHOD OF TREATING TYPE 2 DIABETES MELLITUS BY ADMINISTERING LINAGLIPTIN IN COMBINATION WITH INSULIN (WITH OR WITHOUT METFORMIN AND/OR PIOGLITAZONE)"
"U-1271","TREATMENT OF ADULT PATIENTS WITH PHILADELPHIA CHROMOSOME-NEGATIVE(PH-) ACUTE LYMPHOBLASTIC LEUKEMIA (ALL) IN SECOND OR GREATER RELAPSE OR WHOSE DISEASE HAS PROGRESSED FOLLOWING TWO OR MORE ANTI-LEUKEMIA THERAPIES"
"U-1272","TREATMENT OF SIGNS AND SYMPTOMS OF PARKINSON'S DISEASE BY APPLICATION OF CLAIMED TRANSDERMAL SYSTEM"
"U-1273","TREATMENT OF RESTLESS LEGS SYNDROME BY APPLICATION OF CLAIMED TRANSDERMAL DELIVERY SYSTEM"
"U-1274","TREATMENT OF EXOCRINE PANCREATIC INSUFFICIENCY DUE TO CYSTIC FIBROSIS OR OTHER CONDITIONS"
"U-1275","TREATMENT OF CHRONIC HEPATITIS B IN ADULTS AND PEDIATRIC PATIENTS 12 YEARS OF AGE AND OLDER"
"U-1276","MANAGEMENT OF NEUROPATHIC PAIN ASSOCIATED WITH DIABETIC PERIPHERAL NEUROPATHY"
"U-1277","METHOD OF INCREASING EYELASH GROWTH INCLUDING LENGTH, THICKNESS, DARKNESS AND/OR NUMBER OF EYELASHES BY ADMINISTERING BIMATOPROST TO AN EYELID MARGIN"
"U-1278","METHOD OF TREATING IRRITABLE BOWEL SYNDROME WITH CONSTIPATION IN ADULTS"
"U-1279","TREATMENT OF HIV INFECTION USING A COMPOSITION CONTAINING A PHARMACOKINETIC ENHANCER THAT INHIBITS CYTOCHROME P450 MONOOXYGENASE"
"U-1280","USE OF A CALCIPOTRIENE CONTAINING FOAM FOR THE TREATMENT OF PSORIASIS"
"U-1281","THE TREATMENT OF PATIENTS WITH METASTATIC CASTRATION-RESISTANT PROSTATE CANCER WHO HAVE PREVIOUSLY RECEIVED DOCETAXEL"
"U-1282","PREVENTION OF ACUTE AND DELAYED NAUSEA AND VOMITING"
"U-1283","A METHOD OF TREATING CHRONIC MYELOGENOUS LEUKEMIA"
"U-1284","A METHOD OF TREATING A NEOPLASM"
"U-1285","TREATMENT OF PATIENTS WITH RELAPSING FORMS OF MULTIPLE SCLEROSIS"
"U-1286","A METHOD OF REDUCING THE RISK OF PULMONARY EDEMA IN PATIENTS IN NEED OF TREATMENT WITH INHALED NITRIC OXIDE"
"U-1287","METHOD OF REDUCING TG LEVELS IN PATIENT SUFFERING FROM SEVERE HYPERTRIGLYCERIDEMIA"
"U-1288","TREATMENT OF ERECTILE DYSFUNCTION BY ADMINISTERING A FILM-COATED TABLET"
"U-1289","MANAGEMENT OF MODERATE TO SEVERE ACUTE PAIN"
"U-1290","TREATMENT OF LUNG CANCER"
"U-1291","TREATMENT OF ACUTE PROMYELOCYTIC LEUKEMIA (APL) IN PATIENTS WHOSE APL IS CHARACTERIZED BY THE PRESENCE OF THE (15;17) TRANSLOCATION OR PML/RAR-ALPHA GENE EXPRESSION"
"U-1292","TREATMENT OF DISEASES OR CONDITIONS BY THE USE OF A DELAYED RELEASE 1, 2, OR 5 MG PREDNISONE TABLET"
"U-1293","A METHOD OF LOWERING INTRAOCULAR PRESSURE IN A PATIENT WITH OPEN ANGLE GLAUCOMA OR OCULAR HYPERTENSION"
"U-1294","METHOD OF TREATING GLAUCOMA IN A PATIENT"
"U-1295","A METHOD OF TREATING A PATIENT WITH GLAUCOMA OR OCULAR HYPERTENSION"
"U-1296","USE OF PEMETREXED WITH PRIOR AND/OR REPEATED VITAMIN B12 AND FOLIC ACID ADMINISTRATION"
"U-1297","TREATMENT OF PULMONARY ARTERIAL HYPERTENSION BY INHIBITING ENDOTHELIN RECEPTORS"
"U-1298","ADJUNCTIVE THERAPY IN THE TREATMENT OF PARTIAL SEIZURES"
"U-1299","TREATMENT OF PATIENTS WITH LEUKEMIA INCLUDING CHRONIC MYELOID/MYELOGENOUS LEUKEMIA (CML)"
"U-1300","TREATMENT OF PATIENTS WITH TYROSINE KINASE INHIBITOR (TKI) RESISTANT OR INTOLERANT CHRONIC MYELOID/MYELOGENOUS LEUKEMIA (CML)"
"U-1301","TREATMENT OF DEEP VEIN THROMBOSIS (DVT)"
"U-1302","TREATMENT OF PULMONARY EMBOLISM (PE)"
"U-1303","REDUCTION IN THE RISK OF RECURRENCE OF DEEP VEIN THROMBOSIS (DVT) AND PULMONARY EMBOLISM"
"U-1304","USE OF ONCE-A-DAY AMOXICILLIN PRODUCT TO TREAT TONSILLITIS AND/OR PHARYNGITIS SECONDARY TO STREPTOCOCCUS PYOGENES"
"U-1305","TREATMENT OF HIV-1 INFECTION IN ADULT PATIENTS, AND TREATMENT OF HIV-1 INFECTION IN PEDIATRIC PATIENTS 3 YEARS OF AGE AND OLDER, CO-ADMINISTERED WITH RITONAVIR (PREZISTA/RITONAVIR) AND WITH OTHER ANTIRETROVIRAL AGENTS"
"U-1306","TREATMENT OF THROMBOCYTOPENIA IN PATIENTS WITH CHRONIC HEPATITIS C TO ALLOW THE INITIATION AND MAINTENANCE OF INTERFERON-BASED THERAPY"
"U-1307","IN COMBINATION WITH OTHER ANTIRETROVIRAL AGENTS FOR THE TREATMENT OF HIV-1 INFECTION IN TREATMENT-NAIVE ADULT PATIENTS WITH HIV-1 RNA LESS THAN OR EQUAL TO 100,000 AT THE START OF THERAPY"
"U-1308","MULTIPLE MYELOMA"
"U-1309","BONE METASTASES"
"U-1310","FOR THE MAINTENANCE OF REMISSION OF ULCERATIVE COLITIS"
"U-1311","METHOD OF TREATING CYSTIC FIBROSIS"
"U-1312","USE FOR THE TREATMENT OF HYPERGLYCEMIA"
"U-1313","AS AN ADJUNCT TO DIET AND EXERCISE TO IMPROVE GLYCEMIC CONTROL IN ADULTS WITH TYPE 2 DIABETES MELLITUS"
"U-1314","USE IN COMBINATION WITH PREDNISONE FOR THE TREATMENT OF PATIENTS WITH METASTATIC CASTRATION-RESISTANT PROSTATE CANCER"
"U-1315","THE LONG TERM TREATMENT OF PROPHYLACTIC MANAGEMENT OF OCULAR HYPERTENSION AND GLAUCOMA"
"U-1316","A DOSING REGIMEN FOR THE TREATMENT OF HYPERCHOLESTEROLEMIA AND HYPERLIPIDEMIA IN PATIENTS WITH HOMOZYGOUS FAMILIAL HYPERCHOLESTEROLEMIA USING AT LEAST THREE STEP-WISE INCREASING DOSES"
"U-1317","TREATMENT OF HYPERCHOLESTEROLEMIA, HYPERLIPIDEMIA AND HYPERLIPOPROTEINEMIA IN PATIENTS WITH HOMOZYGOUS FAMILIAL HYPERCHOLESTEROLEMIA"
"U-1318","TREATMENT OF HYPERCHOLESTEROLEMIA BY DECREASING THE AMOUNT OR ACTIVITY OF MICROSOMAL TRIGLYCERIDE TRANSFER PROTEIN IN PATIENTS WITH HOMOZYGOUS FAMILIAL HYPERCHOLESTEROLEMIA"
"U-1319","SYMPTOMATIC RELIEF OF NON-INFECTIOUS DIARRHEA"
"U-1320","TREATMENT OF ADULT PATIENTS WITH SHORT BOWEL SYNDROME WHO ARE DEPENDENT ON PARENTERAL SUPPORT"
"U-1321","TREATMENT OF PULMONARY MULTI-DRUG RESISTANT TUBERCULOSIS"
"U-1322","METHOD OF REDUCING OCULAR HYPERTENSION"
"U-1323","REDUCING THE RISK OF STROKE"
"U-1324","MANAGEMENT OF CYSTIC FIBROSIS PATIENTS"
"U-1325","INDUCTION OF REMISSION IN PATIENTS WITH ACTIVE, MILD TO MODERATE ULCERATIVE COLITIS"
"U-1326","METHOD OF INDUCING CONTRACEPTION IN A FEMALE OF REPRODUCTIVE AGE WHO HAS NOT YET REACHED PREMENOPAUSE"
"U-1327","METHOD FOR TREATING ACUTE MIGRAINE IN ADULTS, WITH OR WITHOUT AURA, COMPRISING IONTOPHORETIC TRANSDERMAL DELIVERY OF SUMATRIPTAN OR A SALT THEREOF, USING A FLOWABLE HYDROGEL FORMULATION"
"U-1328","METHOD FOR TREATING ACUTE MIGRAINE IN ADULTS, WITH OR WITHOUT AURA,  COMPRISING IONTOPHORETIC TRANSDERMAL DELIVERY OF SUMATRIPTAN OR A SALT THEREOF"
"U-1329","TREATMENT OF PATIENTS WITH AN OVERACTIVE BLADDER"
"U-1330","METHODS OF TREATING LIPID METABOLISM AND GLYCOMETABOLISM DISORDERS COMPRISING ADMINISTERING AN INSULIN SENSITIVITY ENHANCER SUCH AS PIOGLITAZONE IN COMBINATION WITH AN INSULIN SECRETION ENHANCER"
"U-1331","METHODS OF REDUCING THE AMOUNT OF ACTIVE COMPONENTS ADMINISTERED TO A DIABETIC PATIENT COMPRISING ADMINISTERING AN INSULIN SENSITIVITY ENHANCER SUCH AS PIOGLITAZONE IN COMBINATION WITH AN INSULIN SECRETION ENHANCER"
"U-1332","METHODS OF REDUCING THE SIDE EFFECTS OF ACTIVE COMPONENTS ADMINISTERED TO A DIABETIC PATIENT COMPRISING ADMINISTERING AN INSULIN SENSITIVITY ENHANCER SUCH AS PIOGLITAZONE IN COMBINATION WITH AN INSULIN SECRETION ENHANCER"
"U-1333","METHODS OF LOWERING ELEVATED POST PRANDIAL BLOOD GLUCOSE LEVELS COMPRISING ADMINISTERING A DIPEPTIDYL PEPTIDASE INHIBITOR"
"U-1334","METHODS OF TREATING DIABETES  COMPRISING ADMINISTERING AN INSULIN SENSITIVITY ENHANCER SUCH AS PIOGLITAZONE IN COMBINATION WITH AN INSULIN SECRETION ENHANCER"
"U-1335","METHODS OF MODIFYING GLUCOSE METABOLISM AND TREATING DIABETES COMPRISING ADMINISTERING A DIPEPTIDYL PEPTIDASE INHIBITOR AND ONE OR MORE OTHER THERAPEUTIC AGENTS SUCH AS METFORMIN"
"U-1336","METHODS OF TREATING DIABETES COMPRISING ADMINISTERING A DIPEPTIDYL PEPTIDASE INHIBITOR AND METFORMIN"
"U-1337","METHOD OF TREATING DIABETES COMPRISING ADMINISTERING ALOGLIPTIN"
"U-1338","METHOD OF TREATING DIABETES COMPRISING ADMINISTERING A COMPOUND SUCH AS ALOGLIPTIN"
"U-1339","METHODS OF TREATING DIABETES COMPRISING ADMINISTERING AN INSULIN SENSITIVITY ENHANCER SUCH AS PIOGLITAZONE IN COMBINATION WITH A BIGUANIDE SUCH AS METFORMIN"
"U-1340","METHODS OF TREATING LIPID METABOLISM DISORDERS COMPRISING ADMINISTERING AN INSULIN SENSITIVITY ENHANCER SUCH AS PIOGLITAZONE IN COMBINATION WITH A BIGUANIDE SUCH AS METFORMIN"
"U-1341","METHODS OF TREATING GLYCOMETABOLISM DISORDERS COMPRISING ADMINISTERING AN INSULIN SENSITIVITY ENHANCER SUCH AS PIOGLITAZONE IN COMBINATION WITH A BIGUANIDE SUCH AS METFORMIN"
"U-1342","METHODS OF REDUCING THE AMOUNT OF ACTIVE COMPONENTS ADMINISTERED TO A DIABETIC PATIENT COMPRISING ADMINISTERING AN INSULIN SENSITIVITY ENHANCER SUCH AS PIOGLITAZONE IN COMBINATION WITH A BIGUANIDE SUCH AS METFORMIN"
"U-1343","METHODS OF REDUCING THE SIDE EFFECTS OF ACTIVE COMPONENTS ADMINISTERED TO A DIABETIC PATIENT COMPRISING ADMINISTERING AN INSULIN SENSITIVITY ENHANCER SUCH AS PIOGLITAZONE IN COMBINATION WITH A BIGUANIDE SUCH AS METFORMIN"
"U-1344","METHODS OF REDUCING THE SIDE EFFECTS OF ACTIVE COMPONENTS ADMINISTERED TO A DIABETIC PATIENT COMPRISING ADMINISTERING AN INSULIN SENSITIVITY ENHANCER SUCH AS PIOGLITAZONE IN COMBINATION WITH AN INSULIN PREPARATION"
"U-1345","USE IN RELIEVING OR PREVENTING CONSTIPATION IN A HUMAN PATIENT WITH A DOSAGE UNIT COMPRISING 24MICROG+/- 10% OF A DRUG SUBSTANCE AND A PHARMACEUTICALLY SUITABLE EXCIPIENT"
"U-1346","USE OF FEBUXOSTAT FOR THE MANAGEMENT OF HYPERURICEMIA IN PATIENTS SUFFERING FROM GOUT AND, WHEN USED WITH THEOPHYLLINE WITHOUT THE NEED FOR DOSE ADJUSTMENT OF THEOPHYLLINE"
"U-1347","TREATMENT OF A SKIN DISORDER"
"U-1348","TREATMENT OF OSTEOARTHRITIS"
"U-1349","TREATMENT OF JUVENILE RHEUMATOID ARTHRITIS"
"U-1350","TREATMENT OF ANKYLOSING SPONDYLITIS"
"U-1351","TREATMENT OF ACUTE PAIN"
"U-1352","TREATMENT OF PRIMARY DYSMENORRHEA"
"U-1353","ADJUNCTIVE THERAPY TO LIPID-LOWERING MEDICATIONS AND DIET TO REDUCE LOW DENSITY LIPOPROTEIN-CHOLESTEROL, APOLIPOPROTEIN B, TOTAL CHOLESTEROL, AND NON-HIGH DENSITY LIPOPROTEIN CHOLESTEROL IN PTS WITH HOMOZYGOUS FAMILIAL HYPERCHOLESTEROLEMIA"
"U-1354","INHIBITION OF PREMATURE LH SURGES IN WOMEN UNDERGOING CONTROLLED OVARIAN HYPERSTIMULATION WITH FSH"
"U-1355","MAINTENANCE TREATMENT OF ASTHMA AS PROPHYLACTIC THERAPY IN ADULT AND ADOLESCENT PATIENTS 12 YEARS OF AGE AND OLDER. PATENT CLAIMS METHOD FOR TREATING A RESPIRATORY DISEASE IN A CHILD"
"U-1356","TREATMENT OF NASAL SYMPTOMS ASSOCIATED WITH SEASONAL ALLERGIC RHINITIS IN ADULTS AND CHILDREN 6 YEARS OF AGE AND OLDER. TREATMENT OF NASAL SYMPTOMS ASSOCIATED W PERENNIAL ALLERGIC RHINITIS IN ADULTS AND ADOLESCENTS 12 YEARS OF AGE AND OLDER"
"U-1357","TREATMENT OF SYMPTOMS ASSOCIATED WITH SEASONAL AND PERENNIAL ALLERGIC RHINITIS IN ADULTS AND ADOLESCENTS 12 YEARS OF AGE AND OLDER. PATENT CLAIMS METHODS FOR TREATING A RESPIRATORY DISEASE IN A CHILD"
"U-1358","TREATMENT OF BACTERIAL INFECTIONS IN THE NASAL PASSAGE OF ADULT PATIENTS AND HEALTH CARE WORKERS WITH METHICILLIN RESISTANT S. AUREUS"
"U-1359","USE OF POMALIDOMIDE TO INHIBIT THE SECRETION OF PRO-INFLAMMATION CYTOKINES, INCLUDING TUMOR NECROSIS FACTOR ALPHA"
"U-1360","USE OF POMALIDOMIDE FOR THE TREATMENT OF MULTIPLE MYELOMA"
"U-1361","USE OF POMALIDOMIDE WHILE PREVENTING THE EXPOSURE OF A FETUS OR OTHER CONTRAINDICATED INDIVIDUAL TO POMALIDOMIDE"
"U-1362","TREATMENT OF DISEASES OR CONDITIONS BY THE USE OF A DELAYED-RELEASE 1,2, OR 5MG PREDNISONE TABLET"
"U-1363","A METHOD OF TREATING OR PREVENTING OCULAR PAIN AND BURNING/STINGING FOLLOWING CORNEAL SURGERY"
"U-1364","MAINTENANCE TREATMENT OF MAJOR DEPRESSIVE DISORDER (MDD)"
"U-1365","PROPHYLAXIS OF ALLOGRAFT REJECTION IN ADULT PATIENTS RECEIVING A LIVER TRANSPLANT"
"U-1366","TREATMENT OF INFERTILITY THROUGH INDUCTION OF OVULATION AND PREGNANCY TO ANOVULATORY INFERTILE WOMEN"
"U-1367","METHOD OF ADMINISTERING FSH FOR THE TREATMENT OF INFERTILITY THROUGH INDUCTION OF OVULATION AND PREGNANCY IN ANOVULATORY INFERTILE WOMEN"
"U-1368","TREATMENT OF SOLID EXCRETORY SYSTEM TUMORS; ADVANCED RENAL CELL CARCINOMA (RCC), AFTER FAILURE OF TREATMENT WITH SUNITINIB OR SORAFENIB"
"U-1369","TREATMENT OF VAGINAL SYMPTOMS OF UROGENITAL ATROPHY BY ORALLY ADMINISTERING OSPEMIFENE WITH FOOD TO ENHANCE BIOAVAILABILITY OF OSPEMIFENE"
"U-1370","TREATMENT OF DYSPAREUNIA ASSOCIATED WITH MENOPAUSE"
"U-1371","REDUCTION OF INTRAOCULAR PRESSURE IN PATIENTS WITH ELEVATED INTRAOCULAR PRESSURE OR GLAUCOMA"
"U-1372","ADMINISTRATION WITHOUT FOOD FOR TREATMENT OF HIV-1 INFECTION"
"U-1373","METHOD OF TREATING ACETAMINOPHEN OVERDOSE WITH ACETYLCYSTEINE SOLUTIONS"
"U-1374","TREATMENT OF PHILADELPHIA CHROMOSOME POSITIVE CHRONIC MYELOID LEUKEMIA (PH+CML)"
"U-1375","ADASUVE IS A TYPICAL ANTIPSYCHOTIC INDICATED FOR THE ACUTE TREATMENT OF AGITATION ASSOCIATED WITH SCHIZOPHRENIA OR BIPOLAR I DISORDER IN ADULTS"
"U-1376","TREATMENT OF INFLAMMATORY LESIONS OF NON-NODULAR MODERATE TO SEVERE ACNE VULGARIS"
"U-1377","IMPROVE RESPIRATORY SYMPTOMS IN CYSTIC FIBROSIS IN PATIENTS WITH PSEUDOMONAS AERUGINOSA"
"U-1378","TREATMENT OF A NITROGEN METABOLISM DISORDER"
"U-1379","IMPROVEMENT OF GLYCEMIC CONTROL IN ADULTS WITH TYPE 2 DIABETES MELLITUS WHO HAVE ONE OR MORE SPECIFIED CARDIOVASCULAR RISK FACTORS"
"U-1380","IMPROVEMENT OF GLYCEMIC CONTROL IN ADULTS WITH TYPE 2 DIABETES MELLITUS WHO HAVE ONE OR MORE SPECIFIED CARDIOVASCULAR RISK FACTORS WHEREIN THE PATIENT HAS CARDIOVASCULAR DISEASE"
"U-1381","USE OF PRASUGREL AND ASPIRIN IN PATIENTS REQUIRING THE REDUCTION OF THROMBOTIC CARDIOVASCULAR EVENTS"
"U-1382","TREATMENT OF NAUSEA AND VOMITING OF PREGNANCY IN WOMEN WHO DO NOT RESPOND TO CONSERVATIVE MANAGEMENT"
"U-1383","DOSAGE ADJUSTMENT OF A NITROGEN SCAVENGING DRUG IN THE TREATMENT OF A UREA CYCLE DISORDER"
"U-1384","METHOD OF TREATING MULTIPLE SCLEROSIS"
"U-1385","METHOD OF TREATING AN AUTOIMMUNE DISEASE SELECTED FROM AUTOIMMUNE POLYARTHRITIS AND MULTIPLE SCLEROSIS BUT NOT TREATING PSORIATIC ARTHRITIS"
"U-1386","A METHOD OF INCREASING THE TESTOSTERONE BLOOD LEVEL OF A PERSON IN NEED THEREOF"
"U-1387","REDUCTION IN RISK OF HOSPITALIZATION IN PATIENTS WITH A HISTORY OF PAROXYSMAL OR PERSISTENT AF WITHOUT SEVERE HEART FAILURE AND WITH ONE OR MORE RISK FACTORS BY ADMINISTRATION TWICE A DAY WITH MORNING AND EVENING MEALS"
"U-1388","TREATMENT OF PATIENTS WITH A HISTORY OF PAROXYSMAL OR PERSISTENT AF WITHOUT SEVERE HEART FAILURE AND WITH ONE OR MORE RISK FACTORS BY ADMINISTRATION TWICE A DAY WITH MORNING AND EVENING MEALS"
"U-1389","ELLA IS A PROGESTERONE AGONIST/ANTAGONIST EMERGENCY CONTRACEPTION INDICATED FOR THE PREVENTION OF PREGNANCY FOLLOWING UNPROTECTED INTERCOURSE OR A KNOWN OR SUSPECTED CONTRACEPTIVE FAILURE. ELLA CAN BE TAKEN WITH OR WITHOUT FOOD"
"U-1390","A METHOD OF INCREASING THE TESTOSTERONE BLOOD LEVEL OF AN ADULT MALE SUBJECT IN NEED THEREOF"
"U-1391","METHOD FOR TREATING OPIOID-INDUCED CONSTIPATION"
"U-1392","METHOD OF RELIEVING OR PREVENTING CONSTIPATION IN A HUMAN PATIENT WITH OPIOID-INDUCED CONSTIPATION"
"U-1393","METHOD FOR RELIEVING OR TREATING CONSTIPATION IN A PATIENT WITH OPIOID-INDUCED CONSTIPATION"
"U-1394","METHOD FOR RELIEVING CONSTIPATION IN A PATIENT WITH OPIOID-INDUCED CONSTIPATION THAT COMPRISES ADMINISTERING TO THE PATIENT A DOSAGE UNIT COMPRISING(I)24MICROG+/- 10% OF A DRUG SUBSTANCE AND (II) A PHARMACEUTICALLY SUITABLE EXCIPIENT"
"U-1395","USE IN RELIEVING OR PREVENTING CONSTIPATION IN A PATIENT WITH OPIOID-INDUCED CONSTIPATION WITH A DOSAGE UNIT COMPRISING 24MICROG +/- 10% OF A DRUG SUBSTANCE AND A PHARMACEUTICALLY SUITABLE EXCIPIENT"
"U-1396","TREATMENT OF ADVANCED HORMONE RECEPTOR POSITIVE, HER2-NEGATIVE BREAST CANCER IN COMBINATION WITH EXEMESTANE AFTER FAILURE OF TREATMENT WITH LETROZOLE OR ANASTROZOLE"
"U-1397","USE AS AN ANTISEPTIC FOR THE PREPARATION OF A PATIENT'S SKIN PRIOR TO SURGERY"
"U-1398","METHOD OF TREATING CHRONIC HEPATITIS C"
"U-1399","MANAGEMENT OF NEPHROPATHIC CYSTINOSIS BY ADMINISTERING A TOTAL DAILY DOSE IN TWO DIVIDED DOSES"
"U-1400","FOR THE TREATMENT OF PRIMARY HYPERLIPIDEMIA, MIXED HYPERLIPIDEMIA OR HOMOZYGOUS FAMILIAL HYPERCHOLESTEROLEMIA"
"U-1401","INDICATED FOR LONG-TERM, ONCE-DAILY MAINTENANCE TREATMENT OF AIRFLOW OBSTRUCTION IN PTS WITH COPD, INCLUDING CHRONIC BRONCHITIS AND/OR EMPHYSEMA, ALSO TO REDUCE EXACERBATIONS OF COPD IN PTS WITH A HISTORY OF EXACERBATIONS"
"U-1402","FOR USE IN THE TREATMENT OF PATIENTS WITH CHRONIC LYMPHOCYTIC LEUKEMIA (CLL) AND/OR INDOLENT B-CELL NON-HODGKIN LYMPHOMA (NHL)"
"U-1403","FIRST-LINE TREATMENT OF METASTATIC NON SMALL-CELL LUNG CANCER (NSCLC) WITH EGFR EXON 19 DELETIONS OR EXON 21 (L858R) SUBSTITUTION MUTATIONS AS DETECTED BY AN FDA-APPROVED TEST"
"U-1404","METHOD FOR TREATING CONSTIPATION IN A PATIENT WITH OPIOID-INDUCED CONSTIPATION BY OPENING CIC CHANNELS"
"U-1405","THERAPEUTIC TREATMENT OF BONE METASTASES"
"U-1406","TREATMENT OF MELANOMA"
"U-1407","TREATMENT OF NEWLY DIAGNOSED PHILADELPHIA CHROMOSOME POSITIVE CHRONIC MYELOID LEUKEMIA (PH + CML)"
"U-1408","TREATMENT OF PLAQUE PSORIASIS IN PATIENTS 18 YEARS OF AGE OR OLDER"
"U-1409","TREATMENT OF HIV-1 BY ONCE DAILY ADMINISTRATION"
"U-1410","TREATMENT OF CORTICOSTEROID-RESPONSIVE DERMATOSES"
"U-1411","THIS DRUG IS ADMINISTERED BY SUBLINGUAL ROUTE TO HUMANS FOR MAINTENANCE TREATMENT OF OPIOID DEPENDENCE"
"U-1412","TREATMENT OF ATOPIC DERMATITIS"
"U-1413","ADMINISTRATION OF REMODULIN DILUTED FOR INTRAVENOUS INFUSION WITH FLOLAN STERILE DILUENT FOR INJECTION PRIOR TO INFUSION"
"U-1414","USE OF REVLIMID (LENALIDOMIDE) FOR THE TREATMENT OF MANTLE CELL LYMPHOMA (MCL)"
"U-1415","TREATING A PATIENT HAVING A CONDITION SUSCEPTIBLE TO TREATMENT WITH METHYLPHENIDATE, SUCH AS ADHD, BY ADMINISTERING THE FORMULATION RECITED IN CLAIMS 1 OR 2"
"U-1416","USE OF FENOFIBRATE FOR REDUCING ELEVATED TOTAL CHOLESTEROL (TOTAL-C), LDL-C, APO-LIPOPROTEIN B, OR TOTAL TRIGLYCERIDES"
"U-1417","USE FOR TREATMENT OF HELICOBACTER INFECTIONS"
"U-1418","TREATMENT OF PATIENTS WITH UNRESECTABLE OR METASTATIC MELANOMA WITH BRAFV600E MUTATION AS DETECTED BY AN FDA APPROVED TEST"
"U-1419","TREATMENT OF ACUTE CYANIDE POISONING THAT IS JUDGED TO BE LIFE THREATENING"
"U-1420","METHOD OF ONCE A DAY ADMINISTRATION"
"U-1421","SUBLINGUAL ADMINISTRATION OF A PHARMACEUTICAL COMPOSITION COMPRISING BUPRENORPHINE"
"U-1422","METHOD OF TREATING PATIENTS NEEDING AN IRON SUPPLEMENT"
"U-1423","AMYVID IS A RADIOACTIVE DIAGNOSTIC AGENT FOR POSITRON EMISSION TOMOGRAPHY (PET) IMAGING OF THE BRAIN TO ESTIMATE BETA-AMYLOID NEURITIC PLAQUE DENSITY IN ADULT PATIENTS WITH COGNITIVE IMPAIRMENT"
"U-1424","LONG-TERM, ONCE DAILY MAINTENANCE TREATMENT OF AIRFLOW OBSTRUCTION IN PTS WITH COPD, INCLUDING CHRONIC BRONCHITIS AND/OR EMPHYSEMA, ALSO TO REDUCE EXACERBATIONS OF COPD IN PATIENTS WITH A HISTORY OF EXACERBATIONS"
"U-1425","SUBLINGUAL ADMINISTRATION OF A PHARMACEUTICAL COMPOSITION COMPRISING BUPRENORPHINE AND NALOXONE"
"U-1426","USE FOR TREATMENT OF DIAPER DERMATITIS COMPLICATED BY CANDIDIASIS"
"U-1427","ALKYLATING DRUG INDICATED FOR THE TOPICAL TREATMENT OF STAGE IA AND IB MYCOSIS FUNGOIDES-TYPE CUTANEOUS T-CELL LYMPHOMA IN PATIENTS WHO HAVE RECEIVED PRIOR SKIN DIRECTED THERAPY"
"U-1428","TOPICAL TREATMENT OF FACIAL ERYTHEMA OF ROSACEA"
"U-1429","TREATMENT OF PATIENTS WITH BREAST CANCER WHOSE TUMORS OVEREXPRESS THE HER2 RECEPTOR"
"U-1430","TREATMENT OF ALLERGIC RHINITIS, INCLUDING SEASONAL AND PERENNIAL ALLERGIC RHINITIS"
"U-1431","METHOD OF TREATING HYPERGLYCEMIA TO IMPROVE GLYCEMIC CONTROL IN A PATIENT BY ORAL ADMIN OF ONCE A DAY OSMOTIC DOSAGE FORM OF GLIPIZIDE WITH POLYETHYLENE OXIDE, HYDROXYPROPYLMETHYLCELLULOSE, CELLULOSE ACETATE, AND SODIUM CHLORIDE"
"U-1432","METHOD OF TREATMENT OF IRON-RELATED CONDITIONS WITH AT LEAST 0.6 GRAMS OF ELEMENTAL IRON VIA AN IRON CARBOHYDRATE COMPLEX"
"U-1433","IMPROVEMENTS OF GLYCEMIC CONTROL IN INDIVIDUALS WITH TYPE 2 DIABETES WHO HAVE ONE OR MORE SPECIFIED CARDIOVASCULAR RISK FACTORS"
"U-1434","TREATMENT OF PANCREATIC CANCER"
"U-1435","COMBINATION USE OF TOPICAL DICLOFENAC ON THE KNEE AND ADMINISTRATION OF AN ORAL NSAID."
"U-1436","USE OF TOPICAL DICLOFENAC ON THE KNEE AND A SECOND TOPICAL AGENT SELECTED FROM SUNSCREEN AND INSECT REPELLANT"
"U-1437","ADMINISTRATION OF REMODULIN DILUTED FOR INTRAVENOUS INFUSION WITH STERILE DILUENT FOR FLOLAN OR STERILE DILUENT FOR EPOPROSTENOL SODIUM PRIOR TO ADMINISTRATION"
"U-1438","ZINGO INTRADERMAL INJECTION SYSTEM IS A DRUG DELIVERY SYSTEM THAT IS CAPABLE OF DELIVERING FINE DRY POWDERED LIDOCAINE HYDROCHLORIDE MONOHYDRATE FOR LOCAL ANESTHETIC ACTION"
"U-1439","METHOD OF TREATING AN AFFECTIVE DISORDER SUCH AS DEPRESSION"
"U-1440","USE OF INGENOL MEBUTATE TO TREAT ACTINIC KERATOSIS"
"U-1441","A METHOD OF TREATING OR REDUCING OCULAR PAIN AND BURNING/STINGING"
"U-1442","SUBCUTANEOUS INJECTION OF METHOTREXATE"
"U-1443","ACCELERATING THE TIME TO UPPER AND LOWER GASTROINTESTINAL RECOVERY FOLLOWING SURGERIES THAT INCLUDE PARTIAL BOWEL RESECTION WITH PRIMARY ANASTOMOSIS"
"U-1444","A DOSING REGIMEN OF AGGRASTAT (TIROFIBAN HYDROCHLORIDE)(25MCG/KG FOLLOWED BY 0.15MCG/KG/MIN INFUSION) TO REDUCE THE RATE OF THROMBOTIC CORONARY EVENTS ASSOCIATED WITH ACUTE CORONARY SYNDROME (ACS) IN PATIENTS WITH NON-ST ELEVATION ACS"
"U-1445","METHOD OF TREATING PULMONARY ARTERIAL HYPERTENSION BY ADMINISTERING A PHARMACEUTICAL COMPOSITION COMPRISING MACITENTAN AND A POLYSORBATE, WHEREIN THE POLYSORBATE REPRESENTS 0.1 TO 1% OF THE WEIGHT OF SAID PHARMACEUTICAL COMPOSITION"
"U-1446","METHOD OF TREATING PULMONARY HYPERTENSION COMPRISING ADMINISTERING MACITENTAN IN COMBINATION WITH A COMPOUND HAVING PHOSPHODIESTERASE-5 INHIBITORY PROPERTIES"
"U-1447","TREATING PRIMARY HYPERCHOLESTEROLEMIA AND MIXED DYSLIPIDEMIA"
"U-1448","TREATING SEVERE HYPERTRIGLYCERIDEMIA"
"U-1449","METHOD OF ALLEVIATING A SKIN CONDITION"
"U-1450","TREATMENT OF ALLERGIC RHINITIS SYMPTOMS"
"U-1451","APPROVED INDICATIONS:  APTIOM (ESLICARBAZEPINE ACETATE) IS INDICATED AS ADJUNCTIVE TREATMENT OF PARTIAL-ONSET SEIZURES AND APPROVED IN PATIENTS WITH EPILEPSY.  PATENT CLAIMS:  IN A METHOD OF TREATING A SUBJECT AFFLICTED WITH EPILEPSY"
"U-1452","METHOD FOR CHRONIC WEIGHT MANAGEMENT"
"U-1453","A METHOD OF TREATING HYPOXIC RESPIRATORY FAILURE BY VERIFYING GAS INFORMATION OF NITRIC OXIDE PRIOR TO DELIVERY TO PATIENT"
"U-1454","PROPHYLAXIS OF INVASIVE ASPERGILLUS AND CANDIDA INFECTIONS"
"U-1455","TREATMENT OF PERIANAL WARTS"
"U-1456","TREATMENT OF MANTLE CELL LYMPHOMA"
"U-1457","A METHOD OF PURGING A NITRIC OXIDE DELIVERY SYSTEM"
"U-1458","A METHOD OF REDUCING INTRAOCULAR PRESSURE IN PATIENTS WITH OPEN ANGLE GLAUCOMA OR OCULAR HYPERTENSION"
"U-1459","TREATMENT OF CARCINOMA OF THE THYROID"
"U-1460","TREATMENT OF HERPES LABIALIS"
"U-1461","A METHOD OF GENERATING AN INJECTABLE FOAM OF CONTROLLED DENSITY AND BUBBLE SIZE"
"U-1462","A METHOD OF USING A SCLEROSING AGENT FOR THE TREATMENT OF INCOMPETENT GREAT SAPHENOUS VEINS, ACCESSORY SAPHENOUS VEINS AND VISIBLE VARICOSITIES OF THE GREAT SAPHENOUS (GSV) SYSTEM ABOVE AND BELOW THE KNEE"
"U-1463","A METHOD OF INTRAVENOUS INJECTION USING ULTRASOUND GUIDANCE, ADMINISTERED VIA A SINGLE CANNULA INTO THE LUMEN OF THE TARGET INCOMPETENT TRUNK VEINS OR BY DIRECT INJECTION INTO VARICOSITIES"
"U-1464","TREATMENT OF OPIOID DEPENDENCE/SUBLINGUAL OR BUCCAL APPLICATION"
"U-1465","USE OF THALIDOMIDE WHILE PREVENTING THE EXPOSURE OF A FETUS OR OTHER CONTRAINDICATED INDIVIDUAL TO THALIDOMIDE"
"U-1466","RELIEF OF SYMPTOMS ASSOCIATED WITH RESPIRATORY ALLERGIES ADULTS AND CHILDREN 6 YEARS OF AGE AND OLDER"
"U-1467","METHOD OF TREATING HEPATITIS C"
"U-1468","CONTROL OF PHOSPHOROUS LEVELS IN PATIENTS"
"U-1469","USE OF PHOSLYRA FOR REDUCTION OF SERUM PHOSPHOROUS IN PATIENTS"
"U-1470","FOR THE TREATMENT OF HEPATITIS C"
"U-1471","A METHOD FOR TREATING CARDIOVASCULAR DISEASE COMPRISING ADMINISTERING A RECONSTITUTED LYOPHILIZED PHARMACEUTICAL COMPOSITION COMPRISING EPOPROSTENOL, ARGININE AND SODIUM HYDROXIDE."
"U-1472","INTENSIVE CARE UNIT SEDATION, INCLUDING SEDATION OF NON-INTUBATED PATIENTS PRIOR TO AND/OR DURING SURGICAL AND OTHER PROCEDURES"
"U-1473","MANAGEMENT OF RISK OF DRONEDARONE/BETA-BLOCKER INTERACTION IN PATIENTS IN SINUS RHYTHM WITH A HISTORY OF PAROXYSMAL OR PERSISTENT AF"
"U-1474","A METHOD FOR THE TREATMENT OF A PATIENT SUFFERING FROM A DISEASE TREATABLE WITH ROTIGOTINE, COMPRISING APPLYING THE CLAIMED TRANSDERMAL DELIVERY SYSTEM (TDS) TO THE SKIN OF THE PATIENT"
"U-1475","USE OF ORENITRAM FOR THE TREATMENT OF PULMONARY ARTERIAL HYPERTENSION (PAH) (WHO GROUP 1)."
"U-1476","INDICATED FOR THE LONG-TERM, ONCE-DAILY, MAINTENANCE TREATMENT OF AIRFLOW OBSTRUCTION IN PATIENTS WITH CHRONIC OBSTRUCTIVE PULMONARY DISEASE (COPD), INCLUDING CHRONIC BRONCHITIS AND/OR EMPHYSEMA."
"U-1477","USE OF TOPICAL DICLOFENAC ON THE KNEE AND A SECOND TOPICAL PRESCRIPTION MEDICATION ON THE SAME KNEE"
"U-1478","METHOD OF REDUCING TG LEVELS IN PATIENT ON STATIN THERAPY SUFFERING FROM SEVERE HYPERTRIGLYCERIDEMIA"
"U-1479","INCREASE TEAR PRODUCTION TO TREAT PATIENTS WITH KERATOCONJUNCTIVITIS SICCA (DRY EYE)."
"U-1480","TREATMENT OF ADVANCED RENAL CELL CARCINOMA"
"U-1481","REDUCTION IN RISK OF OVERT HEPATIC ENCEPHALOPATHY (HE) RECURRENCE"
"U-1482","DICLOFENAC POTASSIUM FOR RELIEF OF MILD TO MODERATE ACUTE PAIN"
"U-1483","INCREASE TEAR PRODUCTION IN PATIENTS WITH KERATOCONJUNCTIVITIS SICCA (DRY EYE)."
"U-1484","COMBINATION PRODUCT FOR THE EARLY TREATMENT OF RECURRENT HERPES LABIALIS (COLD SORES) TO REDUCE THE LIKELIHOOD OF ULCERATIVE COLD SORES AND TO SHORTEN THE LESION HEALING TIME IN ADULTS AND CHILDREN (6 YEARS OF AGE AND OLDER)"
"U-1485","TREATING A SUBJECT UNDERGOING ABDOMINAL SURGERY BY ADMINISTERING ALVIMOPAN TO ACCELERATE THE TIME TO UPPER AND LOWER GASTROINTESTINAL RECOVERY FOLLOWING SURGERIES THAT INCLUDE PARTIAL BOWEL RESECTION WITH PRIMARY ANASTOMOSIS"
"U-1486","TREATMENT OF NON-24-HOUR SLEEP-WAKE DISORDER"
"U-1487","METHOD OF INCREASING EYELASH GROWTH"
"U-1488","USE OF TOPICAL DICLOFENAC FOR TREATING PAIN"
"U-1489","USE OF TOPICAL DICLOFENAC ON A JOINT FOR TREATING OSTEOARTHRITIS"
"U-1490","FOR USE IN PATIENTS HAVING SYMPTOMATIC OR PROGRESSIVE MEDULLARY THYROID CANCER, WITH UNRESECTABLE LOCALLY ADVANCED OR METASTATIC DISEASE"
"U-1491","TREATMENT OF CHRONIC LYMPHOCYTIC LEUKEMIA"
"U-1492","TREATMENT OF IRRITABILITY ASSOCIATED WITH AUTISTIC DISORDER"
"U-1493","METHOD FOR PREVENTING ITCHING ASSOCIATED WITH ALLERGIC CONJUNCTIVITIS"
"U-1494","SUBLINGUAL OR BUCCAL ADMINISTRATION OF A PHARMACEUTICAL COMPOSITION COMPRISING BUPRENORPHINE AND NALOXONE"
"U-1495","RISK REDUCTION OF REBLEEDING IN PTS FOLLOWING THERAPEUTIC ENDOSCOPY FOR ACUTE BLEEDING GASTRIC OR DUODENAL ULCERS IN ADULTS."
"U-1496","METHOD TO TREAT HEMANGIOMA."
"U-1497","NEURACEQ IS A RADIOACTIVE DIAGNOSTIC AGENT FOR POSITRON EMISSION TOMOGRAPHY (PET) IMAGING OF THE BRAIN TO ESTIMATE P-AMYLOID NEURITIC PLAQUE DENSITY IN ADULT PATIENTS WITH COGNITIVE IMPAIRMENT"
"U-1498","METHOD OF TREATING PATIENTS WITH GASTRIC RETENTIVE DOSAGE FORM"
"U-1499","MANAGEMENT OF ACUTE PAIN IN PATIENTS REQUIRING OPIOID ANALGESIA"
"U-1500","TESTOSTERONE REPLACEMENT THERAPY IN ADULT MALES FOR CONDITIONS ASSOCIATED WITH A DEFICIENCY OR ABSENCE OF ENDOGENOUS TESTOSTERONE; PRIMARY HYPOGONADISM (CONGENITAL OR ACQUIRED); HYPOGONADOTROPIC HYPOGONADISM (CONGENITAL OR ACQUIRED)."
"U-1501","PROPHYLAXIS OF DEEP VEIN THROMBOSIS AND PULMONARY EMBOLISM"
"U-1502","PROPHYLAXIS OF PULMONARY EMBOLISM"
"U-1503","METHOD OF TREATING TYPE 2 DIABETES MELLITUS BY ADMINISTERING LINAGLIPTIN IN COMBINATION WITH METFORMIN"
"U-1504","USE OF OTEZLA (APREMILAST) FOR INHIBITING PDE4"
"U-1505","USE OF OTEZLA (APREMILAST) FOR THE TREATMENT OF PSORIATIC ARTHRITIS"
"U-1506","TREATMENT OF PATIENTS WITH GASTROINTESTINAL STROMAL TUMOR (GIST), INCLUDING BUT NOT LIMITED TO PATIENTS PREVIOUSLY TREATED WITH IMATINIB AND PATIENTS WITH GIST HAVING RESISTANCE TO A KIT TYROSINE KINASE INHIBITOR"
"U-1507","TO MAINTAIN HEALING OF EE AND RELIEF OF HEARTBURN"
"U-1508","MANAGEMENT OF PAIN SEVERE ENOUGH TO REQUIRE DAILY, AROUND-THE-CLOCK, LONG TERM OPIOID TREATMENT BY ORALLY ADMINISTERING A PLURALITY OF COMPOSITE SUBUNITS AS CLAIMED"
"U-1509","TREATMENT OF FREQUENT HEARTBURN BY ADMINISTERING A GASTRIC ACID REDUCER"
"U-1510","MANAGEMENT OF PAIN SEVERE ENOUGH TO REQUIRE DAILY, AROUND-THE-CLOCK, LONG TERM OPIOID TREATMENT BY ORALLY ADMINISTERING AN INTACT COMPOSITION AS CLAIMED."
"U-1511","TREATMENT OF HYPERTRIGLYCERIDEMIA"
"U-1512","REDUCTION OF THROMBOTIC CARDIOVASCULAR EVENTS"
"U-1513","TREATMENT OF HIV-1 INFECTION IN COMBINATION WITH OTHER ANTIRETROVIRAL AGENTS"
"U-1514","MANAGEMENT OF BREAKTHROUGH PAIN IN PATIENTS WITH CANCER BY BUCCAL OR SUBLINGUAL ADMINISTRATION OF FENTANYL"
"U-1515","METHOD OF TREATING IRRITABLE BOWEL SYNDROME WITH CONSTIPATION IN ADULT PATIENTS."
"U-1516","METHOD OF TREATING CHRONIC IDIOPATHIC CONSTIPATION IN ADULT PATIENTS."
"U-1517","TREATMENT OF BACTERIAL INFECTIONS USING A TWO-DOSE REGIMEN OF DALBAVANCIN."
"U-1518","MAINTAINING PUPIL SIZE BY PREVENTING INTRAOPERATIVE MIOSIS AND REDUCING POSTOPERATIVE OCULAR PAIN"
"U-1519","METHOD FOR THE LONG TERM TREATMENT OF CHRONIC CONSTIPATION IN A HUMAN SUBJECT WITH IRRITABLE BOWEL SYNDROME"
"U-1520","METHOD FOR THE LONG TERM TREATMENT OF CHRONIC CONSTIPATION IN A HUMAN SUBJECT"
"U-1521","MAINTENANCE TREATMENT OF OPIOID DEPENDENCE"
"U-1522","TREATMENT OF TYPE 2 DIABETES MELLITUS IN A PATIENT, WHEREIN GLYCEMIC CONTROL (HBA1C < 7.0%) IS NOT ACHIEVABLE USING ONE OR MORE OF INSULIN, METFORMIN, PIOGLITAZONE, OR ROSIGLITAZONE"
"U-1523","METHOD OF INDUCING TOPICAL ANESTHESIA IN THE EYE"
"U-1524","REDUCTION OF ELEVATED INTRAOCULAR PRESSURE"
"U-1525","METHOD OF TREATING EXCESSIVE DAYTIME SLEEPINESS IN PATIENTS WITH NARCOLEPSY"
"U-1526","THE TREATMENT OF PATIENTS WITH TRAVELERS' DIARRHEA (TD) OR THE REDUCTION IN RISK OF OVERT HEPATIC ENCEPHALOPATHY (HE) RECURRENCE"
"U-1527","FOR THE TREATMENT OF OVERACTIVE BLADDER (OAB) WITH SYMPTOMS OF URGE URINARY INCONTINENCE, URGENCY, AND URINARY FREQUENCY"
"U-1528","A METHOD OF LOWERING INTRAOCULAR PRESSURE"
"U-1529","ADJUNCTIVE TREATMENT OF MAJOR DEPRESSIVE DISORDER (MDD)"
"U-1530","USE OF ARIPIPRAZOLE IN EXTENDED RELEASE INJECTABLE SUSPENSION"
"U-1531","METHOD FOR TRANSDERMAL DELIVERY OF TESTOSTERONE"
"U-1532","METHOD OF TREATING EXCESSIVE DAYTIME SLEEPINESS AND/OR CATAPLEXY IN NARCOLEPSY PATIENTS WITH SODIUM OXYBATE WHEN DIVALPROEX SODIUM IS CONCOMITANTLY ADMINISTERED."
"U-1533","PULMONARY ADMINISTRATION OF PARTICLES COMPRISING A DIKETOPIPERAZINE AND INSULIN."
"U-1534","ADMINISTRATION OF A COMPOSITION COMPRISING INSULIN COMPLEXED WITH A DIKETOPIPERAZINE."
"U-1535","ADMINISTRATION OF A COMPOSITION COMPRISING INSULIN COMPLEXED WITH MICROPARTICLES OF A DIKETOPIPERAZINE."
"U-1536","ADMINISTRATION OF A COMPOSITION COMPRISING A DIKETOPIPERAZINE AND INSULIN."
"U-1537","TREATMENT OF A PATIENT HAVING DIABETES MELLITUS WITH A PRANDIAL RAPID ACTING INSULIN."
"U-1538","ADMINISTRATION OF FDKP MICROPARTICLES COMPRISING INSULIN."
"U-1539","PULMONARY ADMINISTRATION OF AN INSULIN COMPOSITION COMPRISING FDKP AT THE BEGINNING OF A MEAL TO A PATIENT ALSO BEING TREATED WITH A LONG-ACTING INSULIN."
"U-1540","BUTRANS IS A PARTIAL OPIOID AGONIST PRODUCT INDICATED FOR THE MANAGEMENT OF PAIN SEVERE ENOUGH TO REQUIRE DAILY, AROUND-THE-CLOCK, LONG TERM OPIOID TREATMENT FOR WHICH ALTERNATIVE TREATMENT OPTIONS ARE INADEQUATE."
"U-1541","TREATMENT OF PATIENTS WITH TUBEROUS SCLEROSIS COMPLEX (TSC) WHO HAVE SUBEPENDYMAL GIANT CELL ASTROCYTOMA (SEGA) THAT REQUIRES THERAPEUTIC INTERVENTION BUT CANNOT BE CURATIVELY RESECTED."
"U-1542","FOR USE IN THE TREATMENT OF PATIENTS WITH CHRONIC LYMPHOCYTIC LEUKEMIA AND/OR NON-HODGKINS LYMPHOMA"
"U-1543","TREATMENT OF A PATIENT BY ADMINISTERING THE FORMULATION RECITED IN CLAIM 1 OR CLAIM 23"
"U-1544","TREATMENT OF PATIENTS WITH RELAPSED OR REFRACTORY PERIPHERAL T-CELL LYMPHOMA (PTCL)."
"U-1545","A METHOD OF TRANSDERMALLY DELIVERING TESTOSTERONE"
"U-1546","FOR USE IN THE TREATMENT OF MALIGNANT HYPERTHERMIA IN CONJUNCTION WITH APPROPRIATE SUPPORTIVE MEASURES AND FOR THE PREVENTION OF MALIGNANT HYPERTHERMIA IN PATIENTS AT HIGH RISK."
"U-1547","TREATMENT OF CHRONIC OBSTRUCTIVE PULMONARY DISEASE (COPD), CHRONIC BRONCHITIS OR EMPHYSEMA"
"U-1548","FOR THE LONG-TERM, ONCE-DAILY MAINTENANCE TREATMENT OF AIRFLOW OBSTRUCTION IN PATIENTS WITH COPD, INCLUDING CHRONIC BRONCHITIS AND/OR EMPHYSEMA, ALSO TO REDUCE EXACERBATIONS OF COPD IN PATIENTS WITH A HISTORY OF EXACERBATIONS"
"U-1549","FOR THE TREATMENT OF PATIENTS WITH RELAPSED CHRONIC LYMPHOCYTIC LEUKEMIA"
"U-1550","METHOD OF TREATING METASTATIC PAPILLARY RENAL CELL CARCINOMA WITH TEMSIROLIMUS."
"U-1551","METHOD OF TREATING PAPILLARY RENAL CELL CARCINOMA WITH TEMSIROLIMUS, IN THE ABSENCE OF INTERFERON ALPHA."
"U-1552","FOR HEALING OF ALL GRADES OF EROSIVE ESOPHAGITIS (EE)"
"U-1553","TO MAINTAIN HEALING OF EE AND RELIEF OF HEARTBURN"
"U-1554","FOR THE TREATMENT OF HEARTBURN ASSOCIATED WITH SYMPTOMATIC NON-EROSIVE GASTROESOPHAGEAL DISEASE (GERD)"
"U-1555","MANAGEMENT OF MODERATE TO SEVERE PAIN SEVERE ENOUGH TO REQUIRE DAILY, AROUND-THE-CLOCK, LONG-TERM OPIOID TREATMENT AND FOR WHICH ALTERNATIVE TREATMENT OPTIONS ARE INADEQUATE."
"U-1556","MANAGEMENT OF PAIN SEVERE ENOUGH TO REQUIRE DAILY, AROUND-THE-CLOCK, LONG-TERM OPIOID TREATMENT AND FOR WHICH ALTERNATIVE TREATMENT OPTIONS ARE INADEQUATE"
"U-1557","A METHOD OF TESTOSTERONE REPLACEMENT THERAPY COMPRISING THE STEP OF NASALLY ADMINISTERING TO A PATIENT IN NEED OF SUCH TREATMENT AN EFFECTIVE AMOUNT OF TESTOSTERONE GEL FORMULATION."
"U-1558","FOR THE TREATMENT OF PATIENTS WITH RELAPSED FOLLICULAR B-CELL NON-HODGKIN LYMPHOMA OR [RELAPSED] SMALL LYMPHOCYTIC LYMPHOMA"
"U-1559","INDICATED FOR THE ONCE-DAILY MAINTENANCE TREATMENT OF ASTHMA AS PROPHYLACTIC THERAPY IN PATIENTS AGED 12 YEARS OF AGE AND OLDER"
"U-1560","A METHOD OF DISRUPTING LEUKOCYTE FUNCTION, INCLUDING AS AN INHIBITOR OF PI3KDELTA KINASE"
"U-1561","USE OF OTEZLA (APREMILAST) FOR THE TREATMENT OF PSORIATIC ARTHRITIS"
"U-1562","TREATMENT OF PATIENTS WITH HEPATIC ENCEPHALOPATHY (HE)"
"U-1563","A METHOD OF TRANSDERMAL ADMINISTRATION OF A PHYSIOLOGICALLY ACTIVE AGENT TO A SUBJECT."
"U-1564","A METHOD OF TREATING GAUCHER'S DISEASE"
"U-1565","METHOD OF TREATING, AS INITIAL LOADING DOSE FOR MONOTHERAPY OR ADJUNCTIVE THERAPY, PARTIAL ONSET-SEIZURES IN A PATIENT WITH EPILEPSY AGED 17 YEARS OR OLDER WHEN ORAL ADMINISTRATION IS TEMPORARILY NOT FEASIBLE"
"U-1566","METHOD OF TREATING, AS MONOTHERAPY OR ADJUNCTIVE THERAPY, PARTIAL-ONSET SEIZURES IN A PATIENT WITH EPILEPSY AGED 17 YEARS AND OLDER"
"U-1567","METHOD OF TREATING, AS INITIAL LOADING DOSE FOR MONOTHERAPY OR ADJUNCTIVE THERAPY, PARTIAL ONSET-SEIZURES IN A PATIENT WITH EPILEPSY AGED 17 YEARS OR OLDER"
"U-1568","METHOD OF TREATING, AS MONOTHERAPY OR ADJUNCTIVE THERAPY, PARTIAL-ONSET SEIZURES IN A PATIENT WITH EPILEPSY AGED 17 YEARS AND OLDER WHEN ORAL ADMINISTRATION IS TEMPORARILY NOT FEASIBLE"
"U-1569","TREATMENT OF BACTERIAL SKIN AND SKIN STRUCTURE INFECTIONS"
"U-1570","TREATMENT OF BACTERIAL SKIN AND SKIN STRUCTURE INFECTIONS USING A SINGLE DOSE"
"U-1571","TREATMENT OF GAUCHER DISEASE TYPE 1"
"U-1572","TREATMENT OF HUMAN IMMUNODEFICIENCY VIRUS (HIV) INFECTION."
"U-1573","USE OF RUXOLITINIB (JAKAFI) FOR INHIBITING JANUS ASSOCIATED KINASES (JAKS) JAK1 AND/OR JAK2."
"U-1574","A METHOD OF CATALYZING THE HYDROLYSIS OF GLUCOCEREBROSIDE TO GLUCOSE AND CERAMIDE."
"U-1575","PATIENTS WITH SEVERE APLASTIC ANEMIA WHO HAVE HAD AN INSUFFICIENT RESPONSE TO IMMUNOSUPPRESSIVE THERAPY"
"U-1576","TREATMENT OF LEUKEMIA"
"U-1577","CONTROL OF SERUM PHOSPHOROUS LEVELS"
"U-1578","TREATMENT OF ACUTE OTITIS MEDIA"
"U-1579","USE IN COMBINATION WITH PREDNISONE FOR THE TREATMENT OF PATIENTS WITH METASTATIC CASTRATION-RESISTANT PROSTATE CANCER"
"U-1580","USE IN COMBINATION WITH PREDNISONE FOR THE TREATMENT OF PATIENTS WITH METASTATIC CASTRATION-RESISTANT PROSTATE CANCER WHO HAD RECEIVED PRIOR DOCETAXEL CHEMOTHERAPY"
"U-1581","IN COMBINATION WITH DABRAFENIB FOR THE TREATMENT OF UNRESECTABLE OR METASTATIC MELANOMA."
"U-1582","TREATMENT OF UNRESECTABLE OR METASTATIC MELANOMA"
"U-1583","FOR CHRONIC WEIGHT MANAGEMENT FOR TREATING OVERWEIGHT OR OBESITY"
"U-1584","USE OF NALTREXONE AND BUPROPION IN A LAYERED FORMULATION FOR CHRONIC WEIGHT MANAGEMENT FOR AFFECTING WEIGHT LOSS"
"U-1585","USE OF NALTREXONE AND BUPROPION BASED ON AN ESCALATING DOSE SCHEDULE"
"U-1586","FOR EFFECT ON BLOOD GLUCOSE PARAMETERS IN PATIENTS WITH INSULIN RESISTANCE"
"U-1587","SINGLE-DOSE INFILTRATION INTO THE SURGICAL SITE TO PRODUCE POSTSURGICAL ANALGESIA."
"U-1588","THE TREATMENT OF PATIENTS WITH METASTATIC CASTRATION-RESISTANT PROSTATE CANCER (CRPC)."
"U-1589","METHOD OF USE FOR REDUCING BLOOD PHENYLALANINE LEVELS IN A HUMAN SUFFERING FROM HYPERPHENYLALANINEMIA"
"U-1590","KUVAN IS INDICATED TO REDUCE BLOOD PHENYLALANINE LEVELS IN PATIENTS WITH HYPERPHENYLALANINEMIA"
"U-1591","TREATMENT OF ASTHMA IN PATIENTS AGED 12 YEARS AND OLDER"
"U-1592","TO REDUCE SERUM PHOSPHATE IN PATIENTS WITH END STAGE RENAL DISEASE"
"U-1593","MAINTENANCE TREATMENT OF BRONCHOSPASM ASSOCIATED WITH COPD, INCLUDING CHRONIC BRONCHITIS AND EMPHYSEMA, AND REDUCTION OF EXACERBATIONS IN COPD PATIENTS."
"U-1594","DILATION OF THE PUPIL"
"U-1595","USE OF OTEZLA (APREMILAST) FOR THE TREATMENT OF PSORIASIS"
"U-1596","LAMICTAL IS AN ANTIEPILEPTIC DRUG (AED) INDICATED FOR: EPILEPSY-ADJUNCTIVE THERAPY IN PATIENTS GREATER THAN OR EQUAL TO 2 YEARS OF AGE: (1.1) PARTIAL SEIZURES PRIMARY GENERALIZED TONIC-CLONIC SEIZURES"
"U-1597","TREATMENT OF DIABETIC MACULAR EDEMA"
"U-1598","METHOD OF ADMINISTRATION OF CONTROLLED RELEASE OXYMORPHONE"
"U-1599","MANAGEMENT OF MILD TO MODERATE PAIN, MANAGEMENT OF MODERATE TO SEVERE PAIN AS AN ADJUNCT TO OPIOID ANALGESICS, REDUCTION IN FEVER THROUGH ANTI-INFLAMMATORY, ANALGESIC, AND ANTIPYRETIC ACTIVITY"
"U-1600","DOSAGE MODIFICATION FOLLOWING ELEVATED LIVER ENZYMES IN TREATMENT OF IDIOPATHIC PULMONARY FIBROSIS"
"U-1601","DOSE ESCALATION OVER 14 DAYS FOR TREATMENT OF IDIOPATHIC PULMONARY FIBROSIS"
"U-1602","METHOD OF ADMINISTERING PIRFENIDONE CAPSULES TO TREAT A FIBROTIC CONDITION"
"U-1603","METHOD FOR ADMINISTERING PIRFENIDONE TO REDUCE DRUG INTERACTIONS WITH FLUVOXAMINE"
"U-1604","METHOD FOR ADMINISTERING PIRFENIDONE TO REDUCE DRUG INTERACTIONS WITH A STRONG INHIBITOR OF CYP1A2"
"U-1605","METHOD FOR ADMINISTERING PIRFENIDONE TO AVOID REDUCED EFFICACY BY DISCONTINUING SMOKING OR BY DISCONTINUING OR AVOIDING ANOTHER STRONG CYP1A2 INDUCER"
"U-1606","METHOD FOR ADMINISTERING PIRFENIDONE WHILE AVOIDING OR DISCONTINUING CONCOMITANT USE OF A MODERATE TO STRONG INHIBITOR OF BOTH CYP1A2 AND ANOTHER CYP ENZYME INVOLVED IN PIRFENIDONE METABOLISM"
"U-1607","METHOD OF ADMINISTERING A DOSAGE FORM THAT INCLUDES A GRANULATE FORMULATION OF PIRFENIDONE TO TREAT A  FIBROTIC CONDITION"
"U-1608","DOSE ESCALATION OVER 14 DAYS FOR TREATMENT OF A FIBROSIS CONDITION"
"U-1609","CONTINUED DOSING OR DOSAGE MODIFICATION FOLLOWING ELEVATED LIVER ENZYMES IN TREATMENT OF IDIOPATHIC PULMONARY FIBROSIS"
"U-1610","CONTINUED DOSING OR DOSAGE MODIFICATION FOLLOWING ELEVATED LIVER ENZYMES IN USE OF PIRFENIDONE"
"U-1611","METHOD FOR ADMINISTERING PIRFENIDONE TO AVOID REDUCED EFFICACY BY DISCONTINUING SMOKING OR BY DISCONTINUING A STRONG CYP1A2 INDUCER"
"U-1612","METHOD FOR ADMINISTERING PIRFENIDONE TO AVOID REDUCED EFFICACY BY AVOIDING SMOKING OR BY AVOIDING ANOTHER STRONG CYP1A2 INDUCER"
"U-1613","DOSAGE MODIFICATION IN TREATMENT WITH PIRFENIDONE TO REDUCE DRUG INTERACTIONS WITH CIPROFLOXACIN"
"U-1614","USE OF TOPICAL DICLOFENAC SODIUM FOR TREATING PAIN"
"U-1615","FOR THE TREATMENT OF PATIENTS WITH CLL, FL, OR SLL"
"U-1616","NASAL ADMINISTRATION OF A TESTOSTERONE GEL TO A PATIENT TO TREAT THE PATIENT FOR A CONDITION ASSOCIATED WITH A DEFICIENCY OR ABSENCE OF ENDOGENOUS TESTOSTERONE"
"U-1617","METHOD OF TREATING MEDULLARY THYROID CANCER"
"U-1618","A METHOD OF TREATING A PATIENT SUFFERING FROM A PAIN ASSOCIATED SLEEP DISTURBANCE COMPRISING ADMINISTERING A LIQUID COMPOSITION FORMULATED INSIDE A SOFT GEL CAPSULE, AS CLAIMED, TO THE PATIENT"
"U-1619","TREATMENT OF IMMUNE (IDIOPATHIC) THROMBOCYTOPENIA (ITP)"
"U-1620","METHOD OF TREATMENT OF IRON-RELATED CONDITIONS WITH AT LEAST 0.6 GRAMS OF ELEMENTAL IRON VIA AN IRON CARBOHYDRATE COMPLEX, WITH A SUBSTANTIALLY NON-IMMUNOGENIC CARBOHYDRATE COMPONENT, IN ABOUT 15 MINUTES OR LESS"
"U-1621","PULMONARY ADMINISTRATION OF A COMPOSITION COMPRISING INSULIN BOUND TO A COMPLEXING AGENT."
"U-1622","FOR THE TREATMENT OF POLYCYTHEMIA VERA"
"U-1623","USE OF EXENATIDE MAY RESULT IN REDUCTION IN APPETITE."
"U-1624","TREATMENT OF UNRESECTABLE HEPATOCELLULAR CARCINOMA, ADVANCED RENAL CELL CARCINOMA, OR DIFFERENTIATED THYROID CARCINOMA."
"U-1625","METHOD OF TREATING SCHIZOPHRENIA BY ADMINISTERING ILOPERIDONE TO A PATIENT BY REDUCING THE DOSE IN PATIENTS WHO ARE POOR METABOLIZERS OF CYP2D6"
"U-1626","A METHOD OF TREATING OR PREVENTING OCULAR PAIN AND BURNING"
"U-1627","TREATMENT OF ACUTE UNCOMPLICATED INFLUENZA IN ADULTS"
"U-1628","METHOD OF TREATING DISORDERS WITH AN ETIOLOGY COMPRISING OR ASSOCIATED WITH EXCESS GH-SECRETION"
"U-1629","METHOD OF TREATING ACROMEGALY"
"U-1630","TREATMENT IN COMBINATION WITH A CORTICOID SUCH AS PREDNISONE OF PROSTATE CANCER PREVIOUSLY TREATED WITH DOCETAXEL"
"U-1631","TREATMENT OF INFLAMMATORY LESIONS OF ROSACEA"
"U-1632","TREATMENT OF SCHIZOPHRENIA, WITH EFFICACY IN TREATING ACUTE EPISODES OF SCHIZOPHRENIA"
"U-1633","USE OF ARIPIPRAZOLE IN EXTENDED RELEASE INJECTABLE SUSPENSION IN TREATING ACUTE EPISODES OF SCHIZOPHRENIA"
"U-1634","TREATMENT OF BRCA MUTATED OVARIAN CANCER USING PARP INHIBITOR"
"U-1635","USE OF RITONAVIR AS A POTENT CYP3A INHIBITOR TO INCREASE PLASMA DRUG CONCENTRATION OF PARITAPREVIR AND OVERALL DRUG EXPOSURE FOR TREATMENT OF HCV INFECTION"
"U-1636","USE OF DASABUVIR TO INHIBIT VIRAL REPLICATION FOR THE TREATMENT OF HCV INFECTION."
"U-1637","TREATMENT OF HCV INFECTION USING PARITAPREVIR, OMBITASVIR, RITONAVIR, AND DASABUVIR WITH RIBAVIRIN."
"U-1638","TREATMENT OF HCV INFECTION USING PARITAPREVIR"
"U-1639","USE OF NALTREXONE AND BUPROPION IN EXTENDED-RELEASE FORM FOR CHRONIC WEIGHT MANAGEMENT FOR TREATING OVERWEIGHT OR OBESITY"
"U-1640","TREATMENT OF MODERATE TO SEVERE CHRONIC PAIN BY ADMINISTERING AN INTACT COMPOSITION AS CLAIMED"
"U-1641","MEMANTINE HCL/DONEPEZIL HCL COMBINATION FOR THE TREATMENT OF MODERATE TO SEVERE DEMENTIA OF THE ALZHEIMER'S TYPE"
"U-1642","METHOD OF TREATING TYPE 2 DIABETES MELLITUS IN PATIENTS WITH SEVERE CHRONIC RENAL IMPAIRMENT AND FOR WHOM METFORMIN THERAPY IS INAPPROPRIATE BY ADMINISTERING LINAGLIPTIN"
"U-1643","TREATING CUSHING'S SYNDROME"
"U-1644","TREATMENT OF OVERACTIVE BLADDER BY APPLICATION OF OXYBUTYNIN CHLORIDE GEL TO SKIN"
"U-1645","TREATMENT OF PARKINSON'S DISEASE, POST-ENCEPHALITIC PARKINSONISM, AND PARKINSONISM THAT MAY FOLLOW CARBON MONOXIDE INTOXICATION OR MANGANESE INTOXICATION"
"U-1646","TREATMENT OF POST-ENCEPHALITIC PARKINSONISM, AND PARKINSONISM THAT MAY FOLLOW CARBON MONOXIDE INTOXICATION OR MANGANESE INTOXICATION"
"U-1647","TREATMENT OF PARKINSONISM THAT MAY FOLLOW CARBON MONOXIDE INTOXICATION OR MANGANESE INTOXICATION"
"U-1648","TREATMENT OF PATIENTS WITH PARKINSON'S DISEASE, POST-ENCEPHALITIC PARKINSONISM, AND PARKINSONISM THAT MAY FOLLOW CARBON MONOXIDE INTOXICATION OR MANGANESE INTOXICATION"
"U-1649","TREATMENT OF POST-ENCEPHALITIC PARKINSONISM"
"U-1650","TREATMENT OF WALDENSTROM'S MACROGLOBULINEMIA"
"U-1651","METHOD OF TREATING TYPE 2 DIABETES MELLITUS BY ADMINISTERING LINAGLIPTIN IN COMBINATION WITH EMPAGLIFLOZIN"
"U-1652","METHOD OF TREATING TYPE 2 DIABETES MELLITUS BY ADMINISTERING LINAGLIPTIN IN COMBINATION WITH EMPAGLIFLOZIN AND METFORMIN"
"U-1653","METHOD OF TREATING TYPE 2 DIABETES MELLITUS BY ADMINISTERING LINAGLIPTIN IN COMBINATION WITH EMPAGLIFLOZIN (WITH OR WITHOUT METFORMIN)"
"U-1654","METHOD OF TREATING TYPE 2 DIABETES MELLITUS BY ADMINISTERING LINAGLIPTIN IN COMBINATION WITH EMPAGLIFLOZIN (WITH OR WITHOUT INSULIN OR A SULFONYLUREA)"
"U-1655","A METHOD TO ACCELERATE THE TIME TO GASTROINTESTINAL RECOVERY BY ADMINISTERING ABOUT 12 MG OF ALVIMOPAN TO THE PATIENT FROM ABOUT 30 TO 60 MINUTES PRIOR TO SURGERY"
"U-1656","METHOD OF IRON ADMINISTRATION TO TREAT PATIENTS IN NEED OF IRON REPLACEMENT"
"U-1657","METHOD FOR PROVIDING POST COITAL CONTRACEPTION TO A WOMAN BY ADMINISTERING ABOUT 30 MG OF ULIPRISTAL ACETATE WITHIN ABOUT 120 HOURS AFTER INTERCOURSE, WHEREIN THE WOMAN IS OVERWEIGHT  HAVING A BMI OF 25 TO 29.99"
"U-1658","TREATMENT OF ER-POSITIVE, HER2-NEGATIVE ADVANCED BREAST CANCER IN COMBINATION WITH LETROZOLE AS INITIAL ENDOCRINE-BASED THERAPY FOR METASTATIC DISEASE IN POSTMENOPAUSAL WOMEN"
"U-1659","MANAGEMENT OF PAIN"
"U-1660","TREATMENT OF HIV-1 INFECTION IN ADULTS WITH NO DARUNAVIR RESISTANCE-ASSOCIATED SUBSTITUTIONS"
"U-1661","RISK-REDUCTION OF NSAID-ASSOCIATED GASTRIC ULCERS IN PATIENTS ALSO TAKING LOW DOSE ASPIRIN"
"U-1662","A METHOD OF TREATING OCULAR PAIN"
"U-1663","TREATMENT OF HIV-1 INFECTION"
"U-1664","TREATMENT OF BACTERIAL VAGINOSIS WITH METRONIDAZOLE GEL"
"U-1665","METHOD OF TREATING ATTENTION DEFICIT HYPERACTIVITY DISORDER BY ADMINISTERING THE COMPOSITION OF CLAIM 1"
"U-1666","PALLIATIVE TREATMENT OF PROSTATE CANCER"
"U-1667","TREATMENT OF ALLERGIC RHINITIS, INCLUDING SEASONAL ALLERGIC RHINITIS"
"U-1668","METHOD OF TREATING DEPRESSION OR MAJOR DEPRESSIVE DISORDER"
"U-1669","TREATMENT OF MULTIPLE MYELOMA, IN COMBINATION WITH BORTEZOMIB AND DEXAMETHASONE"
"U-1670","NATROBA TOPICAL SUSPENSION IS A PEDICULICIDE INDICATED FOR THE TOPICAL TREATMENT OF HEAD LICE INFESTATION IN PATIENTS SIX (6) MONTHS OF AGE AND OLDER."
"U-1671","TREATMENT OF OCULAR ITCHING ASSOCIATED WITH CONJUNCTIVITIS"
"U-1672","TREATMENT OF COMPLICATED INTRA-ABDOMINAL INFECTION"
"U-1673","TREATMENT OF COMPLICATED URINARY TRACT INFECTION, INCLUDING PYELONEPHRITIS"
"U-1674","DOSAGE MODIFICATION TO REDUCE RISKS ASSOCIATED WITH QT PROLONGATION NOT INDUCED BY OTHER DRUGS DURING TREATMENT WITH ILOPERIDONE"
"U-1675","USE OF TROKENDI XR FOR THE TREATMENT OF EPILEPSY"
"U-1676","METHODS FOR TREATING BACTERIAL INFECTIONS"
"U-1677","TREATMENT OF IDIOPATHIC PULMONARY FIBROSIS (IPF)"
"U-1678","FOR THE TREATMENT OF PATIENTS WITH CLL, FL, OR SLL"
"U-1679","TREATMENT OF ACUTE OTITIS EXTERNA"
"U-1680","TREATMENT OF OCULAR ITCHING ASSOCIATED WITH ALLERGIC CONJUNCTIVITIS"
"U-1681","TREATMENT OF PATIENTS WITH PROGRESSIVE NEUROENDOCRINE TUMORS OF PANCREATIC ORIGIN (PNET) THAT ARE UNRESECTABLE, LOCALLY ADVANCED OR METASTATIC"
"U-1682","TREATMENT OF BACTERIAL VAGINOSIS"
"U-1683","TREATMENT FOR CHRONIC LYMPHOCYTIC LEUKEMIA WITH 17P DELETION"
"U-1684","TREATMENT OF CHRONIC LYMPHOCYTIC LEUKEMIA"
"U-1685","DOSAGE MODIFICATION TO REDUCE THE RISK ASSOCIATED WITH QT PROLONGATION NOT INDUCED BY OTHER DRUGS DURING TREATMENT WITH ILOPERIDONE"
"U-1686","A METHOD TO REDUCE WITHDRAWAL SYMPTOMS, INCLUDING NICOTINE CRAVING, ASSOCIATED WITH SMOKING CESSATION"
"U-1687","TREATMENT OF HCV INFECTION USING OMBITASVIR"
"U-1688","METHOD FOR CHRONIC WEIGHT MANAGEMENT BY TREATING OBESITY IN AN INDIVIDUAL WHO DOES NOT HAVE SEVERE RENAL IMPAIRMENT OR ESRD"
"U-1689","METHOD FOR CHRONIC WEIGHT MANAGEMENT BY INDUCING SATIETY IN AN INDIVIDUAL WHO DOES NOT HAVE SEVERE RENAL IMPAIRMENT OR ESRD"
"U-1690","METHOD FOR REDUCTION OF SUBMENTAL FAT"
"U-1691","INDICATED FOR THE ONCE-DAILY INHALED TREATMENT FOR ASTHMA IN ADULTS AGED 18 YEARS AND OLDER"
"U-1692","METHOD FOR CHRONIC WEIGHT MANAGEMENT BY DECREASING FOOD INTAKE IN AN INDIVIDUAL WHO DOES NOT HAVE SEVERE RENAL IMPAIRMENT OR ESRD"
"U-1693","METHOD OF TREATING ADHD IN CHILDREN 6 YEARS OF AGE AND OLDER AND ADOLESCENTS"
"U-1694","A METHOD FOR TREATING HEART FAILURE IN A HUMAN USING A CRYSTALLINE FORM OF IVABRADINE HYDROCHLORIDE"
"U-1695","METHOD FOR TREATING THYROID CARCINOMA INCLUDING DIFFERENTIATED THYROID CANCER"
"U-1696","TREATMENT OF UNRESECTABLE HEPATOCELLULAR CARCINOMA"
"U-1697","PULMONARY ADMINISTRATION OF A COMPOSITION COMPRISING INSULIN BOUND TO A DIKETOPIPERAZINE."
"U-1698","PROPHYLAXIS OF INVASIVE ASPERGILLUS AND CANDIDA INFECTIONS"
"U-1699","A METHOD FOR TREATING ACUTE LYMPHOBLASTIC LEUKEMIA"
"U-1700","A METHOD FOR TREATING PHILADELPHIA CHROMOSOME POSITIVE ACUTE LYMPHOBLASTIC LEUKEMIA"
"U-1701","A METHOD FOR TREATING LEUKEMIA RESULTING FROM A MUTATION IN THE BCR-ABL KINASE DOMAIN"
"U-1702","TREATMENT OF COPD"
"U-1703","TREATMENT OF RESPIRATORY COMPLAINTS"
"U-1704","USE FOR TREATMENT IN PATIENTS WITH DIABETES"
"U-1705","USE FOR TREATMENT IN PATIENTS WITH HYPERGLYCEMIA"
"U-1706","TREATMENT OF TYPE 2 DIABETES BY ADMINISTERING BROMOCRIPTINE MESYLATE AND A FIRST-PHASE INSULIN SECRETAGOGUE WHEREIN THE COMBINED THERAPEUTIC EFFECT IS GREATER THAN THE ADDITIVE EFFECT OF ADMINISTERING EACH AGENT ALONE"
"U-1707","TREATMENT OF IRRITABLE BOWEL SYNDROME WITH DIARRHEA (IBS-D) IN ADULTS AND SYMPTOMS THEREOF"
"U-1708","TREATMENT OF IRRITABLE BOWEL SYNDROME WITH DIARRHEA (IBS-D) IN ADULTS"
"U-1709","TREATMENT OF IRRITABLE BOWEL SYNDROME WITH DIARRHEA (IBS-D) WITH VIBERZI (ELUXADOLINE)."
"U-1710","TREATMENT OF NON-24-HOUR SLEEP-WAKE DISORDER BY AVOIDING THE USE OF TASIMELTEON IN COMBINATION WITH FLUVOXAMINE"
"U-1711","FOR THE TREATMENT OF PATIENTS WITH CLL, FL OR SLL"
"U-1712","MEKINIST IN COMBINATION WITH DABRAFENIB FOR THE TREATMENT OF PATIENTS WITH UNRESECTABLE OR METASTATIC MELANOMA"
"U-1713","TAFINLAR IN COMBINATION WITH TRAMETINIB FOR THE TREATMENT OF PATIENTS WITH UNRESECTABLE OR METASTATIC MELANOMA"
"U-1714","TREATMENT OF THROMBOCYTOPENIA IN ADULT AND PEDIATRIC PATIENTS 6 YEARS AND OLDER WITH CHRONIC IMMUNE (IDIOPATHIC) THROMBOCYTOPENIA (ITP)"
"U-1715","P2Y12 PLATELET INHIBITOR FOR USE AS ADJUNCT TO PERCUTANEOUS CORONARY INTERVENTION TO REDUCE RISK OF VARIOUS DISEASES/CONDITIONS IN PATIENTS NOT TREATED WITH A P2Y12 PLATELET INHIBITOR AND NOT GIVEN A GLYCOPROTEIN IIB/IIIA INHIBITOR"
"U-1716","TREATMENT OF COUGH AND SYMPTOMS ASSOCIATED WITH UPPER RESPIRATORY ALLERGIES OR A COMMON COLD WITH CODEINE PHOSPHATE AND CHLORPHENIRAMINE MALEATE ORALLY ADMINISTERED EXTENDED RELEASE TABLETS"
"U-1717","METHOD OF TREATING CYSTIC FIBROSIS IN PATIENTS WHO ARE HOMOZYGOUS FOR THE F508DEL MUTATION IN THE CYSTIC FIBROSIS TRANSMEMBRANE CONDUCTANCE REGULATOR (CFTR) GENE"
"U-1718","METHOD OF TREATING CYSTIC FIBROSIS IN PATIENTS WHO HAVE THE F508DEL MUTATION IN THE CYSTIC FIBROSIS TRANSMEMBRANE CONDUCTANCE REGULATOR (CFTR) GENE."
"U-1719","ACUTE TREATMENT OF MIGRAINE"
"U-1720","METHOD OF PROVIDING A THERAPEUTICALLY EFFECTIVE AND STABLE MEDIAN BLOOD PLASMA LEVEL OF LEVODOPA"
"U-1721","USE OF RUXOLITINIB (JAKAFI) FOR BLOCKING SIGNAL TRANSDUCTION OF JANUS ASSOCIATED KINASES (JAKS) JAK1 AND/OR JAK2"
"U-1722","TREATMENT OF BASAL CELL CARCINOMA"
"U-1723","TREATMENT OF HEART FAILURE"
"U-1724","METHOD OF INHIBITING HEPATITIS C VIRUS"
"U-1725","METHOD OF INHIBITING HEPATITIS C VIRUS WITH DAKLINZA AND AT LEAST ONE ADDITIONAL COMPOUND HAVING ANTI-HCV ACTIVITY"
"U-1726","REDUCTION IN RISK OF HOSPITALIZATION IN PATIENTS WITH CORONARY HEART DISEASE AND A HISTORY OF PAROXYSMAL OR PERSISTENT AF AND WITH ONE OR MORE RISK FACTORS BY ADMINISTRATION TWICE A DAY WITH MORNING AND EVENING MEALS"
"U-1727","TOPICAL TREATMENT OF INFLAMMATORY PAPULES AND PUSTULES OF MILD TO MODERATE ROSACEA"
"U-1728","REDUCTION IN RISK OF HOSPITALIZATION IN PATIENTS WITH STABLE NYHA CLASS III HEART FAILURE AND A HISTORY OF PAROXYSMAL OR PERSISTENT AF AND WITH ONE OR MORE RISK FACTORS BY ADMINISTRATION TWICE A DAY WITH MORNING AND EVENING MEALS"
"U-1729","REDUCE THE RISK OF RECURRENT DEEP VEIN THROMBOSIS (DVT)"
"U-1730","REDUCE THE RISK OF RECURRENT PULMONARY EMBOLISM"
"U-1731","TEMPORARY RELIEF OF MINOR ACHES AND PAINS"
"U-1732","TEMPORARY REDUCTION OF FEVER"
"U-1733","TREATMENT/PREVENTION OF CARDIOVASCULAR DISEASE"
"U-1734","USE OF FLIBANSERIN OR A PHARMACEUTICALLY ACCEPTABLE ACID ADDITION SALT THEREOF TO TREAT HYPOACTIVE SEXUAL DESIRE DISORDER (HSDD)"
"U-1735","METHODS OF TREATING PAIN, INFLAMMATION AND/OR FEVER WITH INTRAVENOUS IBUPROFEN SUCH THAT MEAN ARTERIAL BLOOD PRESSURE DOES NOT INCREASE THE DOSAGE INTERVAL"
"U-1736","TREATMENT OF THROMBOCYTOPENIA IN ADULT AND PEDIATRIC PATIENTS 1 YEAR AND OLDER WITH CHRONIC IMMUNE (IDIOPATHIC) THROMBOCYTOPENIA (ITP)"
"U-1737","METHOD OF TREATING SCHIZOPHRENIA BY ADMINISTERING ILOPERIDONE TO A PATIENT BY REDUCING THE DOSE IN PATIENTS WHO ARE BEING TREATED WITH FLUOXETINE"
"U-1738","TREATMENT OF IRRITABLE BOWEL SYNDROME WITH DIARRHEA (IBS-D) WITH VIBERZI (ELUXADOLINE)"
"U-1739","MANAGEMENT OF PAIN SEVERE ENOUGH TO REQUIRE DAILY, AROUND -THE-CLOCK, LONG-TERM OPIOID TREATMENT, INCLUDING NEUROPATHIC PAIN ASSOCIATED WITH DIABETIC PERIPHERAL NEUROPATHY"
"U-1740","IN COMBINATION WITH OTHER ANTIRETROVIRAL AGENTS FOR THE TREATMENT OF HIV-1 INFECTION IN TREATMENT-NAIVE PATIENTS WITH HIV-1 RNA LESS THAN OR EQUAL TO 100,000 AT THE START OF THERAPY"
"U-1741","PREVENTION OF DELAYED NAUSEA AND VOMITING ASSOCIATED WITH EMETOGENIC CANCER CHEMOTHERAPY"
"U-1742","ROLAPITANT IS APPROVED FOR THE PREVENTION OF DELAYED NAUSEA AND VOMITING (I.E., EMESIS) ASSOCIATED WITH EMETOGENIC CANCER CHEMOTHERAPY"
"U-1743","FOR THE PREVENTION OF NAUSEA AND VOMITING ASSOCIATED WITH CHEMOTHERAPY"
"U-1744","PREVENTION OF POST-OPERATIVE NAUSEA AND VOMITING"
"U-1745","FOR THE TREATMENT OF PATIENTS WITH WALDENSTROM'S MACROGLOBULINEMIA"
"U-1746","MONOTHERAPY OR ADJUNCTIVE THERAPY FOR TREATMENT OF PARTIAL-ONSET SEIZURES AND APPROVED IN PATIENTS WITH EPILEPSY"
"U-1747","FOR CLAIMS 1-3,6-13,16-24  AND 26-32: METHOD OF TREATING ADHD"
"U-1748","FOR CLAIMS 1-4,6-14,16-24 AND 26-32: METHOD OF TREATING ADHD IN CHILDREN 6 YEARS OF AGE AND OLDER AND ADOLESCENTS"
"U-1749","ACUTE TREATMENT OF MANIC AND MIXED EPISODES ASSOCIATED WITH BIPOLAR I DISORDER"
"U-1750","TREATMENT OF SCHIZOPHRENIA AND/OR ACUTE MANIC OR MIXED EPISODES ASSOCIATED WITH BIPOLAR I DISORDER WITH CARIPRAZINE"
"U-1751","TREATMENT OF PATIENTS WITH METASTATIC COLORECTAL CANCER WHO HAVE BEEN PREVIOUSLY TREATED WITH FLUOROPYRIMIDINE-, OXALIPLATIN- AND IRINOTECAN-BASED CHEMOTHERAPY, AN ANTI-VEGF BIOLOGICAL THERAPY, AND IF RAS WILD-TYPE, AN ANTI-EGFR THERAPY"
"U-1752","PROPHYLAXIS OF ORGAN REJECTION"
"U-1753","TREATMENT OF HCV INFECTION USING DASABUVIR"
"U-1754","FOR THE TREATMENT OF PULMONARY HYPERTENSION (PAH) IN COMBINATION WITH TADALAFIL"
"U-1755","FIRST-LINE TREATMENT OF PATIENTS WITH METASTATIC NON-SMALL CELL LUNG CANCER (NSCLC) WHOSE TUMORS HAVE EPIDERMAL GROWTH FACTOR RECEPTOR (EGFR) EXON 19 DELETIONS OR EXON 21 (L858R) SUBSTITUTION MUTATIONS"
"U-1756","METHODS OF TREATING PAIN, INFLAMMATION AND/OR FEVER IN A CRITICALLY ILL PATIENT WITH INTRAVENOUS IBUPROFEN IN NEED THEREOF"
"U-1757","INHIBITION ON PI3K KINASE"
"U-1758","METHOD OF TREATING ALLERGIC REACTION VIA INJECTION"
"U-1759","METHOD OF REVERSING THE ANTICOAGULANT EFFECT OF DABIGATRAN USING IDARUCIZUMAB"
"U-1760","RISK-REDUCTION OF NSAID GASTRIC ULCER IN PATIENTS REQUIRING CHRONIC NSAID TREATMENT"
"U-1761","PLAQUE PSORIASIS"
"U-1762","USE OF BELVIQ (LORCASERIN HYDROCHLORIDE) FOR CHRONIC WEIGHT MANAGEMENT IN PATIENTS ON A REDUCED-CALORIE DIET AND WHO HAVE ACHIEVED A GREATER THAN OR EQUAL TO 5% WEIGHT LOSS BY WEEK 12 OF TREATMENT"
"U-1763","USE OF BELVIQ (LORCASERIN HYDROCHLORIDE) FOR CHRONIC WEIGHT MANAGEMENT BY DECREASING FOOD INTAKE IN PATIENTS ON A REDUCED-CALORIE DIET AND WHO HAVE ACHIEVED GREATER THAN OR EQUAL TO 5% WEIGHT LOSS BY WEEK 12 OF TREATMENT"
"U-1764","USE OF BELVIQ (LORCASERIN HYDROCHLORIDE) FOR CHRONIC WEIGHT MANAGEMENT BY INDUCING SATIETY IN PATIENTS ON A REDUCED-CALORIE DIET AND WHO HAVE ACHIEVED A GREATER THAN OR EQUAL TO 5% WEIGHT LOSS BY WEEK 12 OF TREATMENT"
"U-1765","USE OF BELVIQ (LORCASERIN HYDROCHLORIDE) FOR CHRONIC WEIGHT MANAGEMENT BY TREATING OBESITY IN PATIENTS ON A REDUCED-CALORIE DIET AND WHO HAVE ACHIEVED A GREATER THAN OR EQUAL TO 5% WEIGHT LOSS BY WEEK 12 OF TREATMENT"
"U-1766","TREATMENT OF HYPERKALEMIA"
"U-1767","USE OF CALCIPOTRIENE FOAM FOR THE TOPICAL TREATMENT OF PLAQUE PSORIASIS IN PATIENTS AGED 18 YEARS AND OLDER"
"U-1768","METHOD OF TREATING TYPE 2 DIABETES MELLITUS BY ADMINISTERING LINAGLIPTIN"
"U-1769","TREATMENT OF PAIN BY TRANSMUCOSAL DELIVERY OF BUPRENORPHINE"
"U-1770","TREATMENT OF SCHIZOPHRENIA WITH IMPROVEMENT IN NEGATIVE SYMPTOMS AND/OR COGNITIVE DYSFUNCTION OF SCHIZOPHRENIA"
"U-1771","ADMINISTRATION OF REMODULIN DILUTED FOR INTRAVENOUS INFUSION WITH STERILE WATER FOR INJECTION OR 0.9% SODIUM CHLORIDE  INJECTION PRIOR TO ADMINISTRATION"
"U-1772","METHOD OF TREATING TYPE 2 DIABETES MELLITUS BY ADMINISTERING LINAGLIPTIN IN COMBINATION WITH EMPAGLIFLOZIN"
"U-1773","LONG-TERM MAINTENANCE TREATMENT OF AIRFLOW OBSTRUCTION IN PATIENTS WITH CHRONIC OBSTRUCTIVE PULMONARY DISEASE (COPD)"
"U-1774","USE OF A LOTION CONTAINING HALOBETASOL PROPIONATE FOR THE TREATMENT OF CORTICOSTEROID-RESPONSIVE"
"U-1775","USE OF A LOTION CONTAINING HALOBETASOL PROPIONATE FOR THE TREATMENT OF CORTICOSTEROID-RESPONSIVE DERMATOSES INCLUDING PSORIASIS"
"U-1776","METHOD OF USING COBIMETINIB FOR THE TREATMENT OF MELANOMA"
"U-1777","TREATMENT OF PATIENTS WITH METASTATIC EPIDERMAL GROWTH FACTOR RECEPTOR (EGFR) T790M MUTATION-POSITIVE NON-SMALL CELL LUNG CANCER (NSCLC), WHO HAVE PROGRESSED ON OR AFTER EGFR TKI THERAPY"
"U-1778","METHOD FOR TREATING MULTIPLE MYELOMA"
"U-1779","METHOD FOR TREATING MULTIPLE MYELOMA WITH ONE OR MORE OTHER THERAPEUTIC AGENTS"
"U-1780","METHOD FOR TREATING CANCER, INCLUDING MULTIPLE MYELOMA"
"U-1781","RISK-REDUCTION OF NSAID-ASSOCIATED GASTRIC ULCER IN PATIENTS REQUIRING NSAID TREATMENT"
"U-1782","FOR HEAD LICE INFESTATIONS"
"U-1783","METHOD OF TREATING FREQUENT HEARTBURN BY ADMINISTERING AN ESOMEPRAZOLE MAGNESIUM AS CLAIMED"
"U-1784","METHOD OF TREATING FREQUENT HEARTBURN BY ADMINISTERING AN ESOMEPRAZOLE MAGNESIUM TRIHYDRATE AS CLAIMED"
"U-1785","METHOD OF TREATING FREQUENT HEARTBURN BY ADMINISTERING AN ESOMEPRAZOLE MAGNESIUM FORMULATION AS CLAIMED"
"U-1786","TREATMENT OF PATIENTS WITH RELAPSING FORMS OF MULTIPLE SCLEROSIS WHILE MANAGING THE RISK OF TERIFLUNOMIDE AND ROSUVASTATIN INTERACTION BY LIMITING THE ROSUVASTATIN DOSE TO NO MORE THAN 10MG AND/OR ADMINISTERING ABOUT HALF THE NORMAL DOSE"
"U-1787","TREATMENT OF EXOCRINE PANCREATIC INSUFFICIENCY"
"U-1788","TREATMENT OF PATIENT HAVING DIABETES MELLITUS VIA ORAL INHALATION OF FDKP MICROPARTICLES COMPRISING INSULIN"
"U-1789","METHOD OF ADMINISTERING AN ETHANOL-FREE TAXANE LIQUID NANODISPERSION FORMULATION TO A SUBJECT COMBINING THE FORMULATION WITH AN AQUEOUS MEDIUM TO PROVIDE AN ETHANOL-FREE TAXANE DILUTED SOLUTION"
"U-1790","FOR USE IN TREATMENT OF PATIENTS WITH CHRONIC LYMPHOCYTIC LEUKEMIA (CLL) AND/OR NON-HODGKIN'S LYMPHOMA"
"U-1791","EMERGENCY TREATMENT OF ADULT & PEDIATRIC PATIENTS FOLLOWING FLUOROURACIL OR CAPECITABINE OVERDOSE,OR WHO EXHIBIT EARLY-ONSET,SEVERE OR LIFE-THREATENING CARDIAC OR CNS TOXICITY OR UNUSUALLY SEVERE ADVERSE REACTIONS WITHIN 96 HOURS"
"U-1792","TREATMENT OF OTIC INFECTION OR INFLAMMATION"
"U-1793","TREATMENT OF PEDIATRIC PATIENTS WITH OTITIS MEDIA WITH EFFUSION UNDERGOING TYMPANOSTOMY TUBE PLACEMENT"
"U-1794","REVERSAL OF DRUG-INDUCED NEUROMUSCULAR BLOCK"
"U-1795","REVERSAL OF NEUROMUSCULAR BLOCKAGE INDUCED BY ROCURONIUM BROMIDE OR VECURONIUM BROMIDE"
"U-1796","TOPICAL TREATMENT OF INFLAMMATORY PAPULES AND PUSTULES OF MILD TO MODERATE ROSACEA"
"U-1797","METHOD OF TREATING PULMONARY ARTERIAL HYPERTENSION COMPRISING ADMINISTERING A PHARMACEUTICAL COMPOSITION COMPRISING SELEXIPAG"
"U-1798","METHOD OF TREATING PULMONARY ARTERIAL HYPERTENSION COMPRISING ADMINISTERING SELEXIPAG IN COMBINATION WITH THE ENDOTHELIN RECEPTOR ANTAGONIST MACITENTAN"
"U-1799","METHOD OF INCREASING GROWTH OF HAIR INCLUDING EYELASHES"
"U-1800","A METHOD OF TREATING OCULAR PAIN AND/OR ENHANCING OCULAR COMFORT"
"U-1801","REDUCTION OF SERUM URIC ACID LEVELS"
"U-1802","TREATMENT OF GOUT"
"U-1803","TREATMENT OF HYPERURICEMIA"
"U-1804","ACHIEVING A THERAPEUTIC BENEFIT IN A SUBJECT WITH GOUT"
"U-1805","USE OF DEXLANSOPRAZOLE IN PATIENTS TAKING CLOPIDOGREL WITHOUT MEANINGFUL CYP2C19 INTERACTIONS"
"U-1806","COADMINISTERING WITH ALLOPURINOL TO REDUCE SERUM URIC ACID (SUA) BELOW 4 MG/DL; BELOW 6MG/DL IN PATIENTS HAVING URIC ACID DEPOSITS; AND/OR BELOW 6MG/DL WITH SUA INTRADAY CHANGE MORE THAN 50% AND/OR ADVERSE EVENT RATE LESS THAN 15%"
"U-1807","TREATMENT OF PEDIATRIC PATIENTS 8 TO 17 YEARS OF AGE WITH HETEROZYGOUS FAMILIAL HYPERCHOLESTEROLEMIA (HEFH)"
"U-1808","USE OF NALTREXONE AND BUPROPION FOR CHRONIC WEIGHT MANAGEMENT FOR TREATING OVERWEIGHT OR OBESITY IN PATIENTS WITH MAJOR DEPRESSIVE DISORDER"
"U-1809","METHOD OF DRUG DELIVERY VIA THE NASAL CAVITY"
"U-1810","TREATMENT OF PAIN IN PATIENTS WITH HEPATIC IMPAIRMENT"
"U-1811","TREATMENT OF PATIENTS WITH UNRESECTABLE OR METASTATIC MELANOMA WITH BRAF V600E MUTATIONS AFTER CONFIRMING THE PRESENCE OF BRAF V600E MUTATION"
"U-1812","TREATMENT OF PATIENTS WITH UNRESECTABLE OR METASTATIC LIPOSARCOMA"
"U-1813","TREATMENT OF PATIENTS INFECTED WITH HEPATITIS C VIRUS"
"U-1814","METHOD OF TREATING GLAUCOMA OR ELEVATED INTRAOCULAR PRESSURE"
"U-1815","TREATMENT OF PARTIAL-ONSET SEIZURES AS ADJUNCTIVE THERAPY IN PATIENTS WITH EPILEPSY AGED 16 YEARS AND OLDER WITH EPILEPSY"
"U-1816","TREATMENT OF A UREA CYCLE DISORDER"
"U-1817","PEDIATRIC USE AGES 1 MONTH TO 2 YEARS, GERD AND EROSIVE ESOPHAGITIS"
"U-1818","TREATING HR-POS., HER2-NEG. ADVANCED OR METASTATIC BREAST CANCER WITH PALBOCICLIB IN COMBO WITH LETROZOLE AS INITIAL ENDOCRINE BASED THERAPY IN POSTMENOPAUSAL WOMEN, OR FULVESTRANT IN WOMEN WITH DISEASE PROGRESSION AFTER ENDOCRINE THERAPY"
"U-1819","MANAGEMENT OF PAIN SEVERE ENOUGH TO REQUIRE DAILY, AROUND-THE-CLOCK, LONG TERM OPIOID TREATMENT AND FOR WHICH ALTERNATIVE TREATMENT OPTIONS ARE INADEQUATE"
"U-1820","METHOD OF TREATING PULMONARY ARTERIAL HYPERTENSION BY ADMINISTERING A PHARMACEUTICAL COMPOSITION COMPRISING MACITENTAN AND A POLYSORBATE, WHEREIN THE POLYSORBATE REPRESENTS 0.1 TO 3% OF THE WEIGHT OF SAID PHARMACEUTICAL COMPOSITION"
"U-1821","METHOD FOR CONTRACEPTION TO A WOMAN COMPRISING ADMINISTERING TO THE WOMAN 30MG OF ULIPRISTAL ACETATE MORE THAN 72 HOURS AND UP TO 120 HOURS AFTER AN UNPROTECTED INTERCOURSE"
"U-1822","TREATMENT OF SCHIZOPHRENIA OR BIPOLAR DEPRESSION WITH IMPROVEMENT IN ATTENTION FUNCTION IN SCHIZOPHRENIA AND/OR BIPOLAR DISORDER"
"U-1823","A METHOD OF PROVIDING NITRIC OXIDE THERAPY TO A PATIENT BY COMPENSATING LONG-TERM SENSITIVITY DRIFT OF ELECTROCHEMICAL GAS SENSORS USED IN SYSTEMS FOR DELIVERING THERAPEUTIC NITRIC OXIDE TO A PATIENT"
"U-1824","A METHOD OF PROVIDING NITRIC OXIDE THERAPY TO A PATIENT BY VERIFYING GAS INFORMATION OF NITRIC OXIDE PRIOR TO DELIVERY TO PATIENT"
"U-1825","METHOD OF USING VISMODEGIB TO TREAT CANCER IN A MAMMAL"
"U-1826","TREATMENT OF HR-POSITIVE, HUMAN EPIDERMAL GROWTH FACTOR RECEPTOR 2 (HER2)-NEGATIVE ADVANCED OR METASTATIC BREAST CANCER IN COMBINATION WITH PALBOCICLIB IN WOMEN WITH DISEASE PROGRESSION AFTER ENDOCRINE THERAPY"
"U-1827","A METHOD OF PROVIDING A SUBJECT WITH THERAPEUTICALLY EFFECTIVE AMOUNT OF RACEMIC METHYLPHENIDATE BY ORALLY ADMINISTERING TO SAID SUBJECT A SINGLE METHYLPHENIDATE EXTENDED RELEASE CHEWABLE TABLET ACCORDING TO CLAIM 1"
"U-1828","INCREASING MEAN ARTERIAL BLOOD PRESSURE IN ADULT PATIENTS WITH HYPOTENSION ASSOCIATED WITH SEPTIC SHOCK"
"U-1829","EMERGENCY TREATMENT OF ALLERGIC REACTIONS (TYPE I), INCLUDING ANAPHYLAXIS"
"U-1830","INDUCTION AND MAINTENANCE OF MYDRIASIS DURING INTRAOCULAR SURGERY"
"U-1831","METHOD OF TREATING PULMONARY ARTERIAL HYPERTENSION COMPRISING ADMINISTERING A CRYSTALLINE FORM OF SELEXIPAG"
"U-1832","IMPROVEMENT IN GLYCEMIC CONTROL IN DIABETES MELLITUS PATIENTS BY USE OF A PEN INJECTOR WITH A THREADED DRIVE SLEEVE"
"U-1833","REDUCTION OF ELEVATED INTRAOCULAR PRESSURE IN PATIENTS WITH OPEN ANGLE GLAUCOMA OR OCULAR HYPERTENSION"
"U-1834","TREATMENT OF POSTOPERATIVE INFLAMMATION AND PREVENTION OF OCULAR PAIN IN PATIENTS UNDERGOING CATARACT SURGERY"
"U-1835","TREATMENT OF PATIENTS WITH CHRONIC LYMPHOCYTIC LEUKEMIA (CLL) WITH 17P DELETION, AS DETECTED BY AN FDA APPROVED TEST, WHO HAVE RECEIVED AT LEAST ONE PRIOR THERAPY"
"U-1836","TREATMENT OF HEREDITARY TYROSINEMIA TYPE 1 (HT-1) IN COMBINATION WITH DIETARY RESTRICTION OF TYROSINE AND PHENYLALANINE"
"U-1837","METHOD FOR TREATING TYPE II DIABETES MELLITUS BY ADMINISTERING SAXAGLIPTIN ALONE OR IN COMBINATION WITH INSULIN, METFORMIN, A THIAZOLIDINEDIONE, GLYBURIDE OR METFORMIN PLUS A SULFONYLUREA"
"U-1838","METHOD FOR TREATING TYPE II DIABETES MELLITUS BY ADMINISTERING SAXAGLIPTIN IN COMBINATION WITH METFORMIN"
"U-1839","COMPOSITION AND METHOD FOR PROVIDING A REDUCTION IN SIDE EFFECTS FOR HUMAN PATIENTS IN NEED OF ACETYLCYSTEINE THERAPY"
"U-1840","TREATMENT OF HCV INFECTION USING PARITAPREVIR, OMBITASVIR, RITONAVIR, AND DASABUVIR, WITHOUT RIBAVIRIN"
"U-1841","USE IN THE LONG-TERM, MAINTENANCE TREATMENT OF AIRFLOW OBSTRUCTION IN PATIENTS WITH CHRONIC OBSTRUCTIVE PULMONARY DISEASE (COPD)"
"U-1842","METHOD OF TREATING EPILEPSY"
"U-1843","TREATMENT OF PSYCHOSIS"
"U-1844","TREATMENT OF PARKINSON'S DISEASE PSYCHOSIS"
"U-1845","TREATMENT OF PSYCHOSIS OR A SYMPTOM THEREOF"
"U-1846","TREATMENT OF A NEURODEGENERATIVE DISEASE OR A SYMPTOM THEREOF"
"U-1847","METHOD OF TREATING A BACTERIAL INFECTION"
"U-1848","TREATMENT OF METASTATIC ADENOCARCINOMA OF THE PANCREAS THAT HAS PROGRESSED ON GEMCITABINE-BASED THERAPY, IN COMBINATION WITH 5-FLUOROURACIL AND LEUCOVORIN"
"U-1849","METHOD OF TREATING PULMONARY HYPERTENSION BY ADMINISTERING TREPROSTINIL OR A SALT THEREOF BY INHALATION USING A DEVICE"
"U-1850","METHOD OF ADMINISTERING LEVETIRACETAM"
"U-1851","A DOSING REGIMEN FOR THE TREATMENT OF  HYPERCHOLESTEROLEMIA AND HYPERLIPIDEMIA IN PATIENTS WITH HOMOZYGOUS FAMILIAL HYPERCHOLESTEROLEMIA USING AT LEAST THREE STEP-WISE INCREASING DOSES"
"U-1852","METHOD OF TREATING TYPE 2 DIABETES"
"U-1853","METHOD OF TREATING TYPE 2 DIABETES MELLITUS BY ADMINISTERING A DIPEPTIDYL PEPTIDASE-IV INHIBITOR IN COMBINATION WITH METFORMIN AND, OPTIONALLY, A SULFONYLUREA"
"U-1854","TREATMENT OF PRIMARY BILIARY CHOLANGITIS (PBC)"
"U-1855","IMPROVEMENT IN GLYCEMIC CONTROL IN DIABETES MELLITUS PATIENTS"
"U-1856","TREATMENT OF METASTATIC ADENOCARCINOMA OF THE PANCREAS THAT HAS PROGRESSED ON GEMCITABINE-BASED THERAPY, IN COMBINATION WITH 5-FLUOROURACIL AND LEUCOVORIN, IN A PATIENT HOMOZYGOUS FOR THE UGT1A1*28 ALLELE"
"U-1857","TO INCREASE BLOOD PRESSURE IN ADULTS WITH VASODILATORY SHOCK (E.G., POST-CARDIOTOMY OR SEPSIS) WHO REMAIN HYPOTENSIVE DESPITE FLUIDS AND CATECHOLAMINES"
"U-1858","TREATMENT OF PLAQUE PSORIASIS"
"U-1859","TREATMENT OF SCHIZOPHRENIA, ACUTE TREATMENT OF MANIC AND MIXED EPISODES ASSOCIATED WITH BIPOLAR I DISORDER, ADJUNCTIVE TREATMENT OF MAJOR DEPRESSIVE DISORDER, AND TREATMENT OF IRRITABILITY ASSOCIATED WITH AUTISTIC DISORDER"
"U-1860","REDUCTION OF THE RATE OF CARDIOVASCULAR DEATH, MYOCARDIAL INFARCTION, AND STROKE IN PATIENTS WITH ACUTE CORONARY SYNDROME OR A HISTORY OF MYOCARDIAL INFARCTION"
"U-1861","USE OF AN INHALER TO ADMINISTER DRY POWDER MEDICAMENT"
"U-1862","TREATMENT OF POST-MYOCARDIAL INFARCTION"
"U-1863","TREATMENT OF STROKE"
"U-1864","TREATMENT OF MYOCARDIAL INFARCTION"
"U-1865","TREATMENT OF THROMBOTIC STROKE"
"U-1866","TREATMENT OF STABLE AND UNSTABLE ANGINA"
"U-1867","METHOD OF INHIBITING PLATELET AGGREGATION"
"U-1868","TREATMENT OF ARTERIAL THROMBOTIC COMPLICATIONS SELECTED FROM THE GROUP CONSISTING OF UNSTABLE ANGINA, THROMBOTIC OR EMBOLIC STROKE, TRANSIENT ISCHAEMIC ATTACKS, PERIPHERAL VASCULAR DISEASE AND MYOCARDIAL INFARCTION"
"U-1869","TREATMENT OF AN ARTERIAL THROMBOTIC COMPLICATION IN A PATIENT WITH CORONARY ARTERY, CEREBROVASCULAR OR PERIPHERAL VASCULAR DISEASE"
"U-1870","ZINGO IS A POWDER INTRADERMAL SYSTEM THAT IS CAPABLE OF DELIVERING FINE DRY POWDERED LIDOCAINE HYDROCHLORIDE MONOHYDRATE FOR LOCAL ANESTHETIC ACTION"
"U-1871","TREATMENT OF SECONDARY HYPERPARATHYROIDISM IN PATIENTS WITH STAGE 3 OR 4 CHRONIC KIDNEY DISEASE USING CONTROLLED RELEASE, ORAL 25-HYDROXYVITAMIN D"
"U-1872","USE OF SUSTAINED RELEASE 25-HYDROXYVITAMIN D IN TREATING PATIENTS HAVING 25-HYDROXYVITAMIN D INSUFFICIENCY OR DEFICIENCY"
"U-1873","ADMINISTRATION OF 25-HYDROXYVITAMIN D3 BY CONTROLLED RELEASE"
"U-1874","TREATMENT OF FREQUENT HEARTBURN BY ADMINISTERING OMEPRAZOLE ACCORDING TO CLAIMS 1-8"
"U-1875","TREATMENT OF FREQUENT HEARTBURN BY ADMINISTERING S-OMEPRAZOLE TRIHYDRATE ACCORDING TO CLAIMS 1-3"
"U-1876","METHOD OF ANESTHETIZING AT LEAST A PORTION OF THE MAXILLARY DENTAL ARCH"
"U-1877","METHOD OF TREATING PULMONARY HYPERTENSION BY ORALLY ADMINISTERING A FORMULATION OF A PHARMACEUTICALLY ACCEPTABLE SALT OF TREPROSTINIL"
"U-1878","FOR OPIOID DEPENDENCE"
"U-1879","METHOD OF DIAGNOSING TUMORS USING POSITRON EMISSION TOMOGRAPHY"
"U-1880","TREATMENT OF SIGNS AND SYMPTOMS OF DRY EYE DISEASE (DED)"
"U-1881","IMPROVEMENT IN GLYCEMIC CONTROL IN TYPE 2 DIABETES MELLITUS PATIENTS BY USE OF A PEN INJECTOR"
"U-1882","MANAGEMENT OF MILD TO MODERATE PAIN, MANAGEMENT OF MODERATE TO SEVERE PAIN AS AN ADJUNCT TO OPIOID ANALGESICS, REDUCTION IN FEVER THROUGH ANALGESIC AND ANTIPYRETIC ACTIVITY"
"U-1883","TREATMENT OF GASTROINTESTINAL STROMAL TUMORS (GIST)"
"U-1884","USE OF LORCASERIN HYDROCHLORIDE FOR CHRONIC WEIGHT MANAGEMENT IN PATIENTS ON A REDUCED-CALORIE DIET AND WHO HAVE ACHIEVED A GREATER THAN OR EQUAL TO 5% WEIGHT LOSS BY WEEK 12 OF TREATMENT"
"U-1885","USE OF LORCASERIN HYDROCHLORIDE FOR CHRONIC WEIGHT MANAGEMENT BY DECREASING FOOD INTAKE IN PATIENTS ON A REDUCED-CALORIE DIET AND WHO HAVE ACHIEVED A GREATER THAN OR EQUAL TO 5% WEIGHT LOSS BY WEEK 12 OF TREATMENT"
"U-1886","USE OF LORCASERIN HYDROCHLORIDE FOR CHRONIC WEIGHT MANAGEMENT BY INDUCING SATIETY IN PATIENTS ON A REDUCED-CALORIE DIET AND WHO HAVE ACHIEVED A GREATER THAN OR EQUAL TO 5% WEIGHT LOSS BY WEEK 12 OF TREATMENT"
"U-1887","USE OF LORCASERIN HYDROCHLORIDE FOR CHRONIC WEIGHT MANAGEMENT BY TREATING OBESITY IN PATIENTS ON A REDUCED-CALORIE DIET AND WHO HAVE ACHIEVED A GREATER THAN OR EQUAL TO 5% WEIGHT LOSS BY WEEK 12 OF TREATMENT"
"U-1888","USE OF CONTROLLED RELEASE 25-HYDROXYVITAMIN D IN TREATING SECONDARY HYPERPARATHYROIDISM IN PATIENTS HAVING CHRONIC KIDNEY DISEASE"
"U-1889","TREATMENT OF HCV INFECTION USING DASABUVIR/OMBITASVIR/PARITAPREVIR/RITONAVIR FIXED DOSE COMBINATION"
"U-1890","OTC USE: ALLERGY SYMPTOM RELIEVER; TEMPORARILY RELIEVES THESE SYMPTOMS DUE TO HAY FEVER OR OTHER UPPER RESPIRATORY ALLERGIES; NASAL CONGESTION, RUNNY NOSE, SNEEZING, ITCHY NOSE, AND (ITCHY WATER EYES (AGES 12 AND UP))"
"U-1891","TREATMENT OR PREVENTION OF NAUSEA AND VOMITING"
"U-1892","METHOD OF TREATING LEFT VENTRICULAR DYSFUNCTION"
"U-1893","METHOD OF TREATING MANIC OR MIXED EPISODES ASSOCIATED WITH BIPOLAR DISORDER IN PEDIATRIC PATIENTS"
"U-1894","COMBINATION TREATMENT WITH A GLITAZONE FOR IMPROVEMENT OF GLYCEMIC CONTROL IN TYPE 2 DIABETES MELLITUS PATIENTS"
"U-1895","METHOD OF TREATING PROSTATE CANCER"
"U-1896","SUPPLEMENT FOR VITAMIN B12 DEFICIENCIES"
"U-1897","METHOD OF TREATING ACS USING ANGIOPLASTY WITH AGGRASTAT (TIROFIBAN HYDROCHLORIDE)"
"U-1898","METHOD OF INHIBITING PLATELET AGGREGATION WITH AGGRASTAT (TIROFIBAN HYDROCHLORIDE)"
"U-1899","TREATMENT OF PANCREATIC CANCER THAT HAS PROGRESSED ON GEMCITABINE-BASED THERAPY, IN COMBINATION WITH 5-FLUOROURACIL AND LEUCOVORIN"
"U-1900","TREATMENT OF THE SIGNS AND SYMPTOMS OF DRY EYE DISEASE (DED)"
"U-1901","TREATMENT OF SCHIZOAFFECTIVE DISORDER AS A MONOTHERAPY AND AS AN ADJUNCT TO MOOD STABILIZERS OR ANTIDEPRESSANTS"
"U-1902","TREATMENT OR SECONDARY PREVENTION OF CARDIOVASCULAR DISEASE, CARDIOVASCULAR EVENTS, OR CEREBROVASCULAR EVENTS AND RISK-REDUCTION OF ASPIRIN-ASSOCIATED GASTRIC ULCERS"
"U-1903","USE OF NALOXONE HYDROCHLORIDE FOR EMERGENCY TREATMENT OF KNOWN OR SUSPECTED OPIOID OVERDOSE, AS MANIFESTED BY RESPIRATORY AND/OR CENTRAL NERVOUS SYSTEM DEPRESSION."
"U-1904","(I)TREATMENT OF DUCHENNE MUSCULAR DYSTROPHY; (II)RESTORING/INCREASING FUNCTIONAL DYSTROPHIN PROTEIN; OR (III) INDUCING SKIPPING; EACH OF (I)-(III) IN PATIENTS HAVING A CONFIRMED MUTATION OF THE DMD GENE THAT IS AMENABLE TO EXON 51 SKIPPING"
"U-1905","METHOD OF TREATING A PATIENT HAVING CYSTIC FIBROSIS, THE PATIENT HAVING A R117H MUTATION IN CFTR, USING N-(5-HYDROXY-2,4-DI-TERT-BUTYL-PHENYL)-4-OXO-1H-QUINOLINE-3-CARBOXAMIDE"
"U-1906","METHOD OF TREATING A PATIENT HAVING CYSTIC FIBROSIS, SUCH AS A PATIENT HAVING A G551D MUTATION IN CFTR, USING N-(5-HYDROXY-2,4-DI-TERT-BUTYL-PHENYL)-4-OXO-1H-QUINOLINE-3-CARBOXAMIDE"
"U-1907","USE OF A DELIVERY DEVICE TO ADMINISTER A DOSE OF NALOXONE"
"U-1908","METHOD OF TREATING CYSTIC FIBROSIS IN A PATIENT, THE PATIENT HAVING THE F508DEL MUTATION IN CFTR, USING IVACAFTOR AND FORM I LUMACAFTOR"
"U-1909","METHOD OF TREATING CYSTIC FIBROSIS IN A PATIENT, THE PATIENT HAVING THE F508DEL MUTATION IN CFTR, USING IVACAFTOR AND LUMACAFTOR"
"U-1910","METHOD OF TREATING CYSTIC FIBROSIS IN A PATIENT, THE PATIENT HAVING THE F508DEL MUTATION IN CFTR, USING THE DOSAGE UNIT OF CLAIM 1 OF U.S. PATENT NO. 8,716,338"
"U-1911","METHOD OF TREATING A PATIENT HAVING CYSTIC FIBROSIS USING IVACAFTOR AND LUMACAFTOR"
"U-1912","METHOD OF TREATING CYSTIC FIBROSIS IN A PATIENT, THE PATIENT HAVING THE F508DEL MUTATION IN CFTR, USING A DOSAGE UNIT AS DEFINED IN CLAIM 1 OF U.S. PATENT NO. 9,192,606"
"U-1913","TREATMENT OF PEDIATRIC PATIENTS WITH BILATERAL OTITIS MEDIA WITH EFFUSION UNDERGOING TYMPANOSTOMY TUBE PLACEMENT"
"U-1914","IN COMBINATION WITH RITUXIMAB, FOR THE TREATMENT OF PATIENTS WITH RELAPSED CHRONIC LYMPHOCYTIC LEUKEMIA (CLL)"
"U-1915","METHOD OF TREATING TYPE 2 DIABETES MELLITUS IN PATIENTS WITH SEVERE CHRONIC RENAL IMPAIRMENT AND WHO ARE INELIGIBLE FOR METFORMIN THERAPY BY ADMINISTERING LINAGLIPTIN"
"U-1916","PREVENTION OF NAUSEA AND VOMITING ASSOCIATED WITH CHEMOTHERAPY (CINV)"
"U-1917","TREATMENT OF EXOCRINE PANCREATIC CANCER THAT HAS PROGRESSED ON GEMCITABINE-BASED THERAPY, IN COMBINATION WITH 5-FLUOROURACIL AND LEUCOVORIN"
"U-1918","TREATMENT OF DUCHENNE MUSCULAR DYSTROPHY IN PATIENTS HAVING A MUTATION OF THE DMD GENE THAT IS AMENABLE TO EXON 51 SKIPPING"
"U-1919","RESTORING AN MRNA READING FRAME TO INDUCE DYSTROPHIN PROTEIN PRODUCTION IN PATIENTS HAVING A MUTATION OF THE DMD GENE THAT IS AMENABLE TO EXON 51 SKIPPING"
"U-1920","USE OF EXTENDED RELEASE ORAL 25-HYDROXYVITAMIN D3 IN TREATING SECONDARY HYPERPARATHYROIDISM IN ADULT PATIENTS HAVING CHRONIC KIDNEY DISEASE STAGE 3 OR STAGE 4"
"U-1921","MANAGEMENT OF PAIN SEVERE ENOUGH TO REQUIRE DAILY, AROUND-THE-CLOCK, LONG-TERM OPIOID TREATMENT AND FOR WHICH ALTERNATIVE TREATMENT OPTIONS ARE INADEQUATE BY PROVIDING AN ABUSE-DETERRENT ORAL CONTROLLED RELEASE COMBINATION DRUG PRODUCT"
"U-1922","INTRAVAGINAL PRASTERONE (DEHYDROEPIANDROSTERONE) AT A DAILY DOSE OF 6.5MG FOR THE TREATMENT OF DYSPAREUNIA, A SYMPTOM OF VULVAR AND VAGINAL ATROPHY, DUE TO MENOPAUSE"
"U-1923","IMPROVEMENT IN GLYCEMIC CONTROL IN ADULTS WITH TYPE 2 DIABETES MELLITUS INADEQUATELY CONTROLLED BY BASAL INSULIN OR LIXISENATIDE BY USE OF A PEN INJECTOR WITH A THREADED DRIVE SLEEVE"
"U-1924","KYPROLIS IS INDICATED IN COMBINATION WITH LENALIDOMIDE PLUS DEXAMETHASONE FOR THE TREATMENT OF PATIENTS WITH RELAPSED OR REFRACTORY MULTIPLE MYELOMA WHO HAVE RECEIVED ONE TO THREE LINES OF THERAPY"
"U-1925","USE OF AN AUTO INJECTOR TO ADMINISTER NALOXONE HCL"
"U-1926","METHOD OF TREATING, REDUCING THE INCIDENCE OF, OR PREVENTING AN ISCHEMIC EVENT IN A PATIENT UNDERGOING PCI BY ADMINISTERING INTRAVENOUSLY 30 UG/KG BOLUS BEFORE PCI AND CONTINUOUS INFUSION OF 4 UG/KG/MIN FOR AT LEAST 2 HOURS OR THE DURATION OF THE PCI"
"U-1927","TREATMENT OF PATIENTS WITH ANAPLASTIC LYMPHOMA KINASE (ALK)-POSITIVE METASTATIC NON-SMALL CELL LUNG CANCER (NSCLC) WHO HAVE PROGRESSED ON OR ARE INTOLERANT TO CRIZOTINIB"
"U-1928","RUBRACA IS INDICATED AS MONOTHERAPY FOR THE TREATMENT OF PATIENTS WITH DELETERIOUS BRCA MUTATION (GERMLINE AND/OR SOMATIC) ASSOCIATED ADVANCED OVARIAN CANCER WHO HAVE BEEN TREATED WITH TWO OR MORE CHEMOTHERAPIES."
"U-1929","TREATMENT OF DIABETES MELLITUS WITH AN INHALED INSULIN TO IMPROVE GLYCEMIC CONTROL USING A DRY POWDER INHALATION SYSTEM COMPRISING AN INHALER, A CARTRIDGE AND A DRY POWDER MEDICAMENT COMPRISING INSULIN IN A SINGLE INHALATION"
"U-1930","METHOD OF AEROSOLIZING/DEAGGLOMERATING AN INSULIN DRY POWDER FOR USE IN TREATING DIABETES MELLITUS VIA ORAL INHALATION USING AN INHALER WITH A CARTRIDGE CONTAINING THE INSULIN DRY POWDER."
"U-1931","PROPHYLAXIS OR TREATMENT OF VENOUS AND ARTERIAL THROMBOTIC DISEASE"
"U-1932","METHOD OF TREATING MILD TO MODERATE ATOPIC DERMATITIS."
"U-1933","TREATMENT OF POSTOPERATIVE INFLAMMATION AND REDUCTION OF OCULAR PAIN IN PATIENTS WHO HAVE UNDERGONE CATARACT SURGERY"
"U-1934","TREATMENT OF NON-24-HOUR SLEEP-WAKE DISORDER BY AVOIDING THE USE OF TASIMELTEON IN COMBINATION WITH A STRONG CYP1A2 INHIBITOR"
"U-1935","REDUCTION OF THE RATE OF CARDIOVASCULAR DEATH, MYOCARDIAL INFARCTION, AND STROKE IN PATIENTS WITH A HISTORY OF MYOCARDIAL INFARCTION"
"U-1936","TREATMENT OF MYOCARDIAL INFARCTION AND STROKE IN PATIENTS WITH ACUTE CORONARY SYNDROME OR A HISTORY OF MYOCARDIAL INFARCTION"
"U-1937","TREATMENT OF MYOCARDIAL INFARCTION IN PATIENTS WITH ACUTE CORONARY SYNDROME OR A HISTORY OF MYOCARDIAL INFARCTION"
"U-1938","TREATMENT OF STROKE IN PATIENTS WITH ACUTE CORONARY SYNDROME OR A HISTORY OF MYOCARDIAL INFARCTION"
"U-1939","ADMINISTRATION ONCE DAILY WITHIN TWO HOURS AFTER WAKING IN THE MORNING FOR IMPROVEMENT OF GLYCEMIC CONTROL IN A TYPE 2 DIABETES PATIENT"
"U-1940","IMPROVEMENT IN THE APPEARANCE OF MODERATE TO SEVERE CONVEXITY OR FULLNESS ASSOCIATED WITH SUBMENTAL FAT IN ADULTS BY MEANS OF REDUCING SUBMENTAL FAT VOLUME AS DESCRIBED IN THE APPROVED LABELING"
"U-1941","TREATMENT OF INFANTILE-ONSET SPINAL MUSCULAR ATROPHY"
"U-1942","TREATMENT OF SPINAL MUSCULAR ATROPHY BY INCREASING EXON-7 INCLUSION IN SMN2 MRNA"
"U-1943","TREATMENT OF SPINAL MUSCULAR ATROPHY"
"U-1944","TREATMENT OF SPINAL MUSCULAR ATROPHY BY INHIBITING AN SMN2 PRE-MRNA INTRONIC SPLICING SILENCER SITE"
"U-1945","IMPROVEMENT OF GLYCEMIC CONTROL IN ADULTS WITH TYPE 2 DIABETES MELLITUS IN COMBINATION WITH METFORMIN."
"U-1946","TREATMENT OF SMALL LYMPHOCYTIC LYMPHOMA"
"U-1947","TREATMENT OF MARGINAL ZONE LYMPHOMA"
"U-1948","A METHOD FOR TREATING CHRONIC MYELOID LEUKEMIA"
"U-1949","FOR USE IN THE TREATMENT OF PATIENTS WITH CHRONIC LYMPHOCYTIC LEUKEMIA (CLL)"
"U-1950","TREATMENT OF PATIENTS WITH ADVANCED (METASTATIC) NON-SMALL CELL LUNG CANCER WHOSE DISEASE PROGRESSED DURING OR AFTER PLATINUM-BASED CHEMOTHERAPY"
"U-1951","TREATMENT OF ONYCHOMYCOSIS OF A TOENAIL"
"U-1952","FOR USE IN THE TREATMENT OF PATIENTS WITH INDOLENT B-CELL NON-HODGKIN LYMPHOMA"
"U-1953","REDUCE THE RISK OF STROKE IN PATIENTS WITH NONVALVULAR ATRIAL FIBRILLATION WITH ONCE DAILY, RAPID-RELEASE TABLET ADMINISTERED FOR AT LEAST FIVE CONSECUTIVE DAYS"
"U-1954","TREATMENT OF DEEP VEIN THROMBOSIS WITH ONCE DAILY, RAPID-RELEASE TABLET ADMINISTERED FOR AT LEAST FIVE CONSECUTIVE DAYS"
"U-1955","TREATMENT OF PULMONARY EMBOLISM WITH ONCE DAILY, RAPID-RELEASE TABLET ADMINISTERED FOR AT LEAST FIVE CONSECUTIVE DAYS"
"U-1956","FOLLOWING INITIAL 6 MONTHS TREATMENT FOR DEEP VEIN THROMBOSIS (DVT) AND/OR PULMONARY EMBOLISM (PE), REDUCTION IN THE RISK OF RECURRENCE OF DVT AND OF PE WITH ONCE DAILY, RAPID-RELEASE TABLET ADMINISTERED FOR AT LEAST FIVE CONSECUTIVE DAYS"
"U-1957","PROPHYLAXIS OF DEEP VEIN THROMBOSIS, WHICH MAY LEAD TO PULMONARY EMBOLISM IN PATIENTS UNDERGOING KNEE OR HIP REPLACEMENT SURGERY, WITH ONCE DAILY, RAPID-RELEASE TABLET ADMINISTERED FOR AT LEAST FIVE CONSECUTIVE DAYS"
"U-1958","FOR THE TREATMENT OF GENOTYPE 1, 2, 3 OR 4 CHRONIC HEPATITIS C VIRUS (HCV) INFECTION AS A COMPONENT OF A COMBINATION ANTIVIRAL TREATMENT REGIMEN WITH RIBAVIRIN"
"U-1959","TOPICAL TREATMENT OF PERSISTENT FACIAL ERYTHEMA ASSOCIATED WITH ROSACEA IN ADULTS WITH 1% OXYMETAZOLINE HYDROCHLORIDE CREAM"
"U-1960","USE OF THE ATYPICAL ANTIPSYCHOTIC ASENAPINE FOR TREATMENT OF SCHIZOPHRENIA IN ADULTS"
"U-1961","USE OF THE ATYPICAL ANTIPSYCHOTIC ASENAPINE FOR TREATMENT OF MANIC OR MIXED EPISODES OF BIPOLAR I DISORDER: ACUTE MONOTHERAPY OF MANIC OR MIXED EPISODES (AGES 10 TO ADULT)"
"U-1962","USE OF THE ATYPICAL ANTIPSYCHOTIC ASENAPINE FOR TREATMENT OF MANIC OR MIXED EPISODES OF BIPOLAR I DISORDER: MAINTENANCE MONOTHERAPY IN ADULTS"
"U-1963","USE OF THE ATYPICAL ANTIPSYCHOTIC ASENAPINE FOR TREATMENT OF MANIC OR MIXED EPISODES OF BIPOLAR I DISORDER: AS ADJUNCTIVE TREATMENT TO LITHIUM OR VALPROATE IN ADULTS"
"U-1964","ELEVATION OF INTRACELLULAR CGMP RESULTING IN INCREASED INTESTINAL FLUID AND ACCELERATED TRANSIT"
"U-1965","FOR THE TREATMENT OF PULMONARY ARTERIAL HYPERTENSION (PAH) IN COMBINATION WITH TADALAFIL, WHEREIN THE WEIGHT RATIO OF AMBRISENTAN TO TADALAFIL IS ABOUT 1:2 TO ABOUT 1:3"
"U-1966","USE OF THE ATYPICAL ANTIPSYCHOTIC ASENAPINE FOR TREATMENT OF MANIC OR MIXED EPISODES OF BIPOLAR I DISORDER: ACUTE MONOTHERAPY OF MANIC OR MIXED EPISODES IN PEDIATRIC PATIENTS AGE 10-17"
"U-1967","METHOD OF TREATING TYPE 2 DIABETES IN PATIENTS WITH INSUFFICIENT GLYCEMIC CONTROL DESPITE THERAPY WITH ONE OR MORE CONVENTIONAL ANTIHYPERGLYCEMIC AGENTS BY ADMINISTERING LINAGLIPTIN IN COMBINATION WITH METFORMIN"
"U-1968","METHOD OF TREATING TYPE 2 DIABETES IN PATIENTS WHO HAVE NOT BEEN PREVIOUSLY TREATED WITH AN ANTIHYPERGLYCEMIC AGENT BY ADMINISTERING LINAGLIPTIN IN COMBINATION WITH METFORMIN"
"U-1969","TOPICAL TREATMENT OF ONYCHOMYCOSIS OF THE TOENAIL(S) DUE TO TRICHOPHYTON RUBRUM AND TRICHOPHYTON MENTAGROPHYTES"
"U-1970","TREATMENT OF ONYCHOMYCHOSIS OF A TOENAIL CAUSED BY TRICHOPHYTON RUBRUM OR TRICHOPHYTON MENTAGROPHYTES"
"U-1971","FOR THE TREATMENT OF PATIENTS WITH CHRONIC LYMPHOCYTIC LEUKEMIA"
"U-1972","FOR THE TREATMENT OF PATIENTS WITH INDOLENT B-CELL NON-HODGKIN LYMPHOMA"
"U-1973","METHOD OF TREATING CYSTIC FIBROSIS USING N-(5-HYDROXY-2,4-DITERT-BUTYL-PHENYL)-4-OXO-1H-QUINOLINE-3-CARBOXAMIDE AND 3-(6-(1-2,2-DIFLUOROBENZO[D][1,3]DIOXOL-5-YL) CYCLOPROPANECARBOXAMIDO)-3-METHYLPYRIDIN-2-YL)BENZOIC ACID"
"U-1974","TREATMENT OF HALLUCINATIONS AND DELUSIONS ASSOCIATED WITH PARKINSON'S DISEASE PSYCHOSIS"
"U-1975","METHOD OF INCREASING EYELASH GROWTH WITH BIMATOPROST"
"U-1976","METHOD FOR TREATING TYPE 2 DIABETES MELLITUS (T2DM) IN PATIENTS WHO HAVE INADEQUATE CONTROL WITH DAPAGLIFLOZIN"
"U-1977","METHOD FOR TREATING TYPE 2 DIABETES MELLITUS (T2DM) IN PATIENTS WHO ARE ALREADY TREATED WITH DAPAGLIFLOZIN AND SAXAGLIPTIN"
"U-1978","TREATMENT OF ADVANCED PROSTATE CANCER WITH A REDUCED LIKELIHOOD OF CAUSING A GONADOTROPHIN RELEASING HORMONE AGONIST SIDE-EFFECT"
"U-1979","THE TREATMENT OF CARCINOID SYNDROME DIARRHEA IN COMBINATION WITH SOMATOSTATIN ANALOG (SSA) THERAPY IN ADULTS INADEQUATELY CONTROLLED BY SSA THERAPY"
"U-1980","A METHOD OF TREATING NOCTURIA DUE TO NOCTURNAL POLYURIA IN ADULTS"
"U-1981","IN COMBINATION WITH AN AROMATASE INHIBITOR AS INITIAL ENDOCRINE-BASED THERAPY FOR TREATMENT OF POSTMENOPAUSAL WOMEN WITH HORMONE RECEPTOR (HR)-POSITIVE, HUMAN EPIDERMAL GROWTH FACTOR RECEPTOR 2 (HER-2)-NEGATIVE ADVANCED OR METASTATIC BREAST CANCER"
"U-1982","USE OF REVLIMID (LENALIDOMIDE) FOR TREATMENT OF PATIENTS WITH TRANSFUSION-DEPENDENT ANEMIA DUE TO LOW-OR INTERMEDIATE-1-RISK MYELODYSPLASTIC SYNDROMES ASSOCIATED WITH A DELETION 5Q ABNORMALITY WITH OR WITHOUT ADDITIONAL CYTOGENETIC ABNORMALITIES"
"U-1983","USE OF REVLIMID (LENALIDOMIDE) FOR THE TREATMENT OF PATIENTS WITH MANTLE CELL LYMPHOMA WHOSE DISEASE HAS RELAPSED OR PROGRESSED AFTER TWO PRIOR THERAPIES, ONE OF WHICH INCLUDED BORTEZOMIB"
"U-1984","USE OF REVLIMID (LENALIDOMIDE) FOR THE TREATMENT OF PATIENTS WITH MULTIPLE MYELOMA, IN COMBINATION WITH DEXAMETHASONE"
"U-1985","USE OF REVLIMID (LENALIDOMIDE) FOR THE TREATMENT OF PATIENTS WITH MULTIPLE MYELOMA, AS MAINTENANCE FOLLOWING AUTOLOGOUS HEMATOPOIETIC STEM CELL TRANSPLANTATION (AUTO-HSCT)"
"U-1986","USE OF REVLIMID (LENALIDOMIDE) FOR THE TREATMENT OF PATIENTS WITH MULTIPLE MYELOMA, IN COMBINATION WITH DEXAMETHASONE, WHEREIN THOSE PATIENTS HAVE NOT RECEIVED PREVIOUS TREATMENT FOR MULTIPLE MYELOMA"
"U-1987","METHOD OF CONTROLLING GLYCEMIA IN DIABETICS BY ADMINISTERING AN INITIAL DOSE OF INSULIN-FDKP WITH A MEAL; DETERMINING BLOOD GLUCOSE LEVEL 1-2 HRS AFTER AND ADMINISTERING A SUPPLEMENTAL DOSE OF INSULIN-FDKP IF POSTPRANDIAL GLUCOSE LEVEL IS >140 MG/DL"
"U-1988","METHOD TO TREAT INFANTILE HEMANGIOMA"
"U-1989","INTRAVITREAL TREATMENT OF MACULAR EDEMA FOLLOWING BRANCH RETINAL VEIN OCCLUSION (BRVO) OR CENTRAL RETINAL VEIN OCCLUSION (CRVO)"
"U-1990","INTRAVITREAL TREATMENT OF DIABETIC MACULAR EDEMA"
"U-1991","REDUCTION OF MORTALITY IN ACUTE MYOCARDIAL INFARCTION"
"U-1992","USE OF TROKENDI XR FOR PROPHYLACTIC TREATMENT OF MIGRAINE"
"U-1993","ADJUNCTIVE TREATMENT TO LEVODOPA/CARBIDOPA IN PATIENTS WITH PARKINSON'S DISEASE EXPERIENCING 'OFF' EPISODES"
"U-1994","REDUCTION IN RISK OF OVERT HEPATIC ENCEPHALOPATHY (HE) IN ADULTS"
"U-1995","TREATMENT OF TARDIVE DYSKINESIA"
"U-1996","IMPROVEMENT OF GLYCEMIC CONTROL IN ADULTS WITH TYPE 2 DIABETES MELLITUS"
"U-1997","IMPROVEMENT OF GLYCEMIC CONTROL IN ADULTS WITH TYPE 2 DIABETES MELLITUS IN COMBINATION WITH METFORMIN AND/OR A PPAR-GAMMA AGONIST AND/OR SULFONYLUREA AND/OR INSULIN"
"U-1998","TREATING HR-POS., HER2-NEG. ADVANCED OR METASTATIC BREAST CANCER WITH PALBOCICLIB IN COMBO WITH AN AROMATASE INHIBITOR AS INITIAL ENDOCRINE BASED THERAPY IN POSTMENOPAUSAL WOMEN OR FULVESTRANT IN WOMEN WITH DISEASE PROGRESSION AFTER ENDOCRINE THERAPY"
"U-1999","CHRONIC IDIOPATHIC CONSTIPATION"
"U-2000","MANAGEMENT OF MODERATE TO SEVERE PAIN AS AN ADJUNCT TO OPIOID ANALGESICS"
"U-2001","USE FOR THE TREATMENT OF ASTHMA IN PATIENTS 6 YEARS OF AGE AND OLDER"
"U-2002","USE FOR MAINTENANCE TREATMENT OF CHRONIC OBSTRUCTIVE PULMONARY DISEASE"
"U-2003","A METHOD OF POSITIONING AN INTRAUTERINE SYSTEM BY HOLDING AN INSERTER HANDLE WITH ONE HAND, ADVANCING THE INSERTER THROUGH THE CERVIX AND INTO THE UTERUS, AND RETRACTING A SLIDER ON THE HANDLE TO RELEASE THE INTRAUTERINE SYSTEM"
"U-2004","REPLACEMENT THERAPY FOR ORAL CARBAMAZEPINE IN ADULTS WITH PARTIAL SEIZURES WITH COMPLEX SYMPTOMATOLOGY"
"U-2005","REPLACEMENT THERAPY FOR ORAL CARBAMAZEPINE IN ADULTS WITH GENERALIZED TONIC-CLONIC SEIZURES"
"U-2006","REPLACEMENT THERAPY FOR ORAL CARBAMAZEPINE IN ADULTS WITH MIXED SEIZURE PATTERNS THAT INCLUDE PARTIAL SEIZURES WITH COMPLEX SYMPTOMATOLOGY, GENERALIZED TONIC-CLONIC SEIZURES, OR OTHER PARTIAL OR GENERALIZED SEIZURES"
"U-2007","TREATMENT OF ADULT PATIENTS WITH NEWLY DIAGNOSED ACUTE MYELOID LEUKEMIA (AML) WHO ARE FLT3 MUTATION-POSITIVE, IN COMBINATION WITH STANDARD CYTARABINE AND DAUNORUBICIN INDUCTION AND CYTARABINE CONSOLIDATION CHEMOTHERAPY"
"U-2008","TREATMENT OF ADULT PATIENTS WITH AGGRESSIVE SYSTEMIC MASTOCYTOSIS (ASM), SYSTEMIC MASTOCYTOSIS WITH ASSOCIATED HEMATOLOGICAL NEOPLASM (SM-AHN), OR MAST CELL LEUKEMIA (MCL)"
"U-2009","METHOD OF TREATING POSTMENOPAUSAL WOMEN WITH OSTEOPOROSIS AT HIGH RISK FOR FRACTURE."
"U-2010","ACUTE TREATMENT OF MIGRAINE BY DELIVERING A POWDERED SUBSTANCE COMPRISING SUMATRIPTAN VIA A BREATH-POWERED DELIVERY DEVICE"
"U-2011","TREATMENT OF MIGRAINE VIA DELIVERY OF SUMATRIPTAN VIA THE NASAL CAVITY"
"U-2012","A METHOD FOR TREATING OVARIAN CANCER BY ADMINISTERING RUCAPARIB, WHEREIN THE CANCER IS ASSOCIATED WITH A DELETERIOUS BRCA MUTATION"
"U-2013","TREATMENT OF AMYOTROPHIC LATERAL SCLEROSIS (ALS)"
"U-2014","A METHOD OF TREATING SECONDARY HYPERPARATHYROIDISM (SHPT)"
"U-2015","SODIUM THIOSULFATE INJECTION IS INDICATED FOR SEQUENTIAL USE WITH SODIUM NITRITE FOR THE TREATMENT OF ACUTE CYANIDE POISONING"
"U-2016","TREATMENT FOR ONYCHOMYCOSIS THAT IS TINEA UNGUIUM"
"U-2017","TREATMENT OF OPIOID DEPENDENCE"
"U-2018","MANAGEMENT OF MILD TO MODERATE PAIN, MANAGEMENT OF MODERATE TO SEVERE PAIN AS AN ADJUNCT TO OPIOID ANALGESICS IN A CRITICALLY ILL PATIENT WITH INTRAVENOUS IBUPROFEN IN NEED THEREOF"
"U-2019","METHOD OF DELIVERING TO A PATIENT WITH DIABETES MELLITUS IN A SINGLE INHALATION, GREATER THAN 75% OF A DRY POWDER DOSE COMPRISING INSULIN AND FUMARYL DIKETOPIPERAZINE USING A HIGH RESISTANCE TO FLOW DRY POWDER INHALER."
"U-2020","MEKINIST IS INDICATED, IN COMBINATION WITH DABRAFENIB, FOR THE TREATMENT OF PATIENTS WITH METASTATIC NON-SMALL CELL LUNG CANCER (NSCLC) WITH BRAF V600E MUTATION AS DETECTED BY AN FDA-APPROVED TEST"
"U-2021","METHOD OF ADMINISTERING LEVETIRACETAM UNDER FASTED CONDITIONS"
"U-2022","METHOD OF ADMINISTERING LEVETIRACETAM UNDER FED CONDITIONS"
"U-2023","A METHOD OF INCREASING THE BIOAVAILABILITY OF GUAIFENESIN IN A SOLUTION CONTAINING 54% TO 66% BY WEIGHT OF PROPYLENE GLYCOL AND GLYCEROL, WHEREIN THE METHOD INCREASES THE CMAX BY AT LEAST 1.5 AND/OR INCREASES THE AUC (0-INF) BY AT LEAST 1.4"
"U-2024","METHOD FOR TRANSDERMALLY DELIVERING A DRUG TO A USER IN NEED THEREOF"
"U-2025","TREATMENT OF ATTENTION DEFICIT HYPERACTIVITY DISORDER"
"U-2026","TAFINLAR(R) IS INDICATED, IN COMBINATION WITH TRAMETINIB, FOR THE TREATMENT OF PATIENTS WITH UNRESECTABLE OR METASTATIC MELANOMA WITH BRAF V600E OR V600K MUTATIONS, AS DETECTED BY AN FDA-APPROVED TEST."
"U-2027","TAFINLAR(R) IS INDICATED, IN COMBINATION WITH TRAMETINIB, FOR THE TREATMENT OF PATIENTS WITH METASTATIC NON-SMALL CELL LUNG CANCER (NSCLC) WITH BRAF V600E MUTATION AS DETECTED BY AN FDA-APPROVED TEST."
"U-2028","TREATMENT OF ACUTE BACTERIAL SKIN AND SKIN STRUCTURE INFECTIONS CAUSED BY DESIGNATED SUSCEPTIBLE BACTERIA IN ADULTS"
"U-2029","PREVENTING CONDITION CHARACTERIZED BY UNDESIRED THROMBOSIS"
"U-2030","PROPHYLAXIS OF VENOUS THROMBOSIS"
"U-2031","TAFINLAR IS INDICATED AS A SINGLE AGENT FOR THE TREATMENT OF PATIENTS WITH UNRESECTABLE OR METASTATIC MELANOMA WITH BRAF V600E MUTATION AS DETECTED BY AN FDA-APPROVED TEST"
"U-2032","TAFINLAR IS INDICATED, IN COMBINATION WITH TRAMETINIB, FOR THE TREATMENT OF PATIENTS WITH UNRESECTABLE OR METASTATIC MELANOMA WITH BRAF V600E OR V600K MUTATIONS, AS DETECTED BY AN FDA-APPROVED TEST."
"U-2033","MEKINIST IS INDICATED, AS A SINGLE AGENT OR IN COMBINATION WITH DABRAFENIB, FOR THE TREATMENT OF PATIENTS WITH UNRESECTABLE OR METASTATIC MELANOMA WITH BRAF V600E OR V600K MUTATIONS"
"U-2034","INHIBITING COAGULATION"
"U-2035","PROPHYLAXIS OF VENOUS THROMBOEMBOLISM"
"U-2036","A METHOD OF TREATING PULMONARY HYPERTENSION COMPRISING PARENTERALLY ADMINISTERING A FORMULATION COMPRISING A) 0.1 TO 5% W/V OF TREPROSTINIL OR A PHARMACEUTICALLY ACCEPTABLE SALT THEREOF AND B) A CITRATE BUFFER"
"U-2037","MEKINIST IS INDICATED, AS A SINGLE AGENT OR IN COMBINATION WITH DABRAFENIB, FOR THE TREATMENT OF PATIENTS WITH UNRESECTABLE OR METASTATIC MELANOMA WITH BRAF V600E OR V600K MUTATIONS, AS DETECTED BY AN FDA-APPROVED TEST"
"U-2038","MEKINIST IS INDICATED, IN COMBINATION WITH DABRAFENIB, FOR THE TREATMENT OF PATIENTS WITH METASTATIC NON-SMALL CELL LUNG CANCER (NSCLC) WITH BRAF V600E MUTATION AS DETECTED BY AN FDA-APPROVED TEST"
"U-2039","TREATMENT OF ADULT PATIENTS WITH CHRONIC HCV INFECTION WHO HAVE GENOTYPE 1, 2, 3, 4, 5, OR 6 INFECTION AND HAVE PREVIOUSLY BEEN TREATED WITH AN HCV REGIMEN CONTAINING AN NS5A INHIBITOR"
"U-2040","TREATMENT OF ADULT PATIENTS WITH CHRONIC HCV INFECTION WHO HAVE GENOTYPE 1A OR 3 INFECTION AND HAVE PREVIOUSLY BEEN TREATED WITH AN HCV REGIMEN CONTAINING SOFOSBUVIR WITHOUT AN NS5A INHIBITOR"
"U-2041","TREATMENT OF PARTIAL-ONSET SEIZURES"
"U-2042","DISCONTINUING ADMINISTRATION OF FLUVOXAMINE TO AVOID DRUG INTERACTIONS WITH PIRFENIDONE AND THEN ADMINISTERING PIRFENIDONE"
"U-2043","EXTENDED ADJUVANT TREATMENT OF ADULT PATIENTS WITH EARLY STAGE HER2-OVEREXPRESSED/AMPLIFIED BREAST CANCER, TO FOLLOW ADJUVANT TRASTUZUMAB BASE THERAPY"
"U-2044","DOSE REDUCTION OF PIRFENIDONE BY ABOUT ONE HALF DURING CONCURRENT ADMINISTRATION OF CIPROFLOXACIN AT A DOSE OF 750 MG TWICE DAILY (1500 MG/DAY) TO REDUCE DRUG INTERACTIONS IN TREATMENT OF A FIBROTIC, INFLAMMATORY, OR AUTOIMMUNE DISORDER"
"U-2045","ADMINISTRATION OF PIRFENIDONE AND AVOIDING CONCURRENT ADMINISTRATION OF CIPROFLOXACIN AT A DOSE OF 750 MG TO REDUCE DRUG INTERACTIONS IN TREATMENT OF A FIBROTIC, INFLAMMATORY, OR AUTOIMMUNE DISORDER"
"U-2046","ADMINISTERING PIRFENIDONE WHILE AVOIDING CONCOMITANT USE OF A CYP1A2 INHIBITOR THAT IS A MODERATE TO STRONG INHIBITOR OF BOTH CYP1A2 AND ANOTHER CYP ENZYME SELECTED FROM CYP2C9, CYP2C19, AND CYP2D6"
"U-2047","ADMINISTERING PIRFENIDONE CONCURRENTLY WITH FLUVOXAMINE, THE PIRFENIDONE AT A DOSE OF ABOUT 801 MG/DAY TO REDUCE DRUG INTERACTIONS WITH FLUVOXAMINE"
"U-2048","ADMINISTERING PIRFENIDONE WHILE AVOIDING CO-ADMINISTRATION OF A STRONG CYP1A2 INHIBITOR TO AVOID DRUG INTERACTIONS WITH PIRFENIDONE"
"U-2049","DISCONTINUING ADMINISTRATION OF A STRONG CYP1A2 INHIBITOR TO AVOID DRUG INTERACTIONS WITH PIRFENIDONE AND THEN ADMINISTERING PIRFENIDONE"
"U-2050","ADMINISTERING PIRFENIDONE WHILE AVOIDING CO-ADMINISTRATION OF FLUVOXAMINE TO AVOID DRUG INTERACTIONS WITH PIRFENIDONE"
"U-2051","DISCONTINUING SMOKING TO AVOID REDUCED PIRFENIDONE EFFICACY AND THEN ADMINISTERING PIRFENIDONE"
"U-2052","DISCONTINUING ADMINISTRATION OF A STRONG CYP1A2 INDUCER TO AVOID REDUCED PIRFENIDONE EFFICACY AND THEN ADMINISTERING PIRFENIDONE"
"U-2053","ADMINISTERING PIRFENIDONE WHILE AVOIDING CONCOMITANT ADMINISTRATION OF A STRONG INDUCER OF CYP1A2, INCLUDING CIGARETTE SMOKE, TO AVOID REDUCED PIRFENIDONE EFFICACY"
"U-2054","ADMINISTERING PIRFENIDONE WHILE AVOIDING CONCOMITANT ADMINISTRATION OF A STRONG INDUCER OF CYP1A2 TO AVOID REDUCED PIRFENIDONE EFFICACY"
"U-2055","DOSING OF AT LEAST 1600 MG/DAY FOLLOWING GRADE 2 LIVER ABNORMALITY IN BIOMARKER AST AND/OR ALT AFTER PIRFENIDONE ADMINISTRATION IN TREATMENT OF IPF"
"U-2056","DOSAGE MODIFICATION FOLLOWING GRADE 2 ABNORMALITY IN BIOMARKER AST AND/OR ALT AFTER PIRFENIDONE ADMINISTRATION, BY ADMINISTERING SUB-1600 MG/DAY, FOLLOWING BY ADMINISTERING AT LEAST 1600 MG/DAY IN TREATMENT OF IPF"
"U-2057","DOSING 2403 MG/DAY PIRFENIDONE FOLLOWING GRADE 2 ABNORMALITY IN BIOMARKER AST AND/OR ALT AFTER PIRFENIDONE ADMINISTRATION IN TREATMENT OF IPF"
"U-2058","DOSAGE MODIFICATION FOLLOWING GRADE 2 ABNORMALITY IN BIOMARKER AST AND/OR ALT AFTER PIRFENIDONE ADMINISTRATION, BY ADMINISTERING SUB-2400MG/DAY DOSE, FOLLOWED BY ADMINISTERING 2403MG/DAY IN TREATMENT OF IPF"
"U-2059","DOSAGE MODIFICATION FOLLOWING GRADE 2 ABNORMALITY IN BIOMARKER AST AND/OR ALT AFTER PIRFENIDONE ADMINISTRATION, BY DISCONTINUING PIRFENIDONE UNTIL BIOMARKERS OF LIVER FUNCTION ARE WITHIN NORMAL LIMITS, FOLLOWED BY FULL DAILY DOSE IN TREATMENT OF IPF"
"U-2060","DOSAGE MODIFICATION FOLLOWING GRADE 2 ABNORMALITY IN BIOMARKER AST AND/OR ALT AFTER PIRFENIDONE ADMINISTRATION, BY DISCONTINUING PIRFENIDONE UNTIL BIOMARKERS OF LIVER FUNCTION ARE WITHIN NORMAL LIMITS, THEN AT LEAST 1600MG/DAY IN TREATMENT OF IPF"
"U-2061","DOSING OF AT LEAST 1600 MG/DAY FOLLOWING GRADE 2 ABNORMALITY IN LIVER FUNCTION BIOMARKER AFTER PIRFENIDONE ADMINISTRATION IN TREATMENT OF IPF"
"U-2062","DOSAGE MODIFICATION FOLLOWING GRADE 2 ABNORMALITY IN LIVER FUNCTION BIOMARKER AFTER PIRFENIDONE ADMINISTRATION, BY ADMINISTERING SUB-1600 MG/DAY DOSE, FOLLOWED BY ADMINISTERING AT LEAST 1600 MG/DAY DOSE IN TREATMENT OF IPF"
"U-2063","DOSAGE MODIFICATION FOLLOWING GRADE 2 ABNORMALITY IN LIVER FUNCTION BIOMARKER AFTER PIRFENIDONE ADMINISTRATION, BY DISCONTINUING PIRFENIDONE UNTIL BIOMARKERS ARE WITHIN NORMAL LIMITS, FOLLOWED BY ADMINISTERING AT LEAST 1600 MG/DAY IN TREATMENT OF IPF"
"U-2064","DOSING AT LEAST 1602 MG/DAY FOLLOWING GRADE 2 ABNORMALITY IN LIVER FUNCTION BIOMARKER ALT OR AST AFTER PIRFENIDONE ADMINISTRATION"
"U-2065","FULL DAILY DOSING FOLLOWING GRADE 2 ABNORMALITY IN LIVER FUNCTION BIOMARKER ALT OR AST AFTER PIRFENIDONE ADMINISTRATION"
"U-2066","DOSAGE MODIFICATION FOLLOWING GRADE 2 ABNORMALITY IN LIVER FUNCTION BIOMARKER ALT OR AST AFTER PIRFENIDONE ADMINISTRATION, BY ADMINISTERING SUB-2400 MG/DAY DOSE, FOLLOWED BY FULL DAILY DOSE"
"U-2067","DOSAGE MODIFICATION FOLLOWING GRADE 2 ABNORMALITY IN LIVER FUNCTION BIOMARKER ALT OR AST AFTER PIRFENIDONE ADMINISTRATION, BY DISCONTINUING PIRFENIDONE, FOLLOWED BY ADMINISTERING AT LEAST 1602 MG/DAY"
"U-2068","DOSAGE MODIFICATION FOLLOWING GRADE 2 ABNORMALITY IN LIVER FUNCTION BIOMARKER ALT OR AST AFTER PIRFENIDONE ADMINISTRATION, BY DISCONTINUING PIRFENIDONE UNTIL BIOMARKERS OF LIVER FUNCTION ARE WITHIN NORMAL LIMITS, FOLLOWED BY FULL DAILY DOSE"
"U-2069","DOSAGE MODIFICATION FOLLOWING GRADE 2 ABNORMALITY IN LIVER FUNCTION BIOMARKER ALT OR AST AFTER PIRFENIDONE ADMINISTRATION, BY ADMINISTERING A SUB-1600 MG/DAY DOSE, FOLLOWED BY ADMINISTERING AT LEAST 1602 MG/DAY"
"U-2070","DOSAGE MODIFICATION FOLLOWING GRADE 2 ABNORMALITY IN BIOMARKER ALT OR AST AFTER PIRFENIDONE ADMINISTRATION, BY DISCONTINUING PIRFENIDONE UNTIL BIOMARKERS OF LIVER FUNCTION ARE WITHIN NORMAL LIMITS, THEN SUB-1600 MG/DAY, THEN AT LEAST 1602 MG/DAY"
"U-2071","FULL DAILY DOSING FOLLOWING GRADE 2 ABNORMALITY IN LIVER FUNCTION BIOMARKER AFTER PIRFENIDONE ADMINISTRATION IN TREATMENT OF IPF"
"U-2072","FULL DAILY DOSING FOLLOWING GRADE 2 ABNORMALITY IN LIVER FUNCTION BIOMARKER AFTER PIRFENIDONE ADMINISTRATION IN TREATMENT OF IPF"
"U-2073","DOSAGE MODIFICATION FOLLOWING GRADE 2 ABNORMALITY IN LIVER FUNCTION BIOMARKER AFTER PIRFENIDONE ADMINISTRATION, BY DISCONTINUING PIRFENIDONE UNTIL BIOMARKERS ARE WITHIN NORMAL LIMITS, FOLLOWED BY ADMINISTERING FULL DAILY DOSE IN TREATMENT OF IPF"
"U-2074","DOSING 1602 MG/DAY PIRFENIDONE FOLLOWING GRADE 2 ABNORMALITY IN LIVER FUNCTION BIOMARKER AFTER PIRFENIDONE ADMINISTRATION IN TREATMENT OF IPF"
"U-2075","DOSAGE MODIFICATION FOLLOWING GRADE 2 ABNORMALITY IN LIVER FUNCTION BIOMARKER AFTER PIRFENIDONE ADMINISTRATION, BY DISCONTINUING PIRFENIDONE UNTIL BIOMARKERS ARE WITHIN NORMAL LIMITS FOLLOWED BY ADMINISTERING 1602 MG/DAY IN TREATMENT OF IPF"
"U-2076","DOSAGE MODIFICATION FOLLOWING GRADE 2 ABNORMALITY IN LIVER FUNCTION BIOMARKER AFTER PIRFENIDONE ADMINISTRATION, BY ADMINISTERING 801 MG/DAY FOLLOWED BY ADMINISTERING 1602 MG/DAY IN TREATMENT OF IPF"
"U-2077","DOSAGE MODIFICATION FOLLOWING GRADE 2 ABNORMALITY IN LIVER FUNCTION BIOMARKER AFTER PIRFENIDONE ADMINISTRATION, BY ADMINISTERING SUB-2400 MG/DAY DOSE THEN FULL DAY DAILY DOSE IN TREATMENT OF IPF"
"U-2078","DOSAGE MODIFICATION FOLLOWING GRADE 2 ABNORMALITY IN LIVER FUNCTION BIOMARKER AFTER PIRFENIDONE ADMINISTRATION, BY DISCONTINUING PIRFENIDONE UNTIL BIOMARKERS ARE WITHIN LIMITS, THEN SUB-2400MG/DAY DOSE, THEN FULL DAILY DOSE IN TREATMENT OF IPF"
"U-2079","PIRFENIDONE DOSE ESCALATION REGIMEN FOR TREATMENT OF FIBROSIS AS 801 MG/DAY FOR DAYS 1-7 OF THE REGIMEN, 1602 MG/DAY FOR DAYS 8-14 OF THE REGIMEN, AND 2403 MG/DAY FOR AT LEAST DAY 15 OF THE REGIMEN"
"U-2080","PIRFENIDONE DOSE ESCALATION REGIMEN FOR TREATMENT OF IPF AS 801 MG/DAY FOR DAYS 1-7 OF THE REGIMEN, 1602 MG/DAY FOR DAYS 8-14 OF THE REGIMEN, AND 2403 MG/DAY FOR AT LEAST DAY 15 OF THE REGIMEN"
"U-2081","DISCONTINUING USE OF A CYP1A2 INHIBITOR THAT IS A MODERATE TO STRONG INHIBITOR OF BOTH CYP1A2 AND ANOTHER CYP ENZYME SELECTED FROM CYP2C9, CYP2C19, AND CYP2D6 AND THEN ADMINISTERING PIRFENIDONE"
"U-2082","MODIFYING PIRFENIDONE ADMINISTRATION FROM A DOSE OF ABOUT 2400 MG/DAY DOWNWARD BY ABOUT 1600 MG/DAY WHILE CO-ADMINISTERING FLUVOXAMINE TO REDUCE DRUG INTERACTIONS WITH FLUVOXAMINE"
"U-2083","DOSAGE MODIFICATION FOLLOWING GRADE 2 ABNORMALITY IN LIVER FUNCTION BIOMARKER AFTER PIRFENIDONE ADMINISTRATION, BY DISCONTINUING PIRFENIDONE UNTIL BIOMARKERS ARE WITHIN NORMAL LIMITS, FOLLOWED BY 801 MG/DAY, DOSE, THEN 1602 MG/DAY IN TREATMENT OF IPF"
"U-2084","TREATMENT OF SEVERE CHRONIC PAIN VIA INTRATHECAL INFUSION OF ZICONOTIDE IN PATIENTS ALSO RECEIVING MORPHINE"
"U-2085","TREATMENT OF NON-24-HOUR SLEEP-WAKE DISORDER BY AVOIDING THE USE OF TASIMELTEON IN COMBINATION WITH RIFAMPIN"
"U-2086","A METHOD FOR ADMINISTERING ESTRADIOL COMPRISING A MONOLITHIC TRANSDERMAL DRUG DELIVERY SYSTEM CONSISTING OF (I) A BACKING LAYER AND (II) A SINGLE ADHESIVE POLYMER MATRIX LAYER AS CLAIMED IN US PATENT NO. 9730900"
"U-2087","TREATMENT OF RELAPSED OR REFRACTORY ACUTE MYELOID LEUKEMIA (AML) WITH AN ISOCITRATE DEHYDROGENASE-2 (IDH2) MUTATION"
"U-2088","TREATMENT OF PARTIAL-ONSET SEIZURES WITH OR WITHOUT SECONDARILY GENERALIZED SEIZURES IN PATIENTS WITH EPILEPSY"
"U-2089","TREATMENT OF PRIMARY GENERALIZED TONIC-CLONIC SEIZURES AS ADJUNCTIVE THERAPY IN PATIENTS WITH EPILEPSY"
"U-2090","FOR THE TREATMENT OF ADULTS WITH NEWLY-DIAGNOSED THERAPY-RELATED ACUTE MYELOID LEUKEMIA (T-AML) OR AML WITH MYELODYSPLASIA-RELATED CHANGES (AML-MRC)"
"U-2091","TREATMENT OF METASTATIC ADENOCARCINOMA OF THE PANCREAS THAT HAS PROGRESSED ON GEMCITABINE-BASED THERAPY, IN COMBINATION WITH 5-FLUOROURACIL AND LEUCOVORIN, IN A PATIENT NOT HOMOZYGOUS FOR THE UGT1A1*28 ALLELE"
"U-2092","METHOD FOR CONFIRMING DOSE DELIVERY"
"U-2093","TREATMENT OF TYPE II SPINAL MUSCULAR ATROPHY"
"U-2094","TREATMENT OF TYPE III SPINAL MUSCULAR ATROPHY"
"U-2095","MITOSOL IS AN ANTIMETABOLITE INDICATED AS AN ADJUNCT TO AB EXTERNO GLAUCOMA SURGERY. IT IS INTENDED FOR TOPICAL APPLICATION TO THE SITE OF GLAUCOMA FILTRATION SURGERY"
"U-2096","SOTYLIZE IS INDICATED FOR THE MAINTENANCE OF NORMAL SINUS RHYTHM [DELAY IN TIME TO RECURRENCE OF ATRIAL FIBRILLATION/ATRIAL FLUTTER (AFIB/AFL)] IN PATIENTS WITH SYMPTOMATIC AFIB/AFL WHO ARE CURRENTLY IN SINUS RHYTHM"
"U-2097","TREATMENT OF DMD IN PATIENTS HAVING A MUTATION OF THE DMD GENE THAT IS AMENABLE TO EXON 51 SKIPPING"
"U-2098","INCREASING PRODUCTION OF FUNCTIONAL DYSTROPHIN PROTEIN IN DMD PATIENTS HAVING A MUTATION OF THE DMD GENE THAT IS AMENABLE TO EXON 51 SKIPPING"
"U-2099","INDICATED FOR THE LONG-TERM, ONCE-DAILY, MAINTENANCE TREATMENT OF AIRFLOW OBSTRUCTION IN PATIENTS WITH CHRONIC OBSTRUCTIVE PULMONARY DISEASE (COPD), INCLUDING BRONCHITIS AND/OR EMPHYSEMA"
"U-2100","INDICATED FOR THE ONCE-DAILY TREATMENT OF ASTHMA IN PATIENTS 18 YEARS AND OLDER"
"U-2101","MAINTENANCE TREATMENT OF RECURRENT EPITHELIAL OVARIAN, FALLOPIAN TUBE OR PRIMARY PERITONEAL CANCER, WHO ARE IN A COMPLETE OR PARTIAL RESPONSE TO PLATINUM-BASED CHEMOTHERAPY"
"U-2102","TREATMENT OF DELETERIOUS OR SUSPECTED DELETERIOUS GERMLINE BRCA-MUTATED ADVANCED OVARIAN CANCER WHO HAVE BEEN TREATED WITH THREE OR MORE PRIOR LINES OF CHEMOTHERAPY BASED ON AN FDA-APPROVED COMPANION DIAGNOSTIC FOR LYNPARZA"
"U-2103","MAINTENANCE TREATMENT OF BRCA-MUTATED RECURRENT EPITHELIAL OVARIAN, FALLOPIAN TUBE OR PRIMARY PERITONEAL CANCER, WHO ARE IN A COMPLETE OR PARTIAL RESPONSE TO PLATINUM-BASED CHEMOTHERAPY"
"U-2104","TREATMENT OF HYPERURICEMIA ASSOCIATED WITH GOUT IN PATIENTS WHO HAVE NOT ACHIEVED TARGET SERUM URIC ACID LEVELS WITH A MEDICALLY APPROPRIATE DAILY DOSE OF ALLOPURINOL ALONE"
"U-2105","TREATMENT OF DYSKINESIA IN PATIENTS WITH PARKINSON'S DISEASE RECEIVING IMMEDIATE RELEASE LEVODOPA-BASED THERAPY, WITH OR WITHOUT CONCOMITANT DOPAMINERGIC MEDICATIONS"
"U-2106","TREATMENT OF DYSKINESIA IN PATIENTS WITH PARKINSON'S DISEASE RECEIVING LEVODOPA-BASED THERAPY, WITH OR WITHOUT CONCOMITANT DOPAMINERGIC MEDICATIONS"
"U-2107","TREATMENT OF LOCALLY RECURRENT OR METASTATIC, PROGRESSIVE, DIFFERENTIATED THYROID CARCINOMA REFRACTORY TO RADIOACTIVE IODINE TREATMENT"
"U-2108","TREATMENT OF HORMONE RECEPTOR POSITIVE HER2-NEGATIVE ADVANCED BREAST CANCER IN POSTMENOPAUSAL WOMEN NOT PREVIOUSLY TREATED WITH ENDOCRINE THERAPY"
"U-2109","CAROSPIR IS INDICATED FOR TREATMENT OF NYHA CLASS III-IV HEART FAILURE AND REDUCED EJECTION FRACTION TO INCREASE SURVIVAL, MANAGE EDEMA, AND TO REDUCE THE NEED FOR HOSPITALIZATION FOR HEART FAILURE"
"U-2110","METHOD FOR CHRONIC WEIGHT MANAGEMENT IN PATIENTS WITH MODERATE RENAL IMPAIRMENT WHO ARE OBESE, OR OVERWEIGHT AND HAVE AT LEAST ONE WEIGHT RELATED COMORBID CONDITION"
"U-2111","ADJUNCT TO DIET AND EXERCISE TO IMPROVE GLYCEMIC CONTROL IN ADULTS WITH TYPE 2 DIABETES BY ADMINISTERING BROMOCRIPTINE MESYLATE AND A FIRST-PHASE INSULIN SECRETAGOGUE AS RECITED IN CLAIMS 1-5 AND WHEREIN THE EFFECTS ARE AS RECITED IN CLAIMS 1-5"
"U-2112","ADJUNCT TO DIET AND EXERCISE TO IMPROVE GLYCEMIC CONTROL IN ADULTS WITH TYPE 2 DIABETES BY ADMINISTERING BROMOCRIPTINE MESYLATE AND A FIRST-PHASE INSULIN SECRETAGOGUE AS RECITED IN CLAIM 6 AND WHEREIN THE EFFECTS ARE AS RECITED IN CLAIM 6"
"U-2113","ADJUNCT TO DIET AND EXERCISE TO IMPROVE GLYCEMIC CONTROL IN ADULTS WITH TYPE 2 DIABETES BY ADMINISTERING BROMOCRIPTINE MESYLATE AND A FIRST-PHASE INSULIN SECRETAGOGUE AS RECITED IN CLAIM 7 AND WHEREIN THE EFFECTS ARE AS RECITED IN CLAIM 7"
"U-2114","ADJUNCT TO DIET AND EXERCISE TO IMPROVE GLYCEMIC CONTROL IN ADULTS WITH TYPE 2 DIABETES BY ADMINISTERING BROMOCRIPTINE MESYLATE AND A FIRST-PHASE INSULIN SECRETAGOGUE AS RECITED IN CLAIM 9 AND WHEREIN THE EFFECTS ARE AS RECITED IN CLAIM 9"
"U-2115","ADJUNCT TO DIET AND EXERCISE TO IMPROVE GLYCEMIC CONTROL IN ADULTS WITH TYPE 2 DIABETES BY ADMINISTERING BROMOCRIPTINE MESYLATE AND A FIRST-PHASE INSULIN SECRETAGOGUE AS RECITED IN CLAIM 10 AND WHEREIN THE EFFECTS ARE AS RECITED IN CLAIM 10"
"U-2116","ADJUNCT TO DIET AND EXERCISE TO IMPROVE GLYCEMIC CONTROL IN ADULTS WITH TYPE 2 DIABETES BY ADMINISTERING BROMOCRIPTINE MESYLATE AND A FIRST-PHASE INSULIN SECRETAGOGUE AS RECITED IN CLAIM 12 AND WHEREIN THE EFFECTS ARE AS RECITED IN CLAIM 12"
"U-2117","ADJUNCT TO DIET AND EXERCISE TO TREAT GLUCOSE INTOLERANCE IN ADULTS WITH TYPE 2 DIABETES BY ADMINISTERING BROMOCRIPTINE MESYLATE AND A FIRST-PHASE INSULIN SECRETAGOGUE AS RECITED IN CLAIMS 14-15 AND WHEREIN THE EFFECTS ARE AS RECITED IN CLAIMS 14-15"
"U-2118","ADJUNCT TO DIET AND EXERCISE TO TREAT GLUCOSE INTOLERANCE IN ADULTS WITH TYPE 2 DIABETES BY ADMINISTERING BROMOCRIPTINE MESYLATE AND A FIRST-PHASE INSULIN SECRETAGOGUE AS RECITED IN CLAIMS 16-18 AND WHEREIN THE EFFECTS ARE AS RECITED IN CLAIMS 16-18"
"U-2119","ADJUNCT TO DIET AND EXERCISE TO IMPROVE GLYCEMIC CONTROL IN ADULTS WITH TYPE 2 DIABETES BY ADMINISTERING BROMOCRIPTINE MESYLATE AND A FIRST-PHASE INSULIN SECRETAGOGUE AS RECITED IN CLAIM 19 AND WHEREIN THE EFFECTS ARE AS RECITED IN CLAIM 19"
"U-2120","TREATMENT OF PATIENTS 18 YEARS OF AGE AND OLDER WITH COMPLICATED URINARY TRACT INFECTIONS CAUSED BY SUSCEPTIBLE MICROORGANISMS"
"U-2121","TREATMENT OF PARTIAL-ONSET SEIZURES IN A PATIENT SUFFERING FROM OR SUSCEPTIBLE TO ABSENCE SEIZURES"
"U-2122","USE FOR REDUCING EXACERBATIONS OF CHRONIC OBSTRUCTIVE PULMONARY DISEASE"
"U-2123","TREATMENT OF PARTIAL-ONSET SEIZURES IN PATIENTS WITH EPILEPSY WHO HAVE BEEN PREVIOUSLY TREATED WITH OXCARBAZEPINE"
"U-2124","TREATMENT OF ADULT PATIENTS WITH RELAPSED FOLLICULAR LYMPHOMA WHO HAVE RECEIVED AT LEAST TWO PRIOR SYSTEMIC THERAPIES"
"U-2125","THE TREATMENT OF AN INFLAMMATORY DISORDER OF THE RESPIRATORY TRACT BY ONCE-PER-DAY ADMINISTRATION OF A PHARMACEUTICAL FORMULATION COMPRISING FLUTICASONE FUROATE AND A LONG-ACTING BETA2 ADRENORECEPTOR AGONIST"
"U-2126","USE OF FLUTICASONE FUROATE FOR THE TREATMENT OF AN INFLAMMATORY OR ALLERGIC CONDITIONS, INCLUDING CHRONIC OBSTRUCTIVE PULMONARY DISEASE"
"U-2127","INDICATED FOR THE LONG-TERM, ONCE-DAILY, MAINTENANCE TREATMENT OF PATIENTS WITH CHRONIC OBSTRUCTIVE PULMONARY DISEASE (COPD), INCLUDING CHRONIC BRONCHITIS AND/OR EMPHYSEMA"
"U-2128","METHOD OF INHIBITING THE BINDING OF ACETYLCHOLINE TO AN ACETYLCHOLINE RECEPTOR IN THE RESPIRATORY TRACT OF A HUMAN, COMPRISING CONTACTING THE RECEPTOR WITH AN EFFECTIVE AMOUNT OF UMECLIDINIUM, VIA INHALATION"
"U-2129","METHOD OF INHIBITING THE BINDING OF ACETYLCHOLINE TO AN ACETYLCHOLINE RECEPTOR IN THE RESPIRATORY TRACT OF A HUMAN, COMPRISING CONTACTING THE RECEPTOR WITH AN EFFECTIVE AMOUNT OF UMECLIDINIUM, VIA TOPICAL APPLICATION"
"U-2130","TREATMENT OF PARTIAL ONSET SEIZURES IN PATIENTS WITH EPILEPSY AGED 16 YEARS AND OLDER WITH EPILEPSY"
"U-2131","REDUCTION OF ELEVATED INTRAOCULAR PRESSURE (IOP) IN PATIENTS WITH GLAUCOMA OR OCULAR HYPERTENSION, WITH COMPARABLE EFFICACY, AND A REDUCTION IN SPECIFIED ADVERSE EVENTS, COMPARED TO BRIMONIDINE 0.2% TID"
"U-2132","IN COMBINATION WITH FULVESTRANT FOR THE TREATMENT OF WOMEN WITH HORMONE RECEPTOR (HR)-POSITIVE, HUMAN EPIDERMAL GROWTH FACTOR RECEPTOR 2 (HER2)-NEGATIVE ADVANCED OR METASTATIC BREAST CANCER WITH DISEASE PROGRESSION FOLLOWING ENDOCRINE THERAPY"
"U-2133","METHOD OF DELIVERING FLUTICASONE PROPIONATE TO A NASAL AIRWAY"
"U-2134","THE TREATMENT OF CHRONIC OBSTRUCTIVE PULMONARY DISEASE BY ONCE-PER-DAY ADMINISTRATION OF A PHARMACEUTICAL FORMULATION COMPRISING FLUTICASONE FUROATE AND A LONG-ACTING BETA2 ADRENORECEPTOR"
"U-2135","AS MONOTHERAPY FOR THE TREATMENT OF ADULT PATIENTS WITH HR-POSITIVE, HER2-NEGATIVE ADVANCED OR METASTIC BREAST CANCER WITH DISEASE PROGRESSION FOLLOWING ENDOCRINE THERAPY AND PRIOR CHEMOTHERAPY IN THE METASTATIC SETTING"
"U-2136","TREATMENT OF NEUROPATHIC PAIN ASSOCIATED WITH DIABETIC PERIPHERAL NEUROPATHY"
"U-2137","TREATMENT OF POSTHERPETIC NEURALGIA"
"U-2138","TOPICAL TREATMENT OF ACTINIC KERATOSIS OF THE FACE OR SCALP USING MORE THAN ONE TREATMENT COURSE OF INGENOL MEBUTATE"
"U-2139","TREATMENT OF TYPE 2 DIABETES MELLITUS IN COMBINATION WITH EXENATIDE"
"U-2140","METHOD OF TREATING PARTIAL ONSET SEIZURES IN PATIENTS 4 YEARS OF AGE AND OLDER"
"U-2141","TREATMENT OF CHRONIC HEPATITIS C VIRUS (HCV) GENOTYPE 1, 2, 3, 4, 5, OR 6"
"U-2142","REDUCTION IN THE RISK OF RECURRENCE OF DEEP VEIN THROMBOSIS (DVT) AND/OR PULMONARY EMBOLISM (PE) IN PATIENTS AT CONTINUED RISK FOR RECURRENT DVT AND/OR AFTER COMPLETION OF INITIAL TREATMENT LASTING AT LEAST 6 MONTHS"
"U-2143","AFTER COMPLETION OF INITIAL TREATMENT LASTING AT LEAST 6 MONTHS, TO REDUCE THE RISK OF RECURRENCE OF DEEP VEIN THROMBOSIS AND/OR PULMONARY EMBOLISM IN CERTAIN PATIENTS WITH ONCE DAILY, RAPID-RELEASE TABLET ADMINISTERED FOR AT LEAST 5 CONSECUTIVE DAYS"
"U-2144","REDUCTION OF INTRAOCULAR PRESSURE (IOP) IN PATIENTS WITH OPEN-ANGLE GLAUCOMA OR OCULAR HYPERTENSION"
"U-2145","TREATMENT OF ADULT PATIENTS WITH MANTLE CELL LYMPHOMA WHO HAVE RECEIVED AT LEAST ONE PRIOR THERAPY"
"U-2146","IMPROVEMENT IN GLYCEMIC CONTROL IN DIABETES MELLITUS PATIENTS BY USE OF A PEN INJECTOR WITH A ROTATING DRIVE SLEEVE"
"U-2147","TREATMENT OF NON-24 HOUR SLEEP-WAKE DISORDER BY ORALLY ADMINISTERING 20MG OF TASIMELTEON ONCE DAILY BEFORE BEDTIME"
"U-2148","A METHOD OF PROVIDING NITRIC OXIDE THERAPY TO A PATIENT BY MEASURING AND DISPLAYING AN INDICATION OF THE CALCULATED DELIVERY CONCENTRATION OF NITRIC OXIDE AS COMPARED TO THE DESIRED DELIVERY CONCENTRATION OF NITRIC OXIDE"
"U-2149","TREATMENT OF NON-24 HOUR SLEEP-WAKE DISORDER BY ADMINISTERING TASIMELTEON"
"U-2150","TREATMENT OF CHRONIC GRAFT-VERSUS-HOST DISEASE"
"U-2151","METHOD OF TREATING PAIN OR INFLAMMATION WITH AN INJECTABLE CONTROLLED OR SUSTAINED RELEASE FORMULATION OF TRIAMCINOLONE ACETONIDE"
"U-2152","TREATMENT OF PAIN ASSOCIATED WITH IRRITABLE BOWEL SYNDROME WITH DIARRHEA (IBS-D) WITH VIBERZI (ELUXADOLINE)"
"U-2153","REDUCING FASTING PLASMA GLUCOSE IN A HUMAN IN NEED THEREOF USING A SUSTAINED-RELEASE COMPOSITION CONTAINING EXENDIN-4"
"U-2154","REDUCING FASTING PLASMA GLUCOSE IN A HUMAN IN NEED THEREOF USING A SUSTAINED-RELEASE COMPOSITION CONTAINING EXENDIN-4"
"U-2155","REDUCING BODY WEIGHT IN A HUMAN IN NEED THEREOF USING A SUSTAINED-RELEASE COMPOSITION CONTAINING EXENDIN-4"
"U-2156","REDUCING HBA1C IN A HUMAN IN NEED THEREOF USING A SUSTAINED-RELEASE COMPOSITION CONTAINING EXENDIN-4"
"U-2157","TREATING TYPE 2 DIABETES MELLITUS BY STIMULATING INSULIN RELEASE"
"U-2158","DECREASING GASTRIC MOTILITY OR DELAYING GASTRIC EMPTYING BY USING A SUSTAINED-RELEASE COMPOSITION"
"U-2159","TREATMENT OF CHRONIC LYMPHOCYTIC LEUKEMIA/SMALL LYMPHOCYTIC LYMPHOMA"
"U-2160","MANAGEMENT OF OSTEOARTHRITIS PAIN BY ADMINISTERING 5 MG OF MELOXICAM"
"U-2161","TREATMENT OF NAUSEA AND VOMITING, INCLUDING THE PREVENTION OF ACUTE AND DELAYED NAUSEA AND VOMITING ASSOCIATED WITH INITIAL AND REPEAT COURSES OF HIGHLY OR MODERATELY EMETOGENIC CANCER CHEMOTHERAPY"
"U-2162","FOR CLEANSING THE LARGE INTESTINE AS A PREPARATION FOR COLONOSCOPY"
"U-2163","TREATMENT OF HR-POSITIVE, HUMAN EPIDERMAL GROWTH FACTOR RECEPTOR 2 (HER-2)-NEGATIVE ADVANCED OR METASTATIC BREAST CANCER IN COMBINATION WITH PALBOCICLIB OR ABEMACICLIB IN WOMEN WITH DISEASE PROGRESSION AFTER ENDOCRINE THERAPY"
"U-2164","ZELBORAF IS INDICATED FOR THE TREATMENT OF PATIENTS WITH ERDHEIM-CHESTER DISEASE WITH BRAF V600 MUTATION"
"U-2165","MANAGEMENT OF OSTEOARTHRITIS PAIN BY ADMINISTERING 10 MG OF MELOXICAM"
"U-2166","TREATMENT OF MAJOR DEPRESSIVE EPISODES ASSOCIATED WITH BIPOLAR I DISORDER"
"U-2167","METHOD OF USING A TABLET EMBEDDED WITH A SENSOR THAT COMMUNICATES INFORMATION VIA A SIGNAL THROUGH THE BODY OF A PATIENT TO A RECEIVER"
"U-2168","METHOD OF USING A LOGIC CIRCUIT TO STABILIZE BATTERY VOLTAGE SUPPLIED TO A SENSOR EMBEDDED WITH A TABLET AND THAT COMMUNICATES INFORMATION VIA A SIGNAL THROUGH THE BODY OF A PATIENT TO A RECEIVER"
"U-2169","METHOD OF USING A RECEIVER TO IDENTIFY A SIGNAL FROM A TABLET EMBEDDED WITH A SENSOR THAT COMMUNICATES INFORMATION THROUGH THE BODY OF A PATIENT"
"U-2170","METHOD OF USING A RECEIVER TO RECEIVE A SIGNAL FROM A TABLET EMBEDDED WITH A SENSOR THAT COMMUNICATES INFORMATION THROUGH THE BODY OF A PATIENT"
"U-2171","ADJUVANT TREATMENT OF ADULT PATIENTS AT HIGH RISK OF RECURRENT RCC FOLLOWING NEPHRECTOMY"
"U-2172","METHOD TO TREAT SEVERE ALLERGIC EMERGENCIES IN PATIENTS WEIGHING 7.5 TO 15 KG (16.5 TO 33 LBS)"
"U-2173","TREATING OPIOID DEPENDENCE BY ADMINISTERING BUPRENORPHINE"
"U-2174","TREATING OPIOID DEPENDENCY BY ADMINISTERING BUPRENORPHINE ONCE PER MONTH"
"U-2175","TREATING OPIOID DEPENDENCY BY ADMINISTERING BUPRENORPHINE ONCE MONTHLY"
"U-2176","TREATING OPIOID ADDICTION BY ADMINISTERING BUPRENORPHINE"
"U-2177","TREATING OPIOID ADDICTION BY SUBCUTANEOUS INJECTION OF BUPRENORPHINE"
"U-2178","TREATING OPIOID ADDICTION BY ADMINISTERING BUPRENORPHINE COMPOSITION WITH 28 DAY DOSE DURATION"
"U-2179","IN SITU FORMATION OF SOLID BUPRENORPHINE COMPOSITION"
"U-2180","TREATING ADDICTION WITH 100 MG OR 300 MG DOSE OF BUPRENORPHINE"
"U-2181","TREATING OPIOID DEPENDENCY BY SUBCUTANEOUSLY ADMINISTERING BUPRENORPHINE"
"U-2182","IMPROVEMENT OF GLYCEMIC CONTROL IN TYPE 2 DIABETES MELLITUS PATIENTS"
"U-2183","ADJUNCT TO DIET AND EXERCISE TO IMPROVE GLYCEMIC CONTROL IN ADULTS WITH TYPE 2 DIABETES BY ORALLY ADMINISTERING A DOSAGE FORM COMPRISING BROMOCRIPTINE AND ONE OR MORE EXCIPIENTS AS RECITED IN CLAIMS 1 AND 13"
"U-2184","ADJUNCT TO DIET AND EXERCISE TO IMPROVE GLYCEMIC CONTROL IN ADULTS WITH TYPE 2 DIABETES BY ORALLY ADMINISTERING A DOSAGE FORM COMPRISING BROMOCRIPTINE AND ONE OR MORE EXCIPIENTS AS RECITED IN CLAIMS 1, 13, AND 14"
"U-2185","ADJUNCT TO DIET AND EXERCISE TO IMPROVE GLYCEMIC CONTROL IN ADULTS WITH TYPE 2 DIABETES BY ADMINISTERING A DOSAGE FORM COMPRISING MICRONIZED BROMOCRIPTINE AND ONE OR MORE EXCIPIENTS AS RECITED IN CLAIMS 15 AND 27"
"U-2186","ADJUNCT TO DIET AND EXERCISE TO IMPROVE GLYCEMIC CONTROL IN ADULTS WITH TYPE 2 DIABETES BY ADMINISTERING A DOSAGE FORM COMPRISING MICRONIZED BROMOCRIPTINE AND ONE OR MORE EXCIPIENTS AS RECITED IN CLAIMS 15, 27, AND 28"
"U-2187","ADJUNCT TO DIET AND EXERCISE TO IMPROVE GLYCEMIC CONTROL IN ADULTS WITH TYPE 2 DIABETES BY ORALLY ADMINISTERING A DOSAGE FORM COMPRISING BROMOCRIPTINE AND ONE OR MORE EXCIPIENTS AS RECITED IN CLAIMS 29 AND 39"
"U-2188","ADJUNCT TO DIET AND EXERCISE TO IMPROVE GLYCEMIC CONTROL IN ADULTS WITH TYPE 2 DIABETES BY ORALLY ADMINISTERING A DOSAGE FORM COMPRISING BROMOCRIPTINE AND ONE OR MORE EXCIPIENTS AS RECITED IN CLAIMS 29, 39, AND 40"
"U-2189","ADJUNCT TO DIET AND EXERCISE TO IMPROVE GLYCEMIC CONTROL IN ADULTS WITH TYPE 2 DIABETES BY ORALLY ADMINISTERING A DOSAGE FORM COMPRISING BROMOCRIPTINE AND ONE OR MORE EXCIPIENTS AS RECITED IN CLAIMS 41 AND 52"
"U-2190","ADJUNCT TO DIET AND EXERCISE TO IMPROVE GLYCEMIC CONTROL IN ADULTS WITH TYPE 2 DIABETES BY ORALLY ADMINISTERING A DOSAGE FORM COMPRISING BROMOCRIPTINE AND ONE OR MORE EXCIPIENTS AS RECITED IN CLAIMS 41, 52, AND 53"
"U-2191","ADJUNCT TO DIET AND EXERCISE TO IMPROVE GLYCEMIC CONTROL IN ADULTS WITH TYPE 2 DIABETES BY ORALLY ADMINISTERING A DOSAGE FORM COMPRISING BROMOCRIPTINE AND ONE OR MORE EXCIPIENTS AS RECITED IN CLAIMS 54 AND 64"
"U-2192","ADJUNCT TO DIET AND EXERCISE TO IMPROVE GLYCEMIC CONTROL IN ADULTS WITH TYPE 2 DIABETES BY ORALLY ADMINISTERING A DOSAGE FORM COMPRISING BROMOCRIPTINE AND ONE OR MORE EXCIPIENTS AS RECITED IN CLAIMS 54, 64, AND 65"
"U-2193","ADJUNCT TO DIET AND EXERCISE TO IMPROVE GLYCEMIC CONTROL IN ADULTS WITH TYPE 2 DIABETES BY ADMINISTERING A DOSAGE FORM COMPRISING MICRONIZED BROMOCRIPTINE AND ONE OR MORE EXCIPIENTS AS RECITED IN CLAIMS 66 AND 75"
"U-2194","ADJUNCT TO DIET AND EXERCISE TO IMPROVE GLYCEMIC CONTROL IN ADULTS WITH TYPE 2 DIABETES BY ADMINISTERING A DOSAGE FORM COMPRISING MICRONIZED BROMOCRIPTINE AND ONE OR MORE EXCIPIENTS AS RECITED IN CLAIMS 66, 75, AND 76"
"U-2195","ADJUNCT TO DIET AND EXERCISE TO IMPROVE GLYCEMIC CONTROL IN ADULTS WITH TYPE 2 DIABETES BY ORALLY ADMINISTERING A DOSAGE FORM COMPRISING BROMOCRIPTINE AND ONE OR MORE EXCIPIENTS AS RECITED IN CLAIMS 77 AND 87"
"U-2196","ADJUNCT TO DIET AND EXERCISE TO IMPROVE GLYCEMIC CONTROL IN ADULTS WITH TYPE 2 DIABETES BY ORALLY ADMINISTERING A DOSAGE FORM COMPRISING BROMOCRIPTINE AND ONE OR MORE EXCIPIENTS AS RECITED IN CLAIMS 77, 87, AND 88"
"U-2197","ADJUNCT TO DIET AND EXERCISE TO IMPROVE GLYCEMIC CONTROL IN ADULTS WITH TYPE 2 DIABETES BY ORALLY ADMINISTERING A DOSAGE FORM COMPRISING BROMOCRIPTINE AND ONE OR MORE EXCIPIENTS AS RECITED IN CLAIMS 89 AND 99"
"U-2198","ADJUNCT TO DIET AND EXERCISE TO IMPROVE GLYCEMIC CONTROL IN ADULTS WITH TYPE 2 DIABETES BY ORALLY ADMINISTERING A DOSAGE FORM COMPRISING BROMOCRIPTINE AND ONE OR MORE EXCIPIENTS AS RECITED IN CLAIMS 89, 99, AND 100"
"U-2199","TREATMENT OF SCHIZOPHRENIA WITH IMPROVEMENT IN ATTENTION FUNCTION IN SCHIZOPHRENIA"
"U-2200","COMBINATION TREATMENT WITH INSULIN GLARGINE WITH OR WITHOUT METFORMIN FOR IMPROVEMENT OF GLYCEMIC CONTROL IN TYPE 2 DIABETES MELLITUS PATIENTS"
"U-2201","TREATMENT OF BIPOLAR DEPRESSION WITH IMPROVEMENT IN ATTENTION FUNCTION IN BIPOLAR DISORDER"
"U-2202","OZEMPIC IS INDICATED AS AN ADJUNCT TO DIET AND EXERCISE TO IMPROVE GLYCEMIC CONTROL IN ADULTS WITH TYPE 2 DIABETES MELLITUS"
"U-2203","A METHOD OF PROVIDING A SUBJECT WITH A THERAPEUTICALLY EFFECTIVE AMOUNT OF RACEMIC METHYLPHENIDATE BY ORALLY ADMINISTERING TO SAID SUBJECT A SINGLE METHYLPHENIDATE EXTENDED RELEASE CHEWABLE TABLET AS CLAIMED"
"U-2204","TREATING PATIENTS WITH ACUTE PROMYELOCYTIC LEUKEMIA (APL) WHO ARE REFRACTORY TO, OR HAVE RELAPSED FROM, RETINOID AND ANTHRACYCLINE CHEMOTHERAPY, AND WHOSE APL IS CHARACTERIZED BY THE PRESENCE OF THE T(15;17) TRANSLOCATION OR PML/RAR-ALPHA GENE EXPRESSION"
"U-2205","TREATMENT OF SEBORRHEIC KERATOSES THAT ARE RAISED"
"U-2206","TREATING OPIOID DEPENDENCY BY ADMINISTERING BUPRENORPHINE"
"U-2207","TREATING ADDICTION BY SUBCUTANEOUS INJECTION OF BUPRENORPHINE"
"U-2208","TREATING ADDICTION BY ONCE PER MONTH ADMINISTRATION OF BUPRENORPHINE"
"U-2209","TREATING OPIOID ADDICTION BY ADMINISTERING BUPRENORPHINE ONCE PER MONTH"
"U-2210","TREATING OPIOID ADDICTION BY 100 MG OR 300 MG DOSE BUPRENORPHINE"
"U-2211","TREATING OPIOID ADDICTION BY ADMINISTRATION OF BUPRENORPHINE"
"U-2212","REDUCING FASTING PLASMA GLUCOSE IN A HUMAN IN NEED THEREOF IN COMBINATION WITH A SUSTAINED-RELEASE COMPOSITION CONTAINING EXENDIN-4"
"U-2213","REDUCING HBA1C IN A HUMAN IN NEED THEREOF IN COMBINATION WITH A SUSTAINED-RELEASE COMPOSITION CONTAINING EXENDIN-4"
"U-2214","AN ADJUNCT TO DIET AND EXERCISE TO IMPROVE GLYCEMIC CONTROL IN ADULTS WITH TYPE 2 DIABETES"
"U-2215","ERTUGLIFLOZIN IN COMBINATION WITH SITAGLIPTIN AND IN FURTHER COMBINATION WITH METFORMIN AS AN ADJUNCT TO DIET AND EXERCISE TO IMPROVE GLYCEMIC CONTROL IN ADULTS WITH TYPE 2 DIABETES MELLITUS"
"U-2216","ERTUGLIFLOZIN AND SITAGLIPTIN IN COMBINATION AS AN ADJUNCT TO DIET AND EXERCISE TO IMPROVE GLYCEMIC CONTROL IN ADULTS WITH TYPE 2 DIABETES MELLITUS"
"U-2217","TREATING HIGH OUTPUT SHOCK WITH ANGIOTENSIN II BY INCREASING MEAN ARTERIAL PRESSURE IN PATIENTS TREATED WITH CATECHOLAMINES AND REDUCING CATECHOLAMINE USE"
"U-2218","MAINTAINING MEAN ARTERIAL PRESSURE OF ABOUT 65 MMHG OR HIGHER WITH ANGIOTENSIN II IN SHOCK PATIENTS TREATED WITH CATECHOLAMINES AND REDUCING CATECHOLAMINE USE"
"U-2219","TREATMENT OF CHRONIC SMALL LYMPHOCYTIC LEUKEMIA"
"U-2220","A METHOD FOR THE DIAGNOSIS OF ADULT GROWTH HORMONE DEFICIENCY BY MEASURING THE LEVEL OF GROWTH HORMONE AFTER ORAL ADMINISTRATION OF MACIMORELIN"
"U-2221","TREATING REFRACTORY HYPOTENSION WITH ABOUT 20 NG/KG/MIN ANGIOTENSIN II IN A PATIENT RECEIVING VASOPRESSOR"
"U-2222","RELIEVES REDNESS OF THE EYE DUE TO MINOR EYE IRRITATIONS"
"U-2223","METHOD OF TREATING ANGINA PECTORIS"
"U-2224","TREATMENT OF DYSKINESIA AND INCREASING ON TIME WITHOUT TROUBLESOME DYSKINESIA IN PATIENTS WITH PARKINSON'S DISEASE RECEIVING LEVODOPA-BASED THERAPY, WITH OR WITHOUT CONCOMITANT DOPAMINERGIC MEDICATIONS"
"U-2225","METHOD OF ADMINISTERING A LOCAL ANESTHETIC TO THE MUCOUS MEMBRANES IN PATIENTS WITH HEPATIC IMPAIRMENT"
"U-2226","METHOD OF ADMINISTERING A LOCAL ANESTHETIC TO THE MUCOUS MEMBRANES IN PATIENTS WITH RENAL IMPAIRMENT"
"U-2227","METHOD OF ADMINISTERING A LOCAL ANESTHETIC TO THE MUCOUS MEMBRANES IN GERIATRIC PATIENTS"
"U-2228","TREATMENT OF SMALL LYMPHOCYTIC LEUKEMIA"
"U-2229","IN COMBINATION WITH TRETINOIN, TREATING ADULTS AND PEDIATRIC PATIENTS 1 YEAR AND OLDER WITH NEWLY-DIAGNOSED LOW-RISK ACUTE PROMYELOCYTIC LEUKEMIA (APL) CHARACTERIZED BY THE PRESENCE OF THE T(15;17) TRANSLOCATION OR PML/RAR-A GENE EXPRESSION"
"U-2230","IRRITABLE BOWEL SYNDROME WITH CONSTIPATION"
"U-2231","TREATING REFRACTORY HYPOTENSION WITH ABOUT 5 NG/KG/MIN TO ABOUT 20 NG/KG/MIN ANGIOTENSIN II IN A PATIENT RECEIVING VASOPRESSOR"
"U-2232","TREATMENT OF PSORIATIC ARTHRITIS USING A DOSAGE TITRATION SCHEDULE"
"U-2233","TREATMENT OF PSORIATIC ARTHRITIS WITH APREMILAST USING A DOSAGE TITRATION SCHEDULE AND A SECOND ACTIVE AGENT"
"U-2234","USE OF IVACAFTOR FOR TREATING CYSTIC FIBROSIS IN A PATIENT WITH A MILD TO MODERATE CF PHENOTYPE WITH AT LEAST ONE MUTATION IN THE CFTR GENE THAT IS RESPONSIVE TO IVACAFTOR BASED ON CLINICAL AND/OR IN VITRO ASSAY DATA"
"U-2235","USE IN COMBINATION WITH PREDNISONE FOR THE TREATMENT OF PATIENTS WITH METASTATIC HIGH-RISK CASTRATION-SENSITIVE PROSTATE CANCER"
"U-2236","REDUCING THE RISK OF PRETERM BIRTH IN WOMEN WITH A SINGLETON PREGNANCY WHO HAVE A HISTORY OF SINGLETON SPONTANEOUS PRETERM BIRTH"
"U-2237","TREATMENT OF NON-METASTATIC, CASTRATION-RESISTANT PROSTATE CANCER (NM-CRPC)"
"U-2238","METHOD OF IMPROVING GLYCEMIC CONTROL IN PATIENTS WITH DIABETES MELLITUS BY ADMINISTERING A MIXTURE OF INSULIN DEGLUDEC AND INSULIN ASPART DURING OR AROUND THE TIME OF THE LARGEST MEAL OF THE DAY"
"U-2239","REDUCTION OF ELEVATED INTRAOCULAR PRESSURE (IOP) IN PATIENTS WITH GLAUCOMA OR OCULAR HYPERTENSION, WITH A REDUCTION IN SPECIFIED ADVERSE EVENTS, COMPARED TO BRIMONIDINE 0.2% TID"
"U-2240","REDUCTION OF ELEVATED INTRAOCULAR PRESSURE (IOP) IN PATIENTS WITH GLAUCOMA OR OCULAR HYPERTENSION, WITH COMPARABLE EFFICACY TO BRIMONIDINE 0.2% TID"
"U-2241","TREATMENT OF SMALL LYMPHOCYTIC LYMPHOMA WITH 17P DELETION"
"U-2242","TREATMENT OF CHRONIC LYMPHOCYTIC LEUKEMIA WITH 17P DELETION"
"U-2243","TREATMENT OF CHRONIC LYMPHOCYTIC LEUKEMIA/SMALL LYMPHOCYTIC LYMPHOMA WITH 17P DELETION"
"U-2244","A METHOD OF TREATING BACTERIAL INFECTIONS IN HOSPITAL-ACQUIRED BACTERIAL PNEUMONIA AND VENTILATOR-ASSOCIATED BACTERIAL PNEUMONIA (HABP/VABP) PATIENTS COMPRISING ADMINISTERING A BACTERICIDALLY EFFECTIVE AMOUNT OF AVIBACTAM SODIUM"
"U-2245","A METHOD OF TREATING A BACTERIAL INFECTION IN HOSPITAL-ACQUIRED BACTERIAL PNEUMONIA AND VENTILATOR-ASSOCIATED BACTERIAL PNEUMONIA (HABP/VABP) PATIENTS COMPRISING ADMINISTERING AN EFFECTIVE AMOUNT OF AVIBACTAM SODIUM"
"U-2246","TEZACAFTOR AND IVACAFTOR FOR THE TREATMENT OF CYSTIC FIBROSIS IN PATIENTS WHO ARE HOMOZYGOUS FOR THE F508DEL MUTATION OR HAVING AT LEAST ONE CFTR GENE MUTATION THAT IS RESPONSIVE TO TEZACAFTOR/IVACAFTOR BASED ON IN VITRO DATA AND/OR CLINICAL EVIDENCE"
"U-2247","TEZACAFTOR AND IVACAFTOR FOR THE TREATMENT OF PATIENTS WITH A MILD TO MODERATE CLINICAL PHENOTYPE OF CYSTIC FIBROSIS HAVING AT LEAST ONE CFTR GENE MUTATION THAT IS RESPONSIVE TO TEZACAFTOR/IVACAFTOR BASED ON IN VITRO DATA AND/OR CLINICAL EVIDENCE"
"U-2248","TEZACAFTOR AND IVACAFTOR FOR THE TREATMENT OF CYSTIC FIBROSIS IN PATIENTS WHO ARE HOMOZYGOUS FOR THE F508DEL MUTATION OR HETEROZYGOUS FOR THE F508DEL MUTATION AND A SECOND MUTATION THAT IS RESPONSIVE TO TEZACAFTOR/IVACAFTOR"
"U-2249","MANAGEMENT OF ACUTE PAIN SEVERE ENOUGH TO REQUIRE AN OPIOID ANALGESIC AND FOR WHICH ALTERNATIVE TREATMENTS ARE INADEQUATE"
"U-2250","DETECTION OF CARCINOMA IN THE BLADDER BY PHOTODYNAMIC CYSTOSCOPY"
"U-2251","IN COMBINATION WITH AN AROMATASE INHIBITOR AS INITIAL ENDOCRINE-BASED THERAPY FOR THE TREATMENT OF POSTMENOPAUSAL WOMEN WITH HORMONE RECEPTOR (HR)-POSITIVE, HUMAN EPIDERMAL GROWTH FACTOR RECEPTOR 2 (HER2)-NEGATIVE ADVANCED OR METASTATIC BREAST CANCER"
"U-2252","THE TREATMENT OF ACUTE OTITIS EXTERNA IN PATIENTS 6 MONTHS OF AGE AND OLDER DUE TO PSEUDOMONAS AERUGINOSA AND STAPHYLOCOCCUS AUREUS"
"U-2253","PROPHYLACTIC TREATMENT OF NAUSEA AND VOMITING, INCLUDING PREVENTION OF ACUTE AND DELAYED NAUSEA AND VOMITING ASSOCIATED CHEMOTHERAPY"
"U-2254","USE OF POMALIDOMIDE WITH DEXAMETHASONE FOR PATIENTS WITH MULTIPLE MYELOMA AFTER AT LEAST TWO PRIOR THERAPIES INCLUDING LENALIDOMIDE AND A PROTEASOME INHIBITOR AND DEMONSTRATED DISEASE PROGRESSION ON OR WITHIN 60 DAYS OF COMPLETING THE LAST THERAPY"
"U-2255","TREATING SECONDARY HYPERPARATHYROIDISM IN CHRONIC KIDNEY DISEASE WITH SUSTAINED RELEASE 25-HYDROXYVITAMIN D TO REDUCE THE PATIENT'S SERUM PARATHYROID HORMONE LEVEL AND THE SUSTAINED RELEASE IS OVER AT LEAST 10 HOURS"
"U-2256","TREATING SECONDARY HYPERPARATHYROIDISM IN CHRONIC KIDNEY DISEASE WITH SUSTAINED RELEASE 25-HYDROXYVITAMIN D TO REDUCE THE PATIENT'S SERUM PARATHYROID HORMONE LEVEL AND CMAX IS REDUCED COMPARED TO BOLUS IV INJECTION AND IMMEDIATE-RELEASE, ORAL DOSING"
"U-2257","TREATING SHPT IN CKD WITH SUSTAINED RELEASE CALCIFEDIOL TO REDUCE SERUM PARATHYROID HORMONE LEVEL AND CHANGE IN SERUM CONCENTRATION OF CALCIFEDIOL IN DOSE INTERVAL IS REDUCED COMPARED TO BOLUS IV INJECTION AND IMMEDIATE-RELEASE, ORAL DOSING"
"U-2258","TREATING SECONDARY HYPERPARATHYROIDISM IN CKD WITH SUSTAINED RELEASE CALCIFEDIOL TO REDUCE THE PATIENT'S SERUM PARATHYROID HORMONE LEVEL AND CMAX24HR/C24HR IS REDUCED COMPARED TO BOLUS IV INJECTION AND IMMEDIATE-RELEASE, ORAL DOSING"
"U-2259","TREATING SECONDARY HYPERPARATHYROIDISM IN CKD WITH SUSTAINED RELEASE CALCIFEDIOL TO REDUCE THE PATIENT'S SERUM PARATHYROID HORMONE LEVEL AND TMAX IS INCREASED COMPARED TO BOLUS IV INJECTION AND IMMEDIATE-RELEASE, ORAL DOSING"
"U-2260","METHOD OF REDUCING THE RISK OF PERIPROCEDURAL MYOCARDIAL INFARCTION, AND STENT THROMBOSIS IN A PATIENT UNDERGOING PCI BY ADMINISTERING INTRAVENOUSLY 30 UG/KG BOLUS BEFORE PCI AND THEN A CONTINUOUS INFUSION"
"U-2261","MODIFIED DOSING REGIMEN FOR THE MANAGEMENT OF MILD TO MODERATE PAIN OR MANAGEMENT OF MODERATE TO SEVERE PAIN AS AN ADJUNCT TO OPIOID ANALGESICS"
"U-2262","MODIFIED DOSING REGIMEN FOR THE REDUCTION OF FEVER"
"U-2263","MODIFIED DOSING REGIMEN FOR THE MANAGEMENT OF MODERATE TO SEVERE PAIN WITH ADJUNCTIVE OPIOID ANALGESICS"
"U-2264","METHODS OF TREATING PAIN, INFLAMMATION, FEVER, PATENT DUCTUS ARTERIOSIS WITH AQUEOUS COMPOSITION"
"U-2265","PREVENTION OF NAUSEA AND VOMITING ASSOCIATED WITH HEC AND MEC IN ADULT AND PEDIATRIC PATIENTS"
"U-2266","METHODS OF MAKING AQUEOUS COMPOSITION AND TREATING PAIN, INFLAMMATION, FEVER, PATENT DUCTUS ARTERIOSIS WITH AQUEOUS COMPOSITION"
"U-2267","METHOD FOR RELIEVING THE PAIN ASSOCIATED WITH POST-HERPETIC NEURALGIA"
"U-2268","DISCONTINUING A STRONG CYP1A2 INDUCER TO AVOID REDUCED PIRFENIDONE EFFICACY AND THEN ADMINISTERING PIRFENIDONE"
"U-2269","DOSAGE MODIFICATION FOLLOWING GRADE 2 ABNORMALITY IN LIVER FUNCTION BIOMARKER AFTER PIRFENIDONE ADMINISTRATION, BY ADMINISTERING SUB-2400MG/DAY DOSE THEN FULL DAILY DOSE IN TREATMENT OF IPF"
"U-2270","DOSAGE MODIFICATION FOLLOWING GRADE 2 ABNORMALITY IN LIVER FUNCTION BIOMARKER AFTER PIRFENIDONE ADMINISTRATION, BY DISCONTINUING PIRFENIDONE UNTIL BIOMARKERS ARE WITHIN NORMAL LIMITS, THEN SUB-2400MG/DAY DOSE, THEN FULL DAILY DOSE IN TREATMENT OF IPF"
"U-2271","THERAPEUTIC TREATMENT OF PATIENTS WITH CASTRATION-RESISTANT PROSTATE CANCER, SYMPTOMATIC BONE METASTASES AND NO KNOWN VISCERAL METASTATIC DISEASE"
"U-2272","TREATMENT OF NASAL POLYPS IN PATIENTS >=18 YEARS OF AGE WHO HAVE HAD ETHMOID SINUS SURGERY USING A CORTICOSTEROID-ELUTING (MOMETASONE FUROATE) IMPLANT"
"U-2273","A METHOD FOR TREATING EPITHELIAL OVARIAN, FALLOPIAN TUBE, OR PRIMARY PERITONEAL CANCER, WHEREIN THE CANCER IS ASSOCIATED WITH A DELETERIOUS BRCA MUTATION"
"U-2274","MAINTAINING SERUM 25-HYDROXYVITAMIN D AT A LEVEL OF AT LEAST 30 NG/ML WITH ORAL, SUSTAINED RELEASE 25-HYDROXYVITAMIN D"
"U-2275","TREATING CYSTIC FIBROSIS PATIENTS AGES 12 AND OLDER, WHO ARE HOMOZYGOUS FOR F508DEL OR HAVE AT LEAST 1 CFTR GENE MUTATION RESPONSIVE TO TEZACAFTOR/IVACAFTOR, WITH TEZACAFTOR AND A SOLID COMPOSITION COMPRISING AMORPHOUS (<30% CRYSTALLINE) IVACAFTOR"
"U-2276","METHOD OF TREATING CYSTIC FIBROSIS IN A PATIENT AGE 6 OR OLDER HOMOZYGOUS FOR THE F508DEL MUTATION IN THE CFTR GENE USING LUMACAFTOR AND A SOLID COMPOSITION COMPRISING AMORPHOUS (LESS THAN ABOUT 30% CRYSTALLINE) IVACAFTOR"
"U-2277","IMPROVEMENT IN GLYCEMIC CONTROL IN ADULTS WITH TYPE 2 DIABETES MELLITUS INADEQUATELY CONTROLLED BY LIXISENATIDE"
"U-2278","IMPROVEMENT IN GLYCEMIC CONTROL IN ADULTS WITH TYPE 2 DIABETES MELLITUS INADEQUATELY CONTROLLED BY LIXISENATIDE IN COMBINATION WITH METFORMIN"
"U-2279","IMPROVEMENT IN GLYCEMIC CONTROL IN ADULTS WITH TYPE 2 DIABETES MELLITUS INADEQUATELY CONTROLLED BY LIXISENATIDE IN COMBINATION WITH METFORMIN AND A SECOND ORAL ANTIDIABETIC DRUG"
"U-2280","ADJUNCTIVE TREATMENT OF PATIENTS WITH TSC-ASSOCIATED PARTIAL-ONSET SEIZURES"
"U-2281","ADJUNCT TO DIET AND EXERCISE TO IMPROVE GLYCEMIC CONTROL IN ADULTS WITH TYPE 2 DIABETES BY ADMINISTERING BROMOCRIPTINE MESYLATE AND A FIRST-PHASE INSULIN SECRETAGOGUE AS RECITED IN CLAIM 1 AND WHEREIN THE EFFECTS ARE AS RECITED IN CLAIM 1"
"U-2282","ADJUNCT TO DIET AND EXERCISE TO TREAT GLUCOSE INTOLERANCE IN ADULTS WITH TYPE 2 DIABETES BY ADMINISTERING BROMOCRIPTINE MESYLATE AND A FIRST-PHASE INSULIN SECRETAGOGUE AS RECITED IN CLAIM 2 AND WHEREIN THE EFFECTS ARE AS RECITED IN CLAIM 2"
"U-2283","ADJUNCT TO DIET AND EXERCISE TO IMPROVE GLYCEMIC CONTROL IN ADULTS WITH TYPE 2 DIABETES BY ADMINISTERING BROMOCRIPTINE MESYLATE AND A FIRST-PHASE INSULIN SECRETAGOGUE AS RECITED IN CLAIMS 3-7 AND WHEREIN THE EFFECTS ARE AS RECITED IN CLAIMS 3-7"
"U-2284","ADJUNCT TO DIET AND EXERCISE TO IMPROVE GLYCEMIC CONTROL IN ADULTS WITH TYPE 2 DIABETES BY ADMINISTERING BROMOCRIPTINE MESYLATE AND A FIRST-PHASE INSULIN SECRETAGOGUE AS RECITED IN CLAIM 8 AND WHEREIN THE EFFECTS ARE AS RECITED IN CLAIM 8"
"U-2285","ADJUNCT TO DIET AND EXERCISE TO IMPROVE GLYCEMIC CONTROL IN ADULTS WITH TYPE 2 DIABETES BY ADMINISTERING BROMOCRIPTINE MESYLATE AND A FIRST-PHASE INSULIN SECRETAGOGUE AS RECITED IN CLAIM 11 AND WHEREIN THE EFFECTS ARE AS RECITED IN CLAIM 11"
"U-2286","ADJUNCT TO DIET AND EXERCISE TO IMPROVE GLYCEMIC CONTROL IN ADULTS WITH TYPE 2 DIABETES BY ADMINISTERING BROMOCRIPTINE MESYLATE AND A FIRST-PHASE INSULIN SECRETAGOGUE AS RECITED IN CLAIM 14 AND WHEREIN THE EFFECTS ARE AS RECITED IN CLAIM 14"
"U-2287","ADJUNCT TO DIET AND EXERCISE TO IMPROVE GLYCEMIC CONTROL IN ADULTS WITH TYPE 2 DIABETES BY ADMINISTERING BROMOCRIPTINE MESYLATE AND A FIRST-PHASE INSULIN SECRETAGOGUE AS RECITED IN CLAIMS 16-19 AND WHEREIN THE EFFECTS ARE AS RECITED IN CLAIMS 16-19"
"U-2288","TREATMENT OF TYPE 2 DIABETES MELLITUS WITH EXENATIDE AS AN ADD-ON TO BASIL INSULIN OR BASAL INSULIN PLUS METFORMIN THERAPY"
"U-2289","TREATMENT OF PATIENTS WITH METASTATIC NON-SMALL CELL LUNG CANCER (NSCLC) WHOSE TUMORS HAVE EPIDERMAL GROWTH FACTOR RECEPTOR (EGFR) EXON 19 DELETIONS OR EXON 21L858R MUTATIONS"
"U-2290","METHOD OF TREATING TYPE 2 DIABETES MELLITUS IN A PATIENT WITH RENAL IMPAIRMENT (45 ML/MIN/1.73 M2<=EGFR<60 ML/MIN/1.73 M2) BY ONCE DAILY ADMINISTRATION OF 10 MG OR 25 MG OF EMPAGLIFLOZIN"
"U-2291","REDUCTION OF THROMBOTIC CARDIOVASCULAR EVENTS IN PATIENTS WITH A HISTORY OF MYOCARDIAL INFARCTION (MI) OR WITH PERIPHERAL ARTERIAL DISEASE (PAD)"
"U-2292","METHOD OF REDUCING THE RISK OF CARDIOVASCULAR DEATH IN ADULT PATIENTS WITH TYPE 2 DIABETES MELLITUS AND CARDIOVASCULAR DISEASE BY ONCE DAILY ADMINISTRATION OF 10 MG OR 25 MG OF EMPAGLIFLOZIN"
"U-2293","USE IN COMBINATION WITH DEXAMETHASONE IN ADULTS FOR THE PREVENTION OF ACUTE AND DELAYED NAUSEA AND VOMITING ASSOCIATED WITH INITIAL AND REPEAT COURSES OF CANCER CHEMOTHERAPY, INCLUDING, BUT NOT LIMITED TO, HIGHLY EMETOGENIC CHEMOTHERAPY"
"U-2294","TREATMENT OF THROMBOCYTOPENIA IN ADULT PATIENTS WITH CHRONIC IMMUNE THROMBOCYTOPENIA (ITP) WHO HAVE HAD AN INSUFFICIENT RESPONSE TO A PREVIOUS TREATMENT"
"U-2295","TREATMENT OF PARTIAL-ONSET SEIZURES IN PATIENTS 4 YEARS OF AGE AND OLDER"
"U-2296","TAFINLAR IS INDICATED, IN COMBINATION WITH TRAMETINIB, FOR THE ADJUVANT TREATMENT OF PATIENTS WITH MELANOMA WITH BRAF V600E OR V600K MUTATIONS, AS DETECTED BY AN FDA-APPROVED TEST, AND INVOLVEMENT OF LYMPH NODE(S), FOLLOWING COMPLETE RESECTION"
"U-2297","IMPROVEMENT OF GLYCEMIC CONTROL IN TYPE 2 DIABETES PATIENTS BY ADMINISTERING A STARTING DOSE OF 10 MCG FOR 14 DAYS AND INCREASING TO A MAINTENANCE DOSE OF 20 MCG ON DAY 15"
"U-2298","TAFINLAR IS INDICATED, IN COMBINATION WITH TRAMETINIB, FOR THE TREATMENT OF PATIENTS WITH LOCALLY ADVANCED OR METASTATIC ANAPLASTIC THYROID CANCER (ATC) WITH BRAF V600E MUTATION AND WITH NO SATISFACTORY LOCOREGIONAL TREATMENT OPTIONS"
"U-2299","TAFINLAR IS INDICATED AS A SINGLE AGENT FOR THE TREATMENT OF PATIENTS WITH UNRESECTABLE OR METASTATIC MELANOMA WITH BRAF V600E MUTATION"
"U-2300","USE IN COMBINATION WITH THE MUSCARINIC ANTAGONIST SOLIFENACIN SUCCINATE FOR THE TREATMENT OF OVERACTIVE BLADDER (OAB) WITH SYMPTOMS OF URGE URINARY INCONTINENCE, URGENCY, AND URINARY FREQUENCY"
"U-2301","USE IN COMBINATION WITH DEXAMETHASONE IN ADULTS FOR THE PREVENTION OF ACUTE AND DELAYED NAUSEA AND VOMITING ASSOCIATED WITH INITIAL AND REPEAT COURSES OF HIGHLY EMETOGENIC CANCER CHEMOTHERAPY"
"U-2302","MEKINIST IS INDICATED, IN COMBINATION WITH DABRAFENIB, FOR THE ADJUVANT TREATMENT OF PATIENTS WITH MELANOMA WITH BRAF V600E OR V600K MUTATIONS,  AS DETECTED BY AN FDA-APPROVED TEST, AND INVOLVEMENT OF LYMPH NODE(S), FOLLOWING COMPLETE RESECTION"
"U-2303","MEKINIST IS INDICATED, IN COMBINATION WITH DABRAFENIB, FOR THE ADJUVANT TREATMENT OF PATIENTS WITH MELANOMA WITH BRAF V600E OR V600K MUTATIONS AND INVOLVEMENT OF LYMPH NODE(S), FOLLOWING COMPLETE RESECTION"
"U-2304","MEKINIST IS INDICATED, IN COMBINATION WITH DABRAFENIB, FOR THE TREATMENT OF PATIENTS WITH METASTATIC NON-SMALL CELL LUNG CANCER (NSCLC) WITH BRAF V600E MUTATION"
"U-2305","MEKINIST IS INDICATED, IN COMBINATION WITH DABRAFENIB, FOR THE TREATMENT OF PATIENTS WITH LOCALLY ADVANCED OR METASTATIC ANAPLASTIC THYROID CANCER (ATC) WITH BRAF V600E MUTATION AND WITH NO SATISFACTORY LOCOREGIONAL TREATMENT OPTIONS"
"U-2306","ONCE DAILY TOPICAL TREATMENT OF PERSISTENT FACIAL ERYTHEMA ASSOCIATED WITH ROSACEA IN ADULTS WITH 1% OXYMETAZOLINE HYDROCHLORIDE CREAM"
"U-2307","TREATMENT OF AUTOSOMAL DOMINANT POLYCYSTIC KIDNEY DISEASE"
"U-2308","TREATMENT OF ADULT PATIENTS WITH SHORT BOWEL SYNDROME WHO ARE DEPENDENT ON PARENTERAL SUPPORT"
"U-2309","USE IN THE TREATMENT OF MAJOR DEPRESSIVE DISORDER TO IMPROVE PROCESSING SPEED, AN ASPECT OF COGNITIVE FUNCTION"
"U-2310","FOR CLEANSING OF THE COLON IN PREPARATION FOR COLONOSCOPY IN ADULTS"
"U-2311","TREATMENT OF HYPERURICEMIA ASSOCIATED WITH GOUT IN PATIENTS WHO HAVE NOT ACHIEVED TARGET SERUM URIC ACID LEVELS WITH A XANTHINE OXIDASE INHIBITOR ALONE"
"U-2312","TREATMENT OF HYPERKALEMIA IN ADULTS"
"U-2313","METHOD OF REDUCING THE RISK OF CARDIOVASCULAR DEATH, NON-FATAL MYOCARDIAL INFARCTION, AND/OR NON-FATAL STROKE IN ADULTS WITH TYPE 2 DIABETES MELLITUS AND ESTABLISHED CARDIOVASCULAR DISEASE BY ADMINISTERING LIRAGLUTIDE"
"U-2314","TREATMENT OF THROMBOCYTOPENIA IN AN ADULT PATIENT WITH CHRONIC LIVER DISEASE WHO IS SCHEDULED TO UNDERGO A PROCEDURE USING DOPTELET"
"U-2315","TREATMENT OF MULTIPLE SCLEROSIS IN THE PEDIATRIC PATIENT POPULATION WITH 0.25 MG FINGOLIMOD"
"U-2316","TREATMENT OF DYSPAREUNIA"
"U-2317","TREATMENT OF A SYMPTOM OF VULVAR AND VAGINAL ATROPHY"
"U-2318","TREATMENT OF CYSTIC FIBROSIS IN PATIENTS AGED 12 AND OLDER, WHO ARE HOMOZYGOUS FOR THE F508DEL MUTATION OR HAVE AT LEAST ONE CFTR GENE MUTATION THAT IS RESPONSIVE TO TEZACAFTOR/IVACAFTOR, WITH TEZACAFTOR AND IVACAFTOR"
"U-2319","KYPROLIS IS INDICATED IN COMBINATION WITH DEXAMETHASONE OR WITH LENALIDOMIDE PLUS DEXAMETHASONE FOR THE TREATMENT OF PATIENTS WITH RELAPSED OR REFRACTORY MULTIPLE MYELOMA WHO HAVE RECEIVED ONE TO THREE LINES OF THERAPY"
"U-2320","KYPROLIS IS INDICATED AS A SINGLE AGENT FOR THE TREATMENT OF PATIENTS WITH RELAPSED OR REFRACTORY MULTIPLE MYELOMA WHO HAVE RECEIVED ONE OR MORE LINES OF THERAPY"
"U-2321","A METHOD OF APPLYING TRYPAN BLUE ONTO AN OUTER SURFACE OF THE ANTERIOR LENS CAPSULE TO FACILITATE REMOVAL OF THE LENS SUBSTANCE"
"U-2322","TREATMENT OF ADULT PATIENTS WITH MODERATELY TO SEVERELY ACTIVE ULCERATIVE COLITIS (UC)"
"U-2323","TREATMENT OF PATIENTS WITH CHRONIC LYMPHOCYTIC LEUKEMIA (CLL) OR SMALL LYMPHOCYTIC LYMPHOMA (SLL), WITH OR WITHOUT 17P DELETION, WHO HAVE RECEIVED AT LEAST ONE PRIOR THERAPY"
"U-2324","FOR SECONDARY PREVENTION OF CARDIOVASCULAR AND CEREBROVASCULAR EVENTS IN PATIENTS AT RISK OF DEVELOPING ASPIRIN-ASSOCIATED GASTRIC ULCERS"
"U-2325","EMERGENCY TREATMENT OF ALLERGIC REACTIONS (TYPE 1), INCLUDING ANAPHYLAXIS; A METHOD OF TREATING ALLERGIC REACTION, ANAPHYLAXIS, ANAPHYLACTIC SHOCK, OR COMBINATION THEREOF BY AN INJECTION OF AT LEAST ONE DOSAGE OF THE INJECTABLE LIQUID PHARMACEUTICAL"
"U-2326","TREATMENT OF NOCTURIA DUE TO NOCTURNAL POLYURIA IN ADULTS"
"U-2327","TREATMENT OF NOCTURIA DUE TO NOCTURNAL POLYURIA IN ADULTS, COMPRISING MONITORING A PATIENT'S SERUM SODIUM CONCENTRATION"
"U-2328","METHOD OF USING PLAZOMICIN TO TREAT BACTERIAL INFECTIONS"
"U-2329","METHOD OF ADMINISTERING A LOCAL ANESTHETIC PRIOR TO PERFORMING A DIAGNOSTIC OR SURGICAL PROCEDURE ON A SUBJECT WITH HEPATIC OR RENAL IMPAIRMENT"
"U-2330","METHOD OF TREATING MELANOMA"
"U-2331","INDICATED IN COMBINATION WITH ENCORAFENIB FOR THE TREATMENT OF MELANOMA"
"U-2332","INDICATED IN COMBINATION WITH ENCORAFENIB FOR THE TREATMENT OF MELANOMA MEDIATED BY A B-RAF PROTEIN KINASE"
"U-2333","INDICATED IN COMBINATION WITH ENCORAFENIB FOR THE TREATMENT OF MELANOMA WITH A BRAF MUTATION"
"U-2334","TREATMENT OF MELANOMA WITH A BRAF MUTATION"
"U-2335","TREATMENT OF MELANOMA"
"U-2336","TREATMENT OF MELANOMA MEDIATED BY A B-RAF PROTEIN KINASE"
"U-2337","INDICATED IN COMBINATION WITH BINIMETINIB FOR THE TREATMENT OF MELANOMA WITH A BRAF MUTATION"
"U-2338","MAINTAINING MEAN ARTERIAL PRESSURE OF ABOUT 65 MMHG OR ABOVE WITH ABOUT 1 NG/KG/MIN TO ABOUT 40 NG/KG/MIN ANGIOTENSIN II IN HYPOTENSIVE PATIENTS TREATED WITH VASOPRESSIN OR A VASOPRESSIN ANALOGUE AND REDUCING VASOPRESSIN OR VASOPRESSIN ANALOGUE USE"
"U-2339","USE OF A PHARMACEUTICAL COMPOSITION COMPRISING LINAGLIPTIN, METFORMIN AND A BASIC AMINO ACID TO TREAT TYPE 2 DIABETES MELLITUS"
"U-2340","TREATMENT OF POSTOPERATIVE INFLAMMATION"
"U-2341","METHOD OF RECONSTITUTING A LYOPHILIZED LIPOSOMAL COMPOSITION FOR ADMINISTERING CYTARABINE AND DAUNORUBICIN TO TREAT ADULTS WITH NEWLY-DIAGNOSED THERAPY-RELATED ACUTE MYELOID LEUKEMIA (T-AML) OR AML WITH MYELODYSPLASIA-RELATED CHANGES (AML-MRC)"
"U-2342","METHOD OF ADMINISTERING A RECONSTITUTED LIPOSOMAL COMPOSITION CONTAINING CYTARABINE AND DAUNORUBICIN TO TREAT ADULTS WITH NEWLY-DIAGNOSED THERAPY-RELATED ACUTE MYELOID LEUKEMIA (T-AML) OR AML WITH MYELODYSPLASIA-RELATED CHANGES (AML-MRC)"
"U-2343","TREATMENT OF CYSTIC FIBROSIS IN PATIENTS AGED 12 YEARS AND OLDER, WHO ARE HOMOZYGOUS FOR THE F508DEL MUTATION OR HETEROZYGOUS FOR F508DEL AND A SECOND CFTR MUTATION PREDICTED TO BE RESPONSIVE TO TEZACAFTOR/IVACAFTOR, WITH TEZACAFTOR AND IVACAFTOR"
"U-2344","TREATMENT OF THROMBOCYTOPENIA IN ADULT PATIENTS WITH CHRONIC LIVER DISEASE WHO ARE SCHEDULED TO UNDERGO A PROCEDURE"
"U-2345","TREATMENT OF PATIENTS WITH CASTRATION-RESISTANT PROSTATE CANCER (CRPC)"
"U-2346","TREATMENT OF HUMAN SMALLPOX DISEASE CAUSED BY VARIOLA VIRUS IN ADULTS AND PEDIATRIC PATIENTS WEIGHING AT LEAST 13 KG"
"U-2347","TREATMENT OF TYPE 2 DIABETES MELLITUS IN A PATIENT WITH RENAL IMPAIRMENT AND FOR WHOM METFORMIN THERAPY IS INAPPROPRIATE BY ADMINISTERING LINAGLIPTIN WITHOUT DOSE ADJUSTMENT"
"U-2348","A METHOD FOR PREVENTION OF PREGNANCY"
"U-2349","FOR ONCE-DAILY MAINTENANCE TREATMENT OF ASTHMA AS PROPHYLACTIC THERAPY IN PATIENTS AGED 5 YEARS AND OLDER"
"U-2350","A METHOD OF TREATING A CANCER CHARACTERIZED BY AN IDH1 MUTATION WHERE THE CANCER IS ACUTE MYELOGENOUS LEUKEMIA (AML)"
"U-2351","TREATMENT OF ACUTE MYELOID LEUKEMIA (AML) WITH AN IDH1 MUTATION"
"U-2352","TREATMENT OF HIV-1 INFECTION IN ADULTS WHO HAVE NO PRIOR ANTIRETROVIRAL TREATMENT HISTORY OR ARE VIROLOGICALLY SUPPRESSED ON A STABLE ANTIRETROVIRAL REGIMEN FOR AT LEAST 6 MONTHS"
"U-2353","TX OF HIV-1 INFECTION USING A COMPOSITION CONTAINING A PK ENHANCER THAT INHIBITS CYTOCHROME P450 MONOOXYGENATES IN ADULTS WHO HAVE NO PRIOR ANTIRETROVIRAL TX HISTORY OR ARE VIROLOGICALLY SUPPRESSED ON A STABLE ANTIRETROVIRAL REGIMEN FOR AT LEAST 6 MONTHS"
"U-2354","COMBINATION WITH OTHER ANTIRETROVIRALS (ATV) FOR TREATMENT OF HIV-1 IN ATV TREATMENT-EXPERIENCED PATIENTS 2 YEARS AND OLDER WITH EVIDENCE OF VIRAL REPLICATION AND HIV-1 STRAINS RESISTANT TO NON-NUCLEOSIDE REVERSE TRANSCRIPTASE INHIBITOR AND OTHER ATV"
"U-2355","IN COMBINATION WITH AN AROMATASE INHIBITOR FOR THE TREATMENT OF PRE/PERIMENOPAUSAL OR POSTMENOPAUSAL WOMEN WITH HR-POSITIVE, HER2-NEGATIVE ADVANCED OR METASTATIC BREAST CANCER, AS INITIAL ENDOCRINE-BASED THERAPY"
"U-2356","IN COMBINATION WITH FULVESTRANT FOR THE TREATMENT OF POSTMENOPAUSAL WOMEN WITH HR-POSITIVE, HER2-NEGATIVE ADVANCED OR METASTATIC BREAST CANCER, AS INITIAL ENDOCRINE BASED THERAPY OR FOLLOWING DISEASE PROGRESSION ON ENDOCRINE THERAPY"
"U-2357","METHOD OF TREATING ATTENTION DEFICIT HYPERACTIVITY DISORDER (ADHD)"
"U-2358","TREATMENT OF PATIENTS WITH HORMONE RECEPTOR (HR)-NEGATIVE BREAST CANCER WITH DELETERIOUS OR SUSPECTED DELETERIOUS GBRCAM, HER2-NEGATIVE METASTATIC BREAST CANCER, WHO HAVE BEEN TREATED WITH CHEMOTHERAPY IN NEOADJUVANT, ADJUVANT, OR METASTATIC SETTING"
"U-2359","TREATMENT OF PATIENTS WITH HORMONE RECEPTOR (HR)-POSITIVE BREAST CANCER WHO SHOULD HAVE BEEN TREATED WITH PRIOR ENDOCRINE THERAPY OR BE CONSIDERED INAPPROPRIATE FOR ENDOCRINE THERAPY"
"U-2360","MANAGEMENT OF MODERATE TO SEVERE PAIN ASSOCIATED WITH ENDOMETRIOSIS"
"U-2361","METHOD OF ADMINISTERING A GRANULATE FORMULATION OF 5-METHYL-1-PHENYL-2-(1H)-PYRIDONE AS RECITED IN CLAIM 1, TO TREAT IDIOPATHIC PULMONARY FIBROSIS"
"U-2362","TREATMENT OF HEPATITIS C VIRUS (HCV) GENOTYPE 1, 2, 3, 4, 5, OR 6"
"U-2363","ADMINISTRATION OF RISPERIDONE"
"U-2364","TREATMENT OF HIV-1 INFECTION USING A COMPOSITION CONTAINING A PHARMACOKINETIC ENHANCER THAT INHIBITS CYTOCHROME P450 MONOOXYGENASE IN ADULTS WHO HAVE NO PRIOR ANTIRETROVIRAL TREATMENT HISTORY"
"U-2365","TREATMENT OF HIV-1 INFECTION USING A COMPOSITION CONTAINING A PHARMACOKINETIC ENHANCER THAT INHIBITS CYTOCHROME P450 MONOOXYGENASE IN ADULTS WHO ARE VIROLOGICALLY SUPPRESSED ON A STABLE ANTIRETROVIRAL REGIMEN FOR AT LEAST 6 MONTHS"
"U-2366","TREATMENT OF LIVER DISEASE THROUGH NUTRITION FOR PATIENTS UNDER THE AGE OF 12"
"U-2367","USE FOR PATIENTS WITH PARENTERAL NUTRITION ASSOCIATED CHOLESTASIS OR PARENTERAL NUTRITION ASSOCIATED LIVER DISEASE"
"U-2368","TOPICAL TREATMENT OF ACNE VULGARIS IN PATIENTS 9 YEARS OF AGE AND OLDER"
"U-2369","FOR THE TREATMENT OF GENOTYPE 1, 4, 5 OR 6 CHRONIC HEPATITIS C VIRUS (HCV) INFECTION"
"U-2370","FOR TREATMENT-NAIVE GENOTYPE 1 PATIENTS WITH CHRONIC HEPATITIS C VIRUS (HCV) INFECTION FOR A DURATION OF 8-WEEKS"
"U-2371","THE TREATMENT OF FABRY PATIENTS"
"U-2372","A METHOD OF REDUCING LEFT VENTRICULAR MASS INDEX (LVMI) IN A FABRY PATIENT BY ADMINISTERING MIGALASTAT"
"U-2373","A METHOD OF REDUCING PODOCYTE GLOBOTRIAOSYLCERAMIDE (GL-3) IN A FABRY PATIENT BY ADMINISTERING MIGALASTAT"
"U-2374","TREATMENT OF CYSTIC FIBROSIS IN A PATIENT AGE 2-5 YEARS WHO IS HOMOZYGOUS FOR THE F508DEL MUTATION IN THE CFTR GENE USING LUMACAFTOR AND IVACAFTOR"
"U-2375","TREATMENT OF CYSTIC FIBROSIS IN A PATIENT AGE 2-5 YEARS WHO IS HOMOZYGOUS FOR THE F508DEL MUTATION IN THE CFTR GENE USING LUMACAFTOR FORM I AND IVACAFTOR"
"U-2376","TREATMENT OF CYSTIC FIBROSIS IN A PATIENT AGE 2-5 YEARS WHO IS HOMOZYGOUS FOR THE F508DEL MUTATION IN THE CFTR GENE USING LUMACAFTOR AND A SOLID COMPOSITION COMPRISING AMORPHOUS AND LESS THAN ABOUT 30% CRYSTALLINE IVACAFTOR"
"U-2377","USE OF VITAL DYE FOR FACILITATING SURGICAL PROCEDURES FOR VITREO-RETINAL SURGERY"
"U-2378","TREATMENT OF POLYNEUROPATHY OF HEREDITARY TRANSTHYRETIN-MEDIATED AMYLOIDOSIS"
"U-2379","USE IN IDENTIFICATION OF INTRAOCULAR MEMBRANES TO FACILITATE REMOVAL DURING OPHTHALMIC SURGERY"
"U-2380","TREATMENT OF COMPLICATED INTRA-ABDOMINAL INFECTIONS IN PATIENTS 18 YEARS OF AGE AND OLDER"
"U-2381","TREATMENT IN COMBINATION WITH A GNRH AGONIST OF NON-METASTATIC, CASTRATION-RESISTANT PROSTATE CANCER (NM-CRPC)"
"U-2382","TREATMENT IN COMBINATION WITH A GNRH AGONIST OF HIGH RISK NON-METASTATIC, CASTRATION-RESISTANT PROSTATE CANCER (NM-CRPC)"
"U-2383","METHOD OF CONTROLLING GLYCEMIA IN A DIABETIC PATIENT WITH DELAYED OR PROLONGED FOOD ABSORPTION BY ADMINISTERING 50 TO 75% OF A PREDETERMINED DOSE OF INSULIN-FDKP AT MEALTIME, AND ADMINISTERING REMAINDER OF DOSE 30-120 MINUTES AFTER BEGINNING OF MEAL"
"U-2384","ADJUNCT TO DIET AND EXERCISE TO IMPROVE GLYCEMIC CONTROL IN ADULTS WITH TYPE 2 DIABETES BY ADMINISTERING A DOSAGE FORM COMPRISING MICRONIZED BROMOCRIPTINE AND ONE OR MORE EXCIPIENTS AS RECITED IN CLAIMS 1 AND 10"
"U-2385","ADJUNCT TO DIET AND EXERCISE TO IMPROVE GLYCEMIC CONTROL IN ADULTS WITH TYPE 2 DIABETES BY ADMINISTERING A DOSAGE FORM COMPRISING MICRONIZED BROMOCRIPTINE AND ONE OR MORE EXCIPIENTS AS RECITED IN CLAIMS 1,10 AND 11"
"U-2386","ADJUNCT TO DIET AND EXERCISE TO IMPROVE GLYCEMIC CONTROL IN ADULTS WITH TYPE 2 DIABETES BY ADMINISTERING A DOSAGE FORM COMPRISING BROMOCRIPTINE AND ONE OR MORE EXCIPIENTS AS RECITED IN CLAIMS 12 AND 19"
"U-2387","ADJUNCT TO DIET AND EXERCISE TO IMPROVE GLYCEMIC CONTROL IN ADULTS WITH TYPE 2 DIABETES BY ADMINISTERING A DOSAGE FORM COMPRISING BROMOCRIPTINE AND ONE OR MORE EXCIPIENTS AS RECITED IN CLAIMS 12, 19 AND 20"
"U-2388","ADJUNCT TO DIET AND EXERCISE TO IMPROVE GLYCEMIC CONTROL IN ADULTS WITH TYPE 2 DIABETES BY ADMINISTERING A DOSAGE FORM COMPRISING BROMOCRIPTINE AND ONE OR MORE EXCIPIENTS AS RECITED IN CLAIMS 21 AND 28"
"U-2389","ADJUNCT TO DIET AND EXERCISE TO IMPROVE GLYCEMIC CONTROL IN ADULTS WITH TYPE 2 DIABETES BY ADMINISTERING A DOSAGE FORM COMPRISING BROMOCRIPTINE AND ONE OR MORE EXCIPIENTS AS RECITED IN CLAIMS 21, 28, AND 29"
"U-2390","ADJUNCT TO DIET AND EXERCISE TO IMPROVE GLYCEMIC CONTROL IN ADULTS WITH TYPE 2 DIABETES BY ADMINISTERING A DOSAGE FORM COMPRISING BROMOCRIPTINE AND ONE OR MORE EXCIPIENTS AS RECITED IN CLAIMS 30 AND 41"
"U-2391","ADJUNCT TO DIET AND EXERCISE TO IMPROVE GLYCEMIC CONTROL IN ADULTS WITH TYPE 2 DIABETES BY ADMINISTERING A DOSAGE FORM COMPRISING BROMOCRIPTINE AND ONE OR MORE EXCIPIENTS AS RECITED IN CLAIMS 30, 41, AND 42"
"U-2392","ADJUNCT TO DIET AND EXERCISE TO IMPROVE GLYCEMIC CONTROL IN ADULTS WITH TYPE 2 DIABETES BY ADMINISTERING A DOSAGE FORM COMPRISING BROMOCRIPTINE AND ONE OR MORE EXCIPIENTS AS RECITED IN CLAIMS 43 AND 50"
"U-2393","ADJUNCT TO DIET AND EXERCISE TO IMPROVE GLYCEMIC CONTROL IN ADULTS WITH TYPE 2 DIABETES BY ADMINISTERING A DOSAGE FORM COMPRISING BROMOCRIPTINE AND ONE OR MORE EXCIPIENTS AS RECITED IN CLAIMS 43, 50 AND 51"
"U-2394","FOR USE IN COMBINATION WITH OTHER ANTIRETROVIRAL AGENTS FOR THE TREATMENT OF HIV-1 INFECTION IN ADULT PATIENTS WITH NO PRIOR ANTIRETROVIRAL TREATMENT HISTORY"
"U-2395","FOR THE TREATMENT OF HIV-1 INFECTION IN ADULT PATIENTS WITH NO PRIOR ANTIRETROVIRAL TREATMENT HISTORY"
"U-2396","TREATMENT OF CYSTIC FIBROSIS IN A PATIENT AGE 2-5 YEARS WHO IS HOMOZYGOUS FOR THE F508DEL MUTATION IN THE CFTR GENE USING THE DOSAGE UNIT COMPRISING LUMACAFTOR AS RECITED IN CLAIM 1 OF US PATENT 8716338 AND IVACAFTOR"
"U-2397","TREATMENT OF CYSTIC FIBROSIS IN A PATIENT AGE 2-5 YEARS WHO IS HOMOZYGOUS FOR THE F508DEL MUTATION IN THE CFTR GENE USING THE DOSAGE UNIT COMPRISING LUMACAFTOR AND IVACAFTOR AS RECITED IN CLAIM 1 OF US PATENT 9192606"
"U-2398","TOPICAL TREATMENT OF PRIMARY AXILLARY HYPERHIDROSIS IN ADULTS AND PEDIATRIC PATIENTS 9 YEARS OF AGE AND OLDER"
"U-2399","TREATMENT OF CYSTIC FIBROSIS IN PATIENTS 12 YEARS AND OLDER, WITH A F508DEL OR G551D CFTR GENE MUTATION AND A A455E, 2789+5G->A, OR 3849+10KBC->T MUTATION, COMPRISING CONCURRENT COADMINISTRATION OF THE COMPOSITIONS OF CLAIM 1 OF U.S PATENT 10058546"
"U-2400","REDUCING ELEVATED INTRAOCULAR PRESSURE IN PATIENTS WITH OPEN-ANGLE GLAUCOMA OR OCULAR HYPERTENSION"
"U-2401","A METHOD OF TREATING AMYOTROPHIC LATERAL SCLEROSIS IN A PATIENT IN NEED OF SUCH TREATMENT, SAID METHOD COMPRISING ADMINISTERING TO SAID PATIENT AN EFFECTIVE AMOUNT OF A SUSPENSION ACCORDING TO CLAIM 1"
"U-2402","TREATMENT OF SCHIZOPHRENIA BY RAPID AND CONTINUOUS INTRAMUSCULAR INJECTION"
"U-2403","TREATMENT OF PSORIASIS USING A DOSAGE TITRATION SCHEDULE"
"U-2404","METHOD OF DELIVERING SUMATRIPTAN TO A NASAL CAVITY"
"U-2405","A METHOD FOR TREATING A BACTERIAL INFECTION IN INFLAMMATORY LESIONS OF NON-NODULAR MODERATE TO SEVERE ACNE VULGARIS PATIENTS 9 YEARS OF AGE AND OLDER COMPRISING ADMINISTERING AN EFFECTIVE AMOUNT OF SARECYCLINE HYDROCHLORIDE"
"U-2406","A METHOD FOR TREATING A PATIENT 9 YEARS OF AGE AND OLDER SUFFERING FROM AN INFLAMMATORY SKIN DISORDER OF NON-NODULAR MODERATE TO SEVERE ACNE VULGARIS COMPRISING ADMINISTERING AN EFFECTIVE AMOUNT OF SARECYCLINE HYDROCHLORIDE"
"U-2407","A METHOD FOR TREATING ACNE IN INFLAMMATORY LESIONS OF NON-NODULAR MODERATE TO SEVERE ACNE VULGARIS PATIENTS 9 YEARS OF AGE AND OLDER COMPRISING ADMINISTERING AN EFFECTIVE AMOUNT OF SARECYCLINE HYDROCHLORIDE CRYSTALLINE SALT"
"U-2408","A METHOD FOR TREATING A BACTERIAL INFECTION IN INFLAMMATORY LESIONS OF NON-NODULAR MODERATE TO SEVERE ACNE VULGARIS PATIENTS 9 YEARS OF AGE AND OLDER COMPRISING ADMINISTERING AN EFFECTIVE AMOUNT OF SARECYCLINE HYDROCHLORIDE CRYSTALLINE SALT"
"U-2409","A METHOD FOR TREATING ACNE IN INFLAMMATORY LESIONS OF NON-NODULAR MODERATE TO SEVERE ACNE VULGARIS PATIENTS 9 YEARS OF AGE AND OLDER COMPRISING ADMINISTERING SARECYCLINE HYDROCHLORIDE IN 60 MG, 100 MG OR 150 MG EQUIVALENT DOSES"
"U-2410","TREATMENT OF ADULT PATIENTS FOR WHOM TREATMENT WITH BOTH AMLODIPINE FOR HYPERTENSION AND CELECOXIB FOR OSTEOARTHRITIS ARE APPROPRIATE"
"U-2411","TREATMENT OF CYSTIC FIBROSIS IN A PATIENT AGE 12 YEARS OR OLDER WHO IS HOMOZYGOUS FOR THE F508DEL MUTATION IN THE CFTR GENE USING THE TABLET COMPRISING LUMACAFTOR AS RECITED IN CLAIM 1, 19, OR 21 OF U.S. PATENT NO. 10,076,513 AND IVACAFTOR"
"U-2412","FOR THE TREATMENT OF PATIENTS WITH CHRONIC LYMPHOCYTIC LEUKEMIA (CLL) AND/OR SMALL LYMPHOCYTIC LEUKEMIA (SLL)"
"U-2413","FOR THE TREATMENT OF PATIENTS WITH FOLLICULAR LYMPHOMA (FL)"
"U-2414","TREATING MYCOBACTERIUM AVIUM COMPLEX (MAC) LUNG DISEASE IN ADULTS AS PART OF A COMBINATION DRUG REGIMEN"
"U-2415","TREATING MYCOBACTERIUM AVIUM COMPLEX (MAC) LUNG DISEASE IN ADULTS AS PART OF A COMBINATION ANTIBACTERIAL DRUG REGIMEN"
"U-2416","TREATING MYCOBACTERIUM AVIUM COMPLEX (MAC) LUNG DISEASE IN ADULTS WITH CYSTIC FIBROSIS AS PART OF A COMBINATION DRUG REGIMEN"
"U-2417","TREATING MYCOBACTERIUM AVIUM COMPLEX (MAC) LUNG DISEASE IN NON-CYSTIC FIBROSIS ADULTS AS PART OF A COMBINATION ANTIBACTERIAL DRUG REGIMEN"
"U-2418","METHOD OF ADMINISTERING TESTOSTERONE ENANTHATE SUBCUTANEOUSLY"
"U-2419","METHOD OF OPERATING AN INJECTION DEVICE"
"U-2420","TREATMENT OF CYSTIC FIBROSIS IN PATIENTS AGES 12 AND OLDER, WHO HAVE TWO COPIES OF THE F508DEL MUTATION OR ONE F508DEL MUTATION AND A CFTR MUTATION PREDICTED TO BE RESPONSIVE TO TEZACAFTOR/IVACAFTOR, WITH THE COMPOSITION OF CLAIM 1 OF US 10,081,621"
"U-2421","USE IN COMBINATION WITH CLOBAZAM FOR THE TREATMENT OF SEIZURES IN PATIENTS WITH DRAVET SYNDROME"
"U-2422","USE IN COMBINATION WITH CLOBAZAM FOR THE TREATMENT OF SEIZURES IN PATIENTS WITH LENNOX GASTAUT SYNDROME WHO HAVE BEEN PREVIOUSLY TREATED WITH CLOBAZAM"
"U-2423","USE IN COMBINATION WITH CLOBAZAM FOR THE TREATMENT OF SEIZURES IN PATIENTS WITH DRAVET SYNDROME WHO HAVE BEEN PREVIOUSLY TREATED WITH CLOBAZAM"
"U-2424","USE IN COMBINATION WITH CLOBAZAM FOR TREATMENT OF SEIZURES IN PATIENTS WITH LENNOX GASTAUT SYNDROME"
"U-2425","USE FOR THE TREATMENT OF CONVULSIVE SEIZURES IN PATIENTS WITH DRAVET SYNDROME"
"U-2426","USE FOR THE TREATMENT OF CONVULSIVE SEIZURES IN PATIENTS WITH LENNOX GASTAUT SYNDROME"
"U-2427","USE FOR THE TREATMENT OF DROP SEIZURES IN PATIENTS WITH DRAVET SYNDROME"
"U-2428","TREATMENT OF PARTIAL-ONSET SEIZURES WITH OR WITHOUT SECONDARILY GENERALIZED SEIZURES IN PATIENTS WITH EPILEPSY 4 YEARS OF AGE AND OLDER"
"U-2429","TREATMENT OF PRIMARY GENERALIZED TONIC-CLONIC SEIZURES AS ADJUNCTIVE THERAPY IN PATIENTS WITH EPILEPSY 12 YEARS OF AGE AND OLDER"
"U-2430","TREATMENT OF POLYNEUROPATHY OF HEREDITARY TRANSTHYRETIN AMYLOIDOSIS"
"U-2431","TREATMENT OF CHRONIC OBSTRUCTIVE PULMONARY DISEASE (COPD), INCLUDING CHRONIC BRONCHITIS"
"U-2432","LONG-TERM, MAINTENANCE TREATMENT OF BRONCHOSPASM ASSOCIATED WITH CHRONIC OBSTRUCTIVE PULMONARY DISEASE (COPD)"
"U-2433","METHOD OF TREATING A BIOLOGICAL RHYTHM DISORDER, SUCH AS INSOMNIA"
"U-2434","USE IN COMBINATION WITH LENALIDOMIDE AND DEXAMETHASONE FOR THE TREATMENT OF PATIENTS WITH MULTIPLE MYELOMA WHO HAVE RECEIVED AT LEAST ONE PRIOR THERAPY"
"U-2435","REDUCTION OF RISK OF MAJOR CARDIOVASCULAR EVENTS (CV DEATH, MI, AND STROKE) IN CHRONIC CAD OR PAD"
"U-2436","USE IN THE TREATMENT OF MAJOR DEPRESSIVE DISORDER TO IMPROVE TREATMENT EMERGENT SEXUAL DYSFUNCTION (TESD) INDUCED BY PRIOR SEROTONIN REUPTAKE INHIBITOR TREATMENT"
"U-2437","TREATMENT OF ADULT PATIENTS WITH DELETERIOUS OR SUSPECTED DELETERIOUS GERMLINE BREAST CANCER SUSCEPTIBILITY GENE (BRCA)-MUTATED (GBRCAM) HUMAN EPIDERMAL GROWTH FACTOR RECEPTOR 2 (HER2)-NEGATIVE LOCALLY ADVANCED OR METASTATIC BREAST CANCER"
"U-2438","CARDIOVASCULAR OUTCOMES TRIAL OF LIRAGLUTIDE 1.8 MG IN PATIENTS WITH TYPE 2 DIABETES AND CARDIOVASCULAR DISEASE"
"U-2439","TREATMENT OF MENOPAUSE SYMPTOMS, INCLUDING VASOMOTOR SYMPTOMS"
"U-2440","FOR THE MAINTENANCE TREATMENT OF PATIENTS WITH CHRONIC OBSTRUCTIVE PULMONARY DISEASE (COPD)"
"U-2441","REDUCTION OF RISK OF MAJOR ADVERSE CARDIOVASCULAR EVENTS IN THE TREATMENT OF TYPE 2 DIABETES MELLITUS PATIENTS"
"U-2442","USE FOR THE TREATMENT OF ATONIC SEIZURES IN PATIENTS WITH LENNOX-GASTAUT SYNDROME"
"U-2443","USE FOR THE TREATMENT OF ATONIC SEIZURES IN PATIENTS WITH DRAVET SYNDROME"
"U-2444","TREATMENT OF SUBJECTS HAVING BACTERIAL SKIN OR SKIN STRUCTURE INFECTION"
"U-2445","TREATMENT IN COMBINATION WITH AZACITIDINE OR DECITABINE OR LOW-DOSE CYTARABINE OF NEWLY-DIAGNOSED ACUTE MYELOID LEUKEMIA (AML) IN ADULTS WHO ARE AGE 75 YEARS OR OLDER, OR WHO HAVE COMORBIDITIES THAT PRECLUDE USE OF INTENSIVE INDUCTION CHEMOTHERAPY"
"U-2446","TREATMENT OF ADULT PATIENTS WITH CHRONIC LYMPHOCYTIC LEUKEMIA (CLL) OR SMALL LYMPHOCYTIC LYMPHOMA (SLL), WITH OR WITHOUT 17P DELETION, WHO HAVE RECEIVED AT LEAST ONE PRIOR THERAPY"
"U-2447","TREATMENT OF SEVERE HYPERTRIGLYCERIDEMIA (500 MG/DL) IN ADULT PATIENTS AS AN ADJUNCT TO DIET"
"U-2448","TREATMENT OF TRAVELERS' DIARRHEA CAUSED BY NON-INVASIVE STRAINS OF ESCHERICHIA COLI IN ADULTS"
"U-2449","TREATMENT OF BACTERIAL SKIN AND SKIN STRUCTURE INFECTION"
"U-2450","POSITRON EMISSION TOMOGRAPHY DIAGNOSTIC AGENT IN ADULTS WITH SUSPECTED PROSTATE CANCER RECURRENCE BASED ON ELEVATED BLOOD PROSTATE SPECIFIC ANTIGEN LEVELS FOLLOWING PRIOR TREATMENT"
"U-2451","TREATMENT OF THROMBOCYTOPENIA IN ADULT AND PEDIATRIC PATIENTS 1 YEAR AND OLDER WITH CHRONIC IMMUNE (IDIOPATHIC) THROMBOCYTOPENIA (ITP)"
"U-2452","COMBINATION WITH IMMUNOSUPPRESSIVE THERAPY FOR FIRST-LINE TREATMENT OF ADULT AND PEDIATRIC PATIENTS 2 YEARS AND OLDER WITH SEVERE APLASTIC ANEMIA"
"U-2453","TREATMENT OF FUNGAL INFECTIONS, INCLUDING BLASTOMYCOSIS, HISTOPLASMOSIS, AND ASPERGILLOSIS"
"U-2454","USE FOR THE TREATMENT OF DROP SEIZURES IN PATIENTS WITH LENNOX-GASTAUT SYNDROME"
"U-2455","USE IN COMBINATION WITH CLOBAZAM FOR TREATMENT OF DROP SEIZURES IN PATIENTS WITH LENNOX GASTAUT SYNDROME"
"U-2456","TREATMENT OF ACUTE MYELOID LEUKEMIA (AML)"
"U-2457","REINITIATION OF SCHIZOPHRENIA TREATMENT FOLLOWING A MISSED DOSE MORE THAN 9 MONTHS AGO"
"U-2458","REINITIATION OF SCHIZOPHRENIA TREATMENT FOLLOWING A MISSED DOSE 4-9 MONTHS AGO"
"U-2459","TREATMENT OF DYSKINESIA AND DECREASING OFF TIME IN PATIENTS WITH PARKINSON'S DISEASE RECEIVING LEVODOPA-BASED THERAPY, WITH OR WITHOUT CONCOMITANT DOPAMINERGIC MEDICATIONS"
"U-2460","VISUALIZATION OF VESSELS, BLOOD FLOW AND TISSUE PERFUSION OF CORONARY ARTERY BYPASS GRAFT IN VASCULAR, GASTROINTESTINAL, ORGAN TRANSPLANT, AND PLASTIC, MICRO- AND RECONSTRUCTIVE, INCLUDING MINIMALLY INVASIVE, SURGERY"
"U-2461","VISUALIZATION OF VESSELS, BLOOD FLOW AND TISSUE PERFUSION OF CARDIOVASCULAR BYPASS GRAFT AND VASCULATURE IN VASCULAR, GASTROINTESTINAL, ORGAN TRANSPLANT, AND PLASTIC, MICRO- AND RECONSTRUCTIVE, INCLUDING MINIMALLY INVASIVE, SURGERY"
"U-2462","VISUALIZATION OF VESSELS, BLOOD FLOW AND TISSUE PERFUSION OF VESSEL WITH ARTERIOVENOUS MALFORMATION IN VASCULAR,  GASTROINTESTINAL, ORGAN TRANSPLANT, AND PLASTIC, MICRO- AND RECONSTRUCTIVE, INCLUDING MINIMALLY INVASIVE, SURGERY"
"U-2463","VISUALIZATION OF VESSELS, BLOOD FLOW AND TISSUE PERFUSION IN SURGICAL FLAPS IN VASCULAR,  GASTROINTESTINAL, ORGAN TRANSPLANT, AND PLASTIC, MICRO- AND RECONSTRUCTIVE, INCLUDING MINIMALLY INVASIVE, SURGERY"
"U-2464","VISUALIZATION OF VESSELS, BLOOD FLOW AND TISSUE PERFUSION OF TRANSPLANTED ORGAN OR ATTACHED VESSEL IN VASCULAR, GASTROINTESTINAL, ORGAN TRANSPLANT, AND PLASTIC, MICRO- AND RECONSTRUCTIVE, INCLUDING MINIMALLY INVASIVE, SURGERY"
"U-2465","VISUALIZATION OF VESSELS, BLOOD FLOW AND TISSUE PERFUSION OF VESSEL GRAFT IN VASCULAR, GASTROINTESTINAL, ORGAN TRANSPLANT, AND PLASTIC, MICRO- AND RECONSTRUCTIVE, INCLUDING MINIMALLY INVASIVE, SURGERY"
"U-2466","VISUALIZATION OF VESSELS, BLOOD FLOW AND TISSUE PERFUSION OF DONOR ORGAN OR ATTACHED VESSEL IN VASCULAR, GASTROINTESTINAL, ORGAN TRANSPLANT, AND PLASTIC, MICRO- AND RECONSTRUCTIVE, INCLUDING MINIMALLY INVASIVE, SURGERY"
"U-2467","VISUALIZATION OF EXTRAHEPATIC BILIARY DUCT ATTACHED TO DONOR ORGAN IN PATIENTS 12 YEARS AND OLDER"
"U-2468","VISUALIZATION OF EXTRAHEPATIC BILIARY DUCT ATTACHED TO TRANSPLANTED ORGAN IN PATIENTS 12 YEARS AND OLDER"
"U-2469","METHOD OF TREATING CANCEROUS SOLID TUMORS"
"U-2470","METHOD OF TREATING SOLID TUMORS THAT EXHIBIT AN NTRK GENE FUSION"
"U-2471","METHOD OF TREATING SOLID TUMORS THAT EXHIBIT AN NTRK FUSION GENE IN A PEDIATRIC PATIENT"
"U-2472","METHOD OF TREATING NEUROBLASTOMA, GLIOMA, THYROID, AND BREAST CANCER SOLID TUMORS THAT EXHIBIT AN NTRK GENE FUSION"
"U-2473","METHOD OF TREATING CMN, IFS, HGG, DIPGS, PTC, SOFT TISSUE SARCOMA, AND SPINDLE CELL SARCOMA SOLID TUMORS EXHIBITING AN NTRK GENE FUSION IN A PEDIATRIC PATIENT WITH AN ORAL SOLUTION"
"U-2474","METHOD OF TREATING SOLID TUMORS THAT EXHIBIT AN NTRK GENE FUSION AFTER SURGICAL RESECTION"
"U-2475","METHOD OF TREATING SOLID TUMORS THAT EXHIBIT AN NTRK GENE FUSION IN A PEDIATRIC PATIENT"
"U-2476","USE OF A DELIVERY DEVICE TO DELIVER A DOSE OF NALOXONE"
"U-2477","TREATMENT OF NON-24 HOUR SLEEP-WAKE DISORDER BY AVOIDING THE USE OF TASIMELTEON IN COMBINATION WITH CYP1A2 STRONG INHIBITORS"
"U-2478","METHOD FOR THE INDUCTION OF LOCAL ANESTHESIA PRIOR TO PERFORMING A PROCEDURE ON, THROUGH, OR ADJACENT TO THE MUCOUS MEMBRANES"
"U-2479","METHOD OF ADMINISTERING A LOCAL ANESTHETIC TO THE MUCOUS MEMBRANES"
"U-2480","MAINTENANCE TREATMENT OF GBRCA- OR SBRCA-MUTATED ADVANCED EPITHELIAL OVARIAN, FALLOPIAN TUBE OR PRIMARY PERITONEAL CANCER WHO ARE IN A COMPLETE OR PARTIAL RESPONSE TO FIRST-LINE PLATINUM-BASED CHEMOTHERAPY"
"U-2481","TREATMENT OF DELETERIOUS OR SUSPECTED DELETERIOUS GERMLINE BRCA-MUTATED ADVANCED OVARIAN CANCER WHO HAVE BEEN TREATED WITH THREE OR MORE PRIOR LINES OF CHEMOTHERAPY"
"U-2482","TREATMENT OF HR-NEGATIVE, HER-2 NEGATIVE, GBRCA-MUTATED METASTATIC BREAST CANCER, WHO HAVE BEEN TREATED WITH CHEMOTHERAPY IN THE NEOADJUVANT, ADJUVANT, OR METASTATIC SETTING"
"U-2483","TREATMENT OF HR-POSITIVE, HER-2 NEGATIVE, GBRCA-MUTATED METASTATIC BREAST CANCER, WHO HAVE BEEN TREATED WITH CHEMOTHERAPY IN THE NEOADJUVANT, ADJUVANT, OR METASTATIC SETTING, AND WITH ENDOCRINE THERAPY OR ARE INAPPROPRIATE FOR ENDOCRINE THERAPY"
"U-2484","INTERMITTENT TREATMENT OF OFF EPISODES IN PATIENTS WITH PARKINSON'S DISEASE TREATED WITH CARBIDOPA/LEVODOPA BY INHALATION OF LEVODOPA POWDER PARTICLES"
"U-2485","INTERMITTENT TREATMENT OF OFF EPISODES IN PATIENTS WITH PARKINSON'S DISEASE TREATED WITH CARBIDOPA/LEVODOPA BY INHALATION OF LEVODOPA POWDER PARTICLES THROUGH A SINGLE BREATH ACTIVATED STEP"
"U-2486","INTERMITTENT TREATMENT OF OFF EPISODES IN PATIENTS WITH PARKINSON'S DISEASE WITH A POWDER INHALER"
"U-2487","DEXTENZA IS APPROVED FOR THE TREATMENT OF OCULAR PAIN FOLLOWING OPHTHALMIC SURGERY"
"U-2488","TREATMENT OF PATIENTS WITH HEPATOCELLULAR CARCINOMA (HCC) WHO HAVE BEEN PREVIOUSLY TREATED WITH SORAFENIB"
"U-2489","TREATMENT OF MODERATE TO SEVERE OPIOID USE DISORDER"
"U-2490","TREATMENT OF COMPLICATED URINARY TRACT INFECTION (CUTI) INCLUDING PYELONEPHRITIS CAUSED BY THE FOLLOWING SUSCEPTIBLE MICROORGANISMS: ESCHERICHIA COLI, KLEBSIELLA PNEUMONIA, AND ENTEROBACTER CLOACAE SPECIES COMPLEX"
"U-2491","A METHOD FOR DELIVERING A COMPOSITION TO A MUCUS MEMBRANE"
"U-2492","A METHOD FOR DELIVERING A PHARMACEUTICAL AGENT ACROSS A MUCOSAL BARRIER"
"U-2493","A METHOD FOR TREATING INFLAMMATION AND/OR OTHER DISORDERS IN AN EYE OF A PATIENT"
"U-2494","INDICATED FOR THE TREATMENT OF VENTRICULAR ARRHYTHMIAS, SUCH AS SUSTAINED VENTRICULAR TACHYCARDIA, THAT IN THE JUDGEMENT OF THE PHYSICIAN ARE LIFE-THREATENING"
"U-2495","VENTRICULAR FIBRILLATION"
"U-2496","IMPROVEMENT IN GLYCEMIC CONTROL IN ADULTS WITH TYPE 2 DIABETES MELLITUS BY USE OF A PEN INJECTOR WITH A THREADED DRIVE SLEEVE"
"U-2497","TREATMENT OF DRUG-INDUCED EXTRAPYRAMIDAL REACTION IN ADULT PATIENTS"
"U-2498","TREATMENT OF CYSTIC FIBROSIS IN PATIENTS AGES 12 AND OLDER, WHO HAVE TWO COPIES OF THE F508DEL MUTATION OR ONE F508DEL MUTATION AND A CFTR MUTATION PREDICTED TO BE RESPONSIVE TO TEZACAFTOR/IVACAFTOR, WITH THE COMPOSITION OF CLAIM 1 OF US 10,206,877"
"U-2499","METHOD OF REDUCING ADVERSE EFFECTS IN PATIENTS SUFFERING FROM EXCESSIVE DAYTIME SLEEPINESS AND/OR CATAPLEXY IN NARCOLEPSY WHO ARE CONCOMITANTLY ADMINISTERED SODIUM OXYBATE AND DIVALPROEX SODIUM"
"U-2500","USE OF A DELIVERY DEVICE TO DELIVER A BIOEQUIVALENT DOSE OF A NALOXONE COMPOSITION VIA A NEEDLE"
"U-2501","TREATMENT OF PARTIAL-ONSET SEIZURES"
"U-2502","TREATMENT OF TREATMENT-RESISTANT DEPRESSION IN ADULT IN CONJUNCTION WITH AN ORAL ANTIDEPRESSANT"
"U-2503","TREATMENT OF ADULTS WITH METASTATIC GASTRIC OR GJA PREVIOUSLY TREATED WITH AT LEAST TWO PRIOR LINES OF CHEMOTHERAPY THAT INCLUDED A FLUOROPYRIMIDINE, A PLATINUM, EITHER A TAXANE OR IRINOTECAN, AND IF APPROPRIATE, HER2/NEU-TARGETED THERAPY"
"U-2504","TREATMENT OF HR-POSITIVE, HER2-NEGATIVE ADVANCED OR METASTATIC BREAST CANCER IN POSTMENOPAUSAL WOMEN IN COMBINATION WITH RIBOCICLIB AS INITIAL ENDOCRINE BASED THERAPY OR FOLLOWING DISEASE PROGRESSION ON ENDOCRINE THERAPY"
"U-2505","TREATMENT OF PRE/PERIMENOPAUSAL WOMEN WITH HORMONE RECEPTOR (HR)-POSITIVE, HUMAN EPIDERMAL GROWTH FACTOR RECEPTOR 2 (HER2)-NEGATIVE ADVANCED OR METASTATIC BREAST CANCER"
"U-2506","METHOD OF TREATING TESTOSTERONE DEFICIENCY"
"U-2507","METHOD OF TREATING ACUTE BACTERIAL SKIN AND SKIN STRUCTURE INFECTIONS (ABSSSI) CAUSED BY DESIGNATED SUSCEPTIBLE BACTERIA"
"U-2508","A METHOD OF TREATING BACTERIAL INFECTIONS IN COMPLICATED INTRA-ABDOMINAL INFECTION AND COMPLICATED URINARY TRACT INFECTION, INCLUDING PYELONEPHRITIS, PATIENTS COMPRISING ADMINISTERING A BACTERICIDALLY EFFECTIVE AMOUNT OF AVIBACTAM SODIUM"
"U-2509","A METHOD OF TREATING A BACTERIAL INFECTION IN COMPLICATED INTRA-ABDOMINAL INFECTION (CIAI) AND COMPLICATED URINARY TRACT INFECTION (CUTI), INCLUDING PYELONEPHRITIS, PATIENTS COMPRISING ADMINISTERING AN EFFECTIVE AMOUNT OF AVIBACTAM SODIUM"
"U-2510","A METHOD FOR CONTRACEPTION COMPRISING THE STEP OF ORAL ADMINISTRATION A DOSAGE OF 20 MG TO 30 MG OF ULIPRISTAL ACETATE TO A WOMAN WITHIN 72 HOURS AND UP TO 120 HOURS AFTER AN UNPROTECTED INTERCOURSE"
"U-2511","A METHOD OF TREATING MULTIPLE SCLEROSIS BY ADMINISTERING SIPONIMOD USING A TITRATION SCHEME TO REACH A MAINTENANCE DOSE"
"U-2512","TREATMENT OF CYSTIC FIBROSIS IN PATIENTS AGED 12 YEARS AND OLDER, WHO ARE HOMOZYGOUS FOR THE F508DEL MUTATION OR HAVE AT LEAST ONE CFTR MUTATION THAT IS RESPONSIVE TO TEZACAFTOR/IVACAFTOR, WITH AN EFFECTIVE AMOUNT OF TEZACAFTOR AND IVACAFTOR"
"U-2513","MAINTENANCE TREATMENT OF CHRONIC OBSTRUCTIVE PULMONARY DISEASE (COPD)"
"U-2514","MAINTENANCE TREATMENT OF BRONCHOSPASM ASSOCIATED WITH CHRONIC OBSTRUCTIVE PULMONARY DISEASE (COPD)"
"U-2515","PALBOCICLIB FOR HR-POS. HER2-NEG. ADVANCED OR METASTATIC BREAST CANCER IN COMBO WITH AN AROMATASE INHIBITOR AS INITIAL ENDOCRINE-BASED THERAPY IN POSTMENOPAUSAL WOMEN OR MEN, OR WITH FULVESTRANT IN PTS WITH DISEASE PROGRESSION AFTER ENDOCRINE THERAPY"
"U-2516","A METHOD FOR REDUCING SERUM GLUCOSE LEVELS IN ADULTS WITH TYPE 2 DIABETES MELLITUS"
"U-2517","A METHOD FOR REDUCING SERUM GLUCOSE LEVELS IN ADULTS WITH TYPE 2 DIABETES MELLITUS"
"U-2518","TREATMENT OF ADULTS WITH LOCALLY ADVANCED OR METASTATIC UROTHELIAL CARCINOMA THAT HAS SUSCEPTIBLE FGFR3 OR FGFR2 GENETIC ALTERATIONS AND PROGRESSED DURING OR FOLLOWING PRIOR PLATINUM-CONTAINING CHEMOTHERAPY"
"U-2519","TREATMENT OF ADULT PATIENTS WITH MANTLE CELL LYMPHOMA WHO HAVE RECEIVED AT LEAST ONE PRIOR THERAPY BY ADMINISTERING 100 MG OF ACALABRUTINIB TWICE DAILY"
"U-2520","TREATING MS WITH ORAL CLADRIBINE ACC. TO THE STEPS (I) INDUCTION PERIOD WITH ABOUT 1.7 MG/KG-3.5 MG/KG CLADRIBINE; (II) CLADRIBINE-FREE PERIOD OF ABOUT 8-10 MONTHS; (III) MAINTENANCE PERIOD WITH ABOUT 1.7 MG/KG CLADRIBINE; (IV) CLADRIBINE-FREE PERIOD"
"U-2521","TREATMENT OF MS WITH A TABLET WITH AN ADMIXTURE OF (A) AN AMORPHOUS INCLUSION COMPLEX OF CLADRIBINE AND HYDROXYPROPYL-B-CYCLODEXTRIN AND (B) AMORPHOUS FREE CLADRIBINE AND CYCLODEXTRIN AS A NON-INCLUSION COMPLEX, CLADRIBINE/CYCLODEXTRIN 1:10-1:16 W/W"
"U-2522","TREATING RRMS OR SPMS WITH ORAL CLADRIBINE: (I) 2-4 MONTHS INDUCTION WITH 1.7 MG/KG - 3.5 MG/KG CLADRIBINE; (II) CLADRIBINE-FREE PERIOD OF ABOUT 8-10 MONTHS; (III) 2-4 MONTHS MAINTENANCE WITH ABOUT 1.7 MG/KG CLADRIBINE; (IV) CLADRIBINE-FREE PERIOD"
"U-2523","TREATMENT OF MS WITH AN ADMIXTURE OF (A) AN AMORPHOUS INCLUSION COMPLEX OF CLADRIBINE (2CDA) AND CYCLODEXTRIN AND (B) AMORPHOUS FREE 2CDA AND CYCLODEXTRIN AS A NON-INCLUSION COMPLEX, FORMULATED AS A SOLID ORAL FORM, W/O SIGN. AMOUNTS OF CRYST. 2CDA"
"U-2524","TREATMENT OF THE CARDIOMYOPATHY OF WILD TYPE OR HEREDITARY TRANSTHYRETIN-MEDIATED AMYLOIDOSIS (ATTR-CM)"
"U-2525","TREATMENT OF PATIENTS WITH AN OVERACTIVE BLADDER WITH SYMPTOMS OF URINARY FREQUENCY, URGENCY OR URGE INCONTINENCE"
"U-2526","ACUTE TREATMENT OF INTERMITTENT, STEREOTYPIC EPISODES OF FREQUENT SEIZURE ACTIVITY (I.E., SEIZURE CLUSTERS, ACUTE REPETITIVE SEIZURES) THAT ARE DISTINCT FROM A PATIENT'S USUAL SEIZURE PATTERN IN PATIENTS WITH EPILEPSY 12 YEARS OF AGE AND OLDER"
"U-2527","TREATMENT OF CYSTIC FIBROSIS USING IVACAFTOR IN A PATIENT AGE 6 MONTHS TO <6 YEARS WHO HAS ONE MUTATION IN THE CFTR GENE THAT IS RESPONSIVE TO IVACAFTOR BASED ON CLINICAL AND/OR IN VITRO ASSAY DATA"
"U-2528","TREATMENT OF CYSTIC FIBROSIS USING IVACAFTOR IN A PATIENT AGE 6 MONTHS TO <6 YEARS WHO HAS A R117H MUTATION IN THE CFTR GENE"
"U-2529","TREATMENT OF A MODERATE MILD CLINICAL PHENOTYPE OF CF USING IVACAFTOR IN A PATIENT AGE 6 MONTHS TO <6 YEARS WHO HAS ONE CFTR MUTATION RESPONSIVE TO IVACAFTOR BASED ON CLINICAL AND/OR IN VITRO ASSAY DATA"
"U-2530","TREATMENT OF CF IN A PATIENT AGE 6 MONTHS TO < 6 YEARS WHO HAS ONE CFTR MUTATION RESPONSIVE TO IVACAFTOR BASED ON CLINICAL AND/OR IN VITRO ASSAY DATA USING A SOLID COMPOSITION COMPRISING AMORPHOUS (LESS THAN ABOUT 30% CRYSTALLINE) IVACAFTOR"
"U-2531","TREATMENT OF CF IN A PATIENT AGE 6 MONTHS TO <6 YEARS WHO HAS ONE MUTATION IN THE CFTR GENE THAT IS RESPONSIVE TO IVACAFTOR BASED ON CLINICAL AND/OR IN VITRO ASSAY DATA USING THE COMPOSITION RECITED IN CLAIM 1 OF US 10272046"
"U-2532","TREATMENT OF CHRONIC HEPATITIS C VIRUS (HCV) GENOTYPE 1, 2, 3, 4, OR 6 IN ADULT AND PEDIATRIC PATIENTS 12 YEARS AND OLDER OR WEIGHING AT LEAST 45 KG"
"U-2533","A METHOD OF TREATING A CANCER CHARACTERIZED BY AN IDH1 MUTATION WHERE THE CANCER IS RELAPSED OR REFRACTORY ACUTE MYELOID LEUKEMIA (AML)"
"U-2534","A METHOD OF TREATING A CANCER CHARACTERIZED BY AN IDH1 MUTATION WHERE THE CANCER IS NEWLY DIAGNOSED ACUTE MYELOID LEUKEMIA (AML)"
"U-2535","USE IN COMBINATION WITH METHYLPREDNISOLONE FOR THE TREATMENT OF PATIENTS WITH PROSTATE CANCER"
"U-2536","FOR TREATMENT OF STEROID-REFRACTORY ACUTE GRAFT-VERSUS-HOST DISEASE"
"U-2537","TREATMENT OF ADULT PATIENTS WITH CHRONIC LYMPHOCYTIC LEUKEMIA (CLL) OR SMALL LYMPHOCYTIC LYMPHOMA (SLL)"
"U-2538","TREATMENT OF ADULT PATIENTS WITH CHRONIC LYMPHOCYTIC LEUKEMIA (CLL) OR SMALL LYMPHOCYTIC LEUKEMIA (SLL) IN COMBINATION WITH A GA101 ANTIBODY SUCH AS OBINUTUZUMAB FOR ONE OR MORE DOSING PERIODS, WHEREIN THE CLL OR SLL IS A CD20-EXPRESSING CANCER"
"U-2539","IN COMBINATION WITH FULVESTRANT FOR TREATMENT OF POSTMENOPAUSAL WOMEN, AND MEN, WITH HR-POSITIVE, HER-2-NEGATIVE, PIK3CA-MUTATED, ADVANCED OR METASTATIC BREAST CANCER"
"U-2540","TREATMENT OF HORMONE RECEPTOR POSITIVE ADVANCED BREAST CANCER IN POSTMENOPAUSAL WOMEN"
"U-2541","REDUCING THE RATE OF CARDIOVASCULAR DEATH, MYOCARDIAL INFARCTION (MI), AND STROKE IN A PATIENT RECEIVING 75-100 MG ASPIRIN DAILY WITH A HISTORY OF MI BY ADMINISTERING 60 MG TICAGRELOR TWICE DAILY"
"U-2542","REDUCING THE RATE OF CARDIOVASCULAR DEATH, MYOCARDIAL INFARCTION, AND STROKE IN A PATIENT RECEIVING 75-100 MG ASPIRIN DAILY AND HAVING OR WHO HAD ACUTE CORONARY SYNDROME BY ADMINISTERING 60 MG TICAGRELOR TWICE DAILY"
"U-2543","TREATMENT OF SCHIZOPHRENIA WITH CARIPRAZINE"
"U-2544","TREATMENT OF ACUTE MANIC OR MIXED EPISODES ASSOCIATED WITH BIPOLAR I DISORDER WITH CARIPRAZINE"
"U-2545","TREATMENT OF DEPRESSIVE EPISODES ASSOCIATED WITH BIPOLAR I DISORDER (BIPOLAR DEPRESSION) WITH CARIPRAZINE"
"U-2546","USE FOR THE MAINTENANCE TREATMENT OF PATIENTS WITH CHRONIC OBSTRUCTIVE PULMONARY DISEASE (COPD), INCLUDING CHRONIC BRONCHITIS AND/OR EMPHYSEMA"
"U-2547","METHOD OF PROVIDING CONTRACEPTION IN A WOMAN HAVING A BMI OF 25 KG/M2 OR MORE WITH RESULTANT LIMITED BLEEDING EVENTS PER TREATMENT CYCLE"
"U-2548","TO IMPROVE WAKEFULNESS IN ADULT PATIENTS WITH EXCESSIVE DAYTIME SLEEPINESS ASSOCIATED WITH NARCOLEPSY OR OBSTRUCTIVE SLEEP APNEA (OSA)"
"U-2549","CONTROL OF SERUM PHOSPHORUS LEVELS"
"U-2550","USE OF REVLIMID (LENALIDOMIDE) FOR THE TREATMENT OF PREVIOUSLY TREATED FOLLICULAR LYMPHOMA IN COMBINATION WITH A RITUXIMAB PRODUCT"
"U-2551","USE OF REVLIMID (LENALIDOMIDE) FOR THE TREATMENT OF PREVIOUSLY TREATED MARGINAL ZONE LYMPHOMA IN COMBINATION WITH A RITUXIMAB PRODUCT"
"U-2552","METHOD OF TREATING POSTPARTUM DEPRESSION"
"U-2553","PREVENTION OF PREGNANCY IN FEMALES OF REPRODUCTIVE AGE"
"U-2554","TREATMENT OF MILD TO MODERATE ACTIVE CROHN'S DISEASE INVOLVING THE ILEUM AND/OR THE ASCENDING COLON"
"U-2555","A METHOD OF TREATING IRON DEFICIENCY ANEMIA IN ADULT PATIENTS WHO HAVE INTOLERANCE TO ORAL IRON OR HAVE HAD UNSATISFACTORY RESPONSE TO ORAL IRON BY INTRAVENOUSLY ADMINISTERING FERRIC CARBOXYMALTOSE TO PROVIDE AT LEAST ABOUT 0.6 G OF ELEMENTAL IRON"
"U-2556","METHOD OF TREATING IRON DEFICIENCY ANEMIA IN ADULTS WHO HAVE INTOLERANCE TO OR HAVE HAD UNSATISFACTORY RESPONSE TO ORAL IRON ASSOCIATED WITH HEAVY UTERINE BLEEDING OR A GASTROINTESTINAL DISORDER BY INTRAVENOUSLY ADMINISTERING FERRIC CARBOXYMALTOSE"
"U-2557","A METHOD OF TREATING IRON DEFICIENCY ANEMIA IN ADULT PATIENTS WHO HAVE NON-DIALYSIS DEPENDENT CHRONIC KIDNEY DISEASE BY INTRAVENOUSLY ADMINISTERING FERRIC CARBOXYMALTOSE TO PROVIDE AT LEAST ABOUT 0.6 GRAMS OF ELEMENTAL IRON"
"U-2558","TREATMENT OF PATIENTS WITH LOCALLY ADVANCED METASTATIC BREAST CANCER AFTER FAILURE OF PRIOR CHEMOTHERAPY"
"U-2559","USE IN COMBINATION WITH DOXORUBICIN AND CYCLOPHOSPHAMIDE FOR ADJUVANT TREATMENT OF PATIENTS WITH OPERABLE NODE-POSITIVE BREAST CANCER"
"U-2560","TREATMENT OF PATIENTS WITH LOCALLY ADVANCED OR METASTATIC NON-SMALL CELL LUNG CANCER AFTER FAILURE OF PRIOR PLATINUM-BASED CHEMOTHERAPY"
"U-2561","USE IN COMBINATION WITH CISPLATIN FOR TREATMENT OF UNRESECTABLE, LOCALLY ADVANCED OR METASTATIC NON-SMALL CELL LUNG CANCER WITHOUT PRIOR CHEMOTHERAPY TREATMENT"
"U-2562","TREATMENT OF PATIENTS WITH ANDROGEN INDEPENDENT (HORMONE REFRACTORY) METASTATIC PROSTATE CANCER IN COMBINATION WITH PREDNISONE"
"U-2563","TREATMENT OF ADVANCED GASTRIC ADENOCARCINOMA IN COMBINATION WITH CISPLATIN AND FLUOROURACIL IN PATIENTS THAT HAVE NOT RECEIVED PRIOR CHEMOTHERAPY"
"U-2564","TREATMENT OF PATIENTS WITH LOCALLY ADVANCED SQUAMOUS CELL CARCINOMA OF THE HEAD AND NECK IN COMBINATION WITH CISPLATIN AND FLUOROURACIL"
"U-2565","TREATMENT OF HOSPITAL-ACQUIRED BACTERIAL PNEUMONIA"
"U-2566","TREATMENT OF VENTILATOR-ASSOCIATED BACTERIAL PNEUMONIA"
"U-2567","ONCE DAILY TOPICAL TREATMENT OF PERSISTENT FACIAL ERYTHEMA ASSOCIATED WITH ROSACEA IN ADULTS WITH 1% OXYMETAZOLINE HYDROCHLORIDE CREAM, WHERE THE PATIENT EXPERIENCES NO REBOUND OR WORSENING OF FACIAL ERYTHEMA POST-TREATMENT"
"U-2568","TREATMENT OF HYPOACTIVE SEXUAL DESIRE DISORDER (HSDD)"
"U-2569","TREATMENT OF CYSTIC FIBROSIS IN PATIENTS AGED 6 YEARS AND OLDER, WHO ARE HOMOZYGOUS FOR THE F508DEL MUTATION OR HAVE AT LEAST ONE CFTR MUTATION THAT IS RESPONSIVE TO TEZACAFTOR/IVACAFTOR, WITH AN EFFECTIVE AMOUNT OF TEZACAFTOR AND IVACAFTOR"
"U-2570","TREATMENT OF CYSTIC FIBROSIS IN PATIENTS AGES 6 AND OLDER, WHO HAVE TWO COPIES OF THE F508DEL MUTATION OR ONE F508DEL MUTATION AND A CFTR MUTATION PREDICTED TO BE RESPONSIVE TO TEZACAFTOR/IVACAFTOR, WITH THE COMPOSITION OF CLAIM 1 OF US 10,206,877"
"U-2571","TREATMENT OF CYSTIC FIBROSIS IN PATIENTS AGES 6 AND OLDER, WHO HAVE TWO COPIES OF THE F508DEL MUTATION OR ONE F508DEL MUTATION AND A CFTR MUTATION PREDICTED TO BE RESPONSIVE TO TEZACAFTOR/IVACAFTOR, WITH THE COMPOSITION OF CLAIM 1 OF US 10,081,621"
"U-2572","TREATMENT OF CYSTIC FIBROSIS IN PATIENTS 6 YEARS AND OLDER, WITH A F508DEL OR G551D CFTR GENE MUTATION AND A A455E, 2789+5G->, OR 3849+10KBC->T MUTATION, COMPRISING CONCURRENT COADMINISTRATION OF THE COMPOSITIONS OF CLAIM 1 OF U.S. PATENT 10058546"
"U-2573","TREATMENT OF CYSTIC FIBROSIS IN PATIENTS AGED 6 YEARS AND OLDER, WHO ARE HOMOZYGOUS FOR THE F508DEL MUTATION OR HETEROZYGOUS FOR F508DEL AND A SECOND CFTR MUTATION PREDICTED TO BE RESPONSIVE TO TEZACAFTOR/IVACAFTOR, WITH TEZACAFTOR AND IVACAFTOR"
"U-2574","TREATMENT OF CYSTIC FIBROSIS IN PATIENTS AGED 6 AND OLDER, WHO ARE HOMOZYGOUS FOR THE F508DEL MUTATION OR HAVE AT LEAST ONE CFTR GENE MUTATION THAT IS RESPONSIVE TO TEZACAFTOR/IVACAFTOR, WITH TEZACAFTOR AND IVACAFTOR"
"U-2575","TREATING CYSTIC FIBROSIS PATIENTS AGES 6 AND OLDER, WHO ARE HOMOZYGOUS FOR F508DEL OR HAVE AT LEAST 1 CFTR GENE MUTATION RESPONSIVE TO TEZACAFTOR/IVACAFTOR, WITH TEZACAFTOR AND A SOLID COMPOSITION COMPRISING AMORPHOUS (<30% CRYSTALLINE) IVACAFTOR"
"U-2576","TREATMENT OF COMMUNITY ACQUIRED BACTERIAL PNEUMONIA"
"U-2577","TREATMENT OF THROMBOCYTOPENIA IN AN ADULT PATIENT WITH CHRONIC IMMUNE THROMBOCYTOPENIA WHO HAS HAD AN INSUFFICIENT RESPONSE TO A PREVIOUS TREATMENT"
"U-2578","TREATMENT OF THROMBOCYTOPENIA IN AN ADULT PATIENT WITH CHRONIC LIVER DISEASE WHO IS SCHEDULED TO UNDERGO A PROCEDURE"
"U-2579","REDUCTION IN A SUBJECT'S RISK OF EXPERIENCING A BREAKTHROUGH OVERT HEPATIC ENCEPHALOPATHY (HE) EPISODE"
"U-2580","A METHOD OF TREATING TYPE 2 DIABETES COMPRISING ADMINISTERING SEMAGLUTIDE ONCE WEEKLY IN A AMOUNT OF 1.0 MG TO A SUBJECT IN NEED THEREOF"
"U-2581","TREATING HYPOTENSION WITH ABOUT 20 NG/KG/MIN TO ABOUT 40 NG/KG/MIN ANGIOTENSIN II IN A HUMAN SUBJECT HAVING SEPTIC SHOCK"
"U-2582","FOR THE ORAL PREVENTION/PROPHYLAXIS OF MALARIA IN ADULTS, COMPRISING A THREE-PHASE DOSING REGIMEN CONSISTING OF A LOADING/INITIAL DOSE, A MAINTENANCE/EXPOSURE DOSE, AND A TERMINAL/POST-EXPOSURE DOSE"
"U-2583","TREATMENT OF BACTERIAL VAGINOSIS IN ADULT WOMEN"
"U-2584","XPOVIO IS INDICATED IN COMBINATION WITH DEXAMETHASONE TO TREAT RELAPSED OR REFRACTORY MULTIPLE MYELOMA (REFRACTORY TO AT LEAST AN ANTI-CD38 MAB, 2 PROTEASOME INHIBITORS AND 2 IMMUNOMODULATORY AGENTS) IN ADULTS WHO RECEIVED AT LEAST 4 PRIOR THERAPIES"
"U-2585","TREATMENT OF PARENTERAL NUTRITION-ASSOCIATED CHOLESTASIS IN PATIENTS UNDER THE AGE OF 12"
"U-2586","TREATMENT OF COMPLICATED URINARY TRACT INFECTIONS, INCLUDING PYELONEPHRITIS (CUTI)"
"U-2587","TREATMENT OF COMPLICATED INTRA-ABDOMINAL INFECTIONS (CIAI)"
"U-2588","AS AN ADJUNCT TO DIET AND EXERCISE TO IMPROVE GLYCEMIC CONTROL IN ADULTS WITH TYPE 2 DIABETES MELLITUS IN COMBINATION WITH DAPAGLIFLOZIN AND METFORMIN"
"U-2589","AS AN ADJUNCT TO DIET AND EXERCISE TO IMPROVE GLYCEMIC CONTROL IN ADULTS WITH TYPE 2 DIABETES MELLITUS IN COMBINATION WITH BASAL INSULIN OR BASAL INSULIN PLUS METFORMIN"
"U-2590","AS AN ADJUNCT TO DIET AND EXERCISE TO IMPROVE GLYCEMIC CONTROL IN ADULTS WITH TYPE 2 DIABETES MELLITUS IN COMBINATION WITH METFORMIN, A SULFONYLUREA, A THIAZOLIDINEDIONE, OR COMBINATION OF ANY TWO OF THESE THERAPIES"
"U-2591","LOWERING PLASMA GLUCAGON IN ADULTS WITH TYPE 2 DIABETES MELLITUS BY ADMINISTERING EXENATIDE AS AN ADJUNCT TO DIET AND EXERCISE"
"U-2592","IMPROVING GLYCEMIC CONTROL IN ADULTS WITH TYPE 2 DIABETES MELLITUS BY ADMINISTERING A SUSTAINED-RELEASE EXENATIDE FORMULATION AS AN ADJUNCT TO DIET AND EXERCISE"
"U-2593","IMPROVING GLYCEMIC CONTROL IN ADULTS WITH TYPE 2 DIABETES MELLITUS BY ADMINISTERING AN EXENATIDE FORMULATION ONCE WEEKLY AS AN ADJUNCT TO DIET AND EXERCISE TO ACHIEVE A MEAN STEADY STATE PLASMA CONCENTRATION OF EXENATIDE AT LEAST 170 PG/ML"
"U-2594","REDUCING FASTING PLASMA GLUCOSE IN ADULTS WITH TYPE 2 DIABETES MELLITUS BY ADMINISTERING AN EXENATIDE FORMULATION ONCE WEEKLY AS AN ADJUNCT TO DIET AND EXERCISE TO ACHIEVE A MEAN STEADY STATE PLASMA CONCENTRATION OF EXENATIDE AT LEAST 170 PG/ML"
"U-2595","REDUCING BODY WEIGHT IN ADULTS WITH TYPE 2 DIABETES MELLITUS BY ADMINISTERING AN EXENATIDE FORMULATION ONCE WEEKLY AS AN ADJUNCT TO DIET AND EXERCISE TO ACHIEVE A MEAN STEADY STATE PLASMA CONCENTRATION OF EXENATIDE AT LEAST 170 PG/ML"
"U-2596","REDUCING HBA1C IN ADULTS WITH TYPE 2 DIABETES MELLITUS BY ADMINISTERING AN EXENATIDE FORMULATION ONCE WEEKLY AS AN ADJUNCT TO DIET AND EXERCISE TO ACHIEVE A MEAN STEADY STATE PLASMA CONCENTRATION OF EXENATIDE AT LEAST 170 PG/ML"
"U-2597","AS AN ADJUNCT TO DIET AND EXERCISE TO IMPROVE GLYCEMIC CONTROL IN ADULTS WITH TYPE 2 DIABETES MELLITUS IN COMBINATION WITH DAPAGLIFLOZIN AS ADD-ON TO METFORMIN"
"U-2598","IMPROVING GLYCEMIC CONTROL IN ADULTS WITH TYPE 2 DIABETES MELLITUS BY ADMINISTERING AN INJECTABLE SUSTAINED RELEASE FORMULATION OF EXENATIDE AS AN ADJUNCT TO DIET AND EXERCISE"
"U-2599","IMPROVING GLYCEMIC CONTROL IN ADULTS WITH TYPE 2 DIABETES MELLITUS BY ADMINISTERING AN EXENATIDE FORMULATION AS AN ADJUNCT TO DIET AND EXERCISE TO PROVIDE A RELEASE PROFILE HAVING A RATIO OF C-MAX TO C-AVG OF ABOUT 3 OR LESS"
"U-2600","IMPROVING GLYCEMIC CONTROL IN ADULTS WITH TYPE 2 DIABETES MELLITUS BY ADMINISTERING A PRE-MIXED EXENATIDE FORMULATION AS AN ADJUNCT TO DIET AND EXERCISE"
"U-2601","STIMULATING INSULIN RELEASE IN ADULTS WITH TYPE 2 DIABETES MELLITUS BY ADMINISTERING A PRE-MIXED EXENATIDE FORMULATION AS AN ADJUNCT TO DIET AND EXERCISE"
"U-2602","DELAYING GASTRIC EMPTYING IN ADULTS WITH TYPE 2 DIABETES MELLITUS BY ADMINISTERING A PRE-MIXED EXENATIDE FORMULATION AS AN ADJUNCT TO DIET AND EXERCISE"
"U-2603","METHOD OF TREATING IRON DEFICIENCY"
"U-2604","TREATMENT OF SEVERE HYPOGLYCEMIA IN PATIENTS WITH DIABETES"
"U-2605","TREATMENT OF PATIENTS WITH NON-METASTATIC CASTRATION RESISTANT PROSTATE CANCER"
"U-2606","TREATMENT OF ADULT PATIENTS WITH SYMPTOMATIC TENOSYNOVIAL GIANT CELL TUMOR (TGCT) ASSOCIATED WITH SEVERE MORBIDITY OR FUNCTIONAL LIMITATIONS AND NOT AMENABLE TO IMPROVEMENT WITH SURGERY"
"U-2607","TREATMENT OF ADULT PATIENTS WITH INTERMEDIATE-2 OR HIGH-RISK PRIMARY OR SECONDARY MYELOFIBROSIS"
"U-2608","METHOD OF TREATING SCHIZOPHRENIA"
"U-2609","A METHOD FOR INDUCING A REGIONAL ANAESTHESIA VIA INTRATHECAL ADMINISTRATION OF A PATENTED PRESERVATIVE FREE SOLUTION FOR INJECTION (WITH A SPECIFIC COMPOSITION, PH, OSMOLALITY AND DENSITY) CONTAINING 9-11 MG/ML CHLOROPROCAINE HCL"
"U-2610","TREATMENT OF COMPLICATED INTRA-ABDOMINAL INFECTION IN PATIENTS WITH END-STAGE RENAL DISEASE ON HEMODIALYSIS"
"U-2611","TREATMENT OF COMPLICATED URINARY TRACT INFECTION IN PATIENTS WITH END-STAGE RENAL DISEASE ON HEMODIALYSIS"
"U-2612","TREATMENT OF RELAPSING FORMS OF MULTIPLE SCLEROSIS (MS), TO INCLUDE CLINICALLY ISOLATED SYNDROME, RELAPSING-REMITTING DISEASE, AND ACTIVE SECONDARY PROGRESSIVE DISEASE, IN PATIENTS 10 YEARS OF AGE AND OLDER"
"U-2613","TREATMENT OF RELAPSING-REMITTING SCLEROSIS (MS)"
"U-2614","TREATMENT OF MODERATE TO SEVERE DYSPAREUNIA"
"U-2615","TREATMENT OF NON-24 HOUR SLEEP-WAKE DISORDER BY AVOIDING THE ADMINISTRATION OF TASIMELTEON WITH FOOD"
"U-2616","TREATMENT OF ADULTS WITH MODERATELY TO SEVERELY ACTIVE RHEUMATOID ARTHRITIS WHO HAVE HAD AN INADEQUATE RESPONSE OR INTOLERANCE TO METHOTREXATE"
"U-2617","TREATMENT OF ROS1-POSITIVE NON-SMALL CELL LUNG CANCER"
"U-2618","TREATMENT OF SOLID TUMORS THAT HAVE A NEUROTROPHIC TYROSINE RECEPTOR KINASE (NTRK) GENE FUSION"
"U-2619","TREATMENT OF ADULTS WITH COMMUNITY-ACQUIRED BACTERIAL PNEUMONIA CAUSED BY SUSCEPTIBLE MICROORGANISMS"
"U-2620","USE OF NINTEDANIB FOR SLOWING THE RATE OF DECLINE IN PULMONARY FUNCTION IN PATIENTS WITH SYSTEMIC SCLEROSIS-ASSOCIATED INTERSTITIAL LUNG DISEASE (SSC-ILD)"
"U-2621","MODIFIED DOSING REGIMEN FOR THE MANAGEMENT OF MILD TO MODERATE PAIN"
"U-2622","TREATMENT OF ACUTE UNCOMPLICATED INFLUENZA IN PATIENTS 2 YEARS AND OLDER"
"U-2623","A METHOD OF REDUCING OFF TIME FROM L-DOPA THERAPY, COMPRISING ADMINISTERING, TO A HUMAN PATIENT WITH PARKINSON'S DISEASE, AN EFFECTIVE AMOUNT OF ISTRADEFYLLINE, WHEREIN THE PATIENT CURRENTLY RECEIVES SAID L-DOPA THERAPY"
"U-2624","TREATMENT OF METASTATIC CASTRATION-SENSITIVE PROSTATE CANCER (MCSPC)"
"U-2625","TOPICAL TREATMENT OF PLAQUE PSORIASIS IN ADULTS"
"U-2626","METHOD OF TREATING IRRITABLE BOWEL SYNDROME WITH CONSTIPATION BY ADMINISTERING TENAPANOR"
"U-2627","TOPICAL TREATMENT OF PLAQUE PSORIASIS IN PATIENTS 12 YEARS AND OLDER"
"U-2628","METHOD OF TREATING TYPE 2 DIABETES MELLITUS"
"U-2629","TREATMENT OF HIV-1 INFECTION IN ADULT PATIENTS AS A REPLACEMENT THERAPY IN VIROLOGICALLY SUPPRESSED ADULTS WITH NO HISTORY OF TREATMENT FAILURE AND NO KNOWN SUBSTITUTIONS ASSOCIATED WITH RESISTANCE TO THE INDIVIDUAL COMPONENTS OF DELSTRIGO"
"U-2630","FOR USE IN COMBINATION WITH OTHER ANTIRETROVIRAL AGENTS FOR THE TREATMENT OF HIV-1 AS A REPLACEMENT THERAPY IN VIROLOGICALLY SUPPRESSED ADULTS WITH NO HISTORY OF TREATMENT FAILURE AND NO KNOWN SUBSTITUTIONS ASSOCIATED WITH RESISTANCE TO DORAVIRINE"
"U-2631","TREATMENT OF COMPLICATED URINARY TRACT INFECTION"
"U-2632","REDUCTION OF RISK OF END STAGE KIDNEY DISEASE, DOUBLING OF SERUM CREATININE, CARDIOVASCULAR DEATH, AND HOSPITALIZATION FOR HEART FAILURE IN THE TREATMENT OF TYPE 2 DIABETES MELLITUS PATIENTS"
"U-2633","TREATMENT OF ANAPLASTIC LYMPHOMA KINASE (ALK)-POSITIVE METASTATIC NON-SMALL CELL LUNG CANCER, PROGRESSED ON: CRIZOTINIB + AT LEAST 1 OTHER ALK INHIBITOR FOR METASTATIC DISEASE; OR ALECTINIB, OR CERITINIB AS FIRST ALK INHIBITOR FOR METASTATIC DISEASE."
"U-2634","METHOD OF TREATMENT IN PATIENTS WITH CONCOMITANT ANGIOEDEMA"
"U-2635","TREATMENT OF ACUTE URTICARIA"
"U-2636","METHOD OF INCREASING PEAK PLASMA OR ONSET OF PLASMA CONCENTRATION BY INTRAVENOUS INJECTION IN INDIVIDUALS IN NEED OF TREATMENT FOR ACUTE URTICARIA"
"U-2637","TREATMENT OF PATIENTS WITH AN OVERACTIVE BLADDER WITH SYMPTOMS OF URINARY FREQUENCY, URGENCY, OR URGE INCONTINENCE WITH A SINGLE UNIT DOSE OF 10% OXYBUTYNIN CHLORIDE GEL"
"U-2638","INCREASE PAIN-FREE LIGHT EXPOSURE IN ADULT PATIENTS WITH A HISTORY OF PHOTOTOXIC REACTIONS FROM ERYTHROPOIETIC PROTOPORPHYRIA (EPP)"
"U-2639","METHOD OF ACTIVATING RARGAMMA RECEPTOR"
"U-2640","PROPHYLAXIS OF VENOUS THROMBOEMBOLISM IN ACUTELY ILL MEDICAL PATIENTS AT RISK FOR THROMBOEMBOLIC COMPLICATIONS NOT AT HIGH RISK OF BLEEDING"
"U-2641","PROPHYLAXIS OF VENOUS THROMBOEMBOLISM IN ACUTELY ILL MEDICAL PATIENTS AT RISK FOR THROMBOEMBOLIC COMPLICATIONS NOT AT HIGH RISK OF BLEEDING WITH ONCE DAILY, RAPID-RELEASE TABLET ADMINISTERED FOR AT LEAST 5 CONSECUTIVE DAYS"
"U-2642","METHOD OF TREATING CANCER BY DETECTING A CREATININE CLEARANCE OF A PATIENT AND ADMINISTERING LONSURF"
"U-2643","TREATMENT OF IRRITABLE BOWEL SYNDROME WITH DIARRHEA (IBS-D) IN ADULTS 65 YEARS OF AGE OR OLDER AND SYMPTOMS THEREOF"
"U-2644","TREATMENT OF IRRITABLE BOWEL SYNDROME WITH DIARRHEA (IBS-D) IN ADULTS 65 YEARS OF AGE OR OLDER"
"U-2645","TREATMENT OF CYSTIC FIBROSIS IN PATIENTS AGED 12 YEARS AND OLDER WHO HAVE AT LEAST ONE F508DEL MUTATION IN THE CFTR GENE WITH ELEXACAFTOR, TEZACAFTOR, AND IVACAFTOR"
"U-2646","TREATMENT OF CYSTIC FIBROSIS IN PATIENTS AGED 12 YEARS AND OLDER WHO HAVE ONE F508DEL MUTATION AND ONE R117H MUTATION IN THE CFTR GENE WITH ELEXACAFTOR, TEZACAFTOR, AND IVACAFTOR"
"U-2647","TREATMENT OF NON-NODULAR ACNE VULGARIS"
"U-2648","TREATMENT OF A MODERATE TO MILD CLINICAL PHENOTYPE OF CF IN PATIENTS AGED 12 YEARS AND OLDER WHO HAVE AT LEAST ONE F508DEL MUTATION IN THE CFTR GENE WITH ELEXACAFTOR, TEZACAFTOR, AND IVACAFTOR"
"U-2649","TREATMENT OF CYSTIC FIBROSIS IN PATIENTS AGED 12 YEARS AND OLDER WHO HAVE AT LEAST ONE F508DEL MUTATION IN THE CFTR GENE WITH A COMPOSITION COMPRISING ELEXACAFTOR, TEZACAFTOR, AND IVACAFTOR; AND ANOTHER COMPOSITION COMPRISING IVACAFTOR"
"U-2650","TREATMENT OF CF IN PATIENTS AGED 12 YEARS AND OLDER WHO HAVE AT LEAST ONE F508DEL MUTATION IN THE CFTR GENE USING A SOLID COMPOSITION COMPRISING ELEXACAFTOR, TEZACAFTOR, AMORPHOUS IVACAFTOR, AND LESS THAN ABOUT 30% CRYSTALLINE IVACAFTOR"
"U-2651","TREATMENT OF CYSTIC FIBROSIS IN PATIENTS AGED 12 YEARS AND OLDER WHO HAVE AT LEAST ONE F508DEL MUTATION IN THE CFTR GENE WITH AN EFFECTIVE AMOUNT OF A PHARMACEUTICAL COMPOSITION COMPRISING ELEXACAFTOR, TEZACAFTOR, AND IVACAFTOR"
"U-2652","TREATMENT OF CYSTIC FIBROSIS IN PATIENTS AGED 12 YEARS AND OLDER WHO HAVE AT LEAST ONE F508DEL MUTATION IN THE CFTR GENE WITH A COMPOSITION ACCORDING TO CLAIM 1 OF US 10081621"
"U-2653","TREATMENT OF CYSTIC FIBROSIS IN PATIENTS AGED 12 YEARS AND OLDER WHO HAVE AT LEAST ONE F508DEL MUTATION IN THE CFTR GENE WITH AN EFFECTIVE AMOUNT OF ELEXACAFTOR, TEZACAFTOR, AND IVACAFTOR"
"U-2654","TREATMENT OF REFRACTORY CHRONIC GRAFT-VERSUS-HOST DISEASE"
"U-2655","A METHOD OF TREATMENT OF ADVANCED OVARIAN, FALLOPIAN TUBE, OR PRIMARY PERITONEAL CANCER ASSOCIATED WITH HOMOLOGOUS RECOMBINATION DEFICIENCY (HRD) POSITIVE STATUS"
"U-2656","TREATMENT OF ADULT PATIENTS WITH ACTIVE PSORIATIC ARTHRITIS"
"U-2657","TREATMENT OF PATIENTS WITH MODERATE TO SEVERE PLAQUE PSORIASIS WHO ARE CANDIDATES FOR PHOTOTHERAPY OR SYSTEMIC THERAPY"
"U-2658","TREATMENT OF ADULT PATIENTS WITH ORAL ULCERS ASSOCIATED WITH BEHCET'S DISEASE"
"U-2659","TREATMENT OF ADULT PATIENTS WITH ORAL ULCERS ASSOCIATED WITH BEHCET'S DISEASE USING A DOSAGE TITRATION SCHEDULE"
"U-2660","TREATMENT OF H. PYLORI INFECTION IN ADULTS"
"U-2661","CHRONIC WEIGHT MANAGEMENT IN ADULT PATIENTS USING AN EXTENDED RELEASE TABLET CONTAINING LORCARSERIN HYDROCHLORIDE HEMIHYDRATE"
"U-2662","USE OF CALCIPOTRIENE FOAM FOR THE TOPICAL TREATMENT OF PLAQUE PSORIASIS IN PATIENTS AGED 4 YEARS AND OLDER"
"U-2663","USE IN SONOHYSTEROSALPINOGRAPHY TO ASSESS FALLOPIAN TUBE PATENCY"
"U-2664","TREATMENT OF DUCHENNE MUSCULAR DYSTROPHY (DMD) IN PATIENTS HAVING A MUTATION OF THE DMD GENE THAT IS AMENABLE TO EXON 51 SKIPPING BY INDUCING SKIPPING OF EXON 51"
"U-2665","TREATMENT OF CHRONIC GRAFT VERSUS HOST DISEASE AFTER FAILURE OF ONE OR MORE LINES OF SYSTEMIC THERAPY"
"U-2666","TREATMENT OF ADULT PATIENTS WITH CHRONIC LYMPHOCYTIC LEUKEMIA"
"U-2667","TREATMENT OF ADULT PATIENTS WITH SMALL LYMPHOCYTIC LEUKEMIA"
"U-2668","TREATMENT OF ADULT PATIENTS WITH PREVIOUSLY UNTREATED CHRONIC LYMPHOCYTIC LEUKEMIA IN COMBINATION WITH OBINUTUZUMAB"
"U-2669","TREATMENT OF ADULT PATIENTS WITH PREVIOUSLY UNTREATED SMALL LYMPHOCYTIC LEUKEMIA IN COMBINATION WITH OBINUTUZUMAB"
"U-2670","TREATMENT OF ADULT PATIENTS WITH CHRONIC LYMPHOCYTIC LEUKEMIA OR SMALL LYMPHOCYTIC LEUKEMIA"
"U-2671","TREATMENT OF ADULT PATIENTS WITH PREVIOUSLY UNTREATED CHRONIC LYMPHOCYTIC LEUKEMIA OR SMALL LYMPHOCYTIC LEUKEMIA IN COMBINATION WITH OBINUTUZUMAB"
"U-2672","TREATMENT OF ACUTE HEPATIC PORPHYRIA"
"U-2673","TREATMENT OF DUCHENNE MUSCULAR DYSTROPHY (DMD) IN PATIENTS HAVING A MUTATION OF THE DMD GENE THAT IS AMENABLE TO EXON 51 SKIPPING BY CORRECTING A DEFECTIVE GENE FOR DYSTROPHIN"
"U-2674","TREATMENT OF DUCHENNE MUSCULAR DYSTROPHY (DMD) IN PATIENTS HAVING A MUTATION OF THE DMD GENE THAT IS AMENABLE TO EXON 51 SKIPPING BY RESTORING OR INCREASING FUNCTIONAL DYSTROPHIN PROTEIN PRODUCTION"
"U-2675","TREATMENT OF DUCHENNE MUSCULAR DYSTROPHY (DMD) IN PATIENTS HAVING A CONFIRMED MUTATION OF THE DMD GENE THAT IS AMENABLE TO EXON 53 SKIPPING"
"U-2676","TREATMENT OF SICKLE CELL DISEASE BY ADMINISTERING VOXELOTOR, AS RECITED IN CLAIM 1"
"U-2677","PROPHYLAXIS OF ORGAN REJECTION IN PATIENTS CONVERTED FROM TACROLIMUS IMMEDIATE-RELEASE FORMULATIONS"
"U-2678","PROPHYLAXIS OF ORGAN REJECTION IN DE NOVO TRANSPLANT PATIENT"
"U-2679","TREATING LOW BLOOD PRESSURE WITH ANGIOTENSIN II AT AN INITIAL RATE OF ABOUT 20 NG/KG/MIN AND TITRATING DOWN TO ACHIEVE AND/OR MAINTAIN A MAP OF ABOUT 65 MM HG OR ABOVE"
"U-2680","TREATING LOW BLOOD PRESSURE WITH ANGIOTENSIN II WITH AN INITIAL RATE OF ABOUT 5 NG/KG/MIN TO ABOUT 20 NG/KG/MIN IN A SUBJECT HAVING REFRACTORY HYPOTENSION OR SEVERE HYPOTENSION"
"U-2681","TREATING LOW BLOOD PRESSURE WITH ANGIOTENSIN II WITH AN INITIAL RATE OF ABOUT 5 NG/KG/MIN TO ABOUT 20 NG/KG/MIN IN A SUBJECT HAVING REFRACTORY HYPOTENSION OR SEVERE HYPOTENSION, AND TITRATING THE RATE UP"
"U-2682","TREATMENT OF ADULT PATIENTS WITH CHRONIC LYMPHOCYTIC LEUKEMIA BY ADMINISTERING 100MG OF ACALABRUTINIB TWICE DAILY"
"U-2683","TREATMENT OF ADULT PATIENTS WITH SMALL LYMPHOCYTIC LEUKEMIA BY ADMINISTERING 100MG OF ACALABRUTINIB TWICE DAILY"
"U-2684","TREATMENT OF ADULT PATIENTS WITH PREVIOUSLY UNTREATED CHRONIC LYMPHOCYTIC LEUKEMIA BY ADMINISTERING 100 MG OF ACALABRUTINIB TWICE DAILY IN COMBINATION WITH OBINUTUZUMAB"
"U-2685","TREATMENT OF ADULT PATIENTS WITH PREVIOUSLY UNTREATED SMALL LYMPHOCYTIC LEUKEMIA BY ADMINISTERING 100 MG OF ACALABRUTINIB TWICE DAILY IN COMBINATION WITH OBINUTUZUMAB"
"U-2686","TREATMENT OF ADULT PATIENTS WITH CHRONIC LYMPHOCYTIC LEUKEMIA OR SMALL LYMPHOCYTIC LEUKEMIA BY ADMINISTERING 100 MG OF ACALABRUTINIB TWICE DAILY"
"U-2687","TREATMENT OF ADULT PATIENTS WITH PREVIOUSLY UNTREATED CHRONIC LYMPHOCYTIC LEUKEMIA OR SMALL LYMPHOCYTIC LEUKEMIA IN COMBINATION WITH OBINUTUZUMAB BY ADMINISTERING 100 MG OF ACALABRUTINIB TWICE DAILY"
"U-2688","USE OF VASCEPA TO LOWER TRIGLYCERIDES AND LDL-C IN AN ADULT PATIENT WITH ELEVATED TRIGLYCERIDE (TG) LEVELS (ABOUT 200 MG/DL TO LESS THAN ABOUT 500 MG/DL) AND ON STATIN THERAPY"
"U-2689","USE OF VASCEPA TO TREAT MIXED DYSLIPIDEMIA IN AN ADULT PATIENT WITH ELEVATED TRIGLYCERIDE (TG) LEVELS (>=150 MG/DL) AND ON STATIN THERAPY"
"U-2690","USE OF VASCEPA TO LOWER TRIGLYCERIDES IN AN ADULT PATIENT WITH ELEVATED TRIGLYCERIDE (TG) LEVELS (ABOUT 200 MG/DL TO LESS THAN ABOUT 500 MG/DL) AND ON STATIN THERAPY"
"U-2691","USE OF VASCEPA TO TREAT HYPERTRIGLYCERIDEMIA IN AN ADULT PATIENT WITH ELEVATED TRIGLYCERIDE (TG) LEVELS (>= 150 MG/DL) AND ON STATIN THERAPY"
"U-2692","USE OF VASCEPA TO REDUCE TRIGLYCERIDES IN AN ADULT PATIENT WITH ELEVATED TRIGLYCERIDE (TG) LEVELS (>= 150 MG/DL) AND ON STATIN THERAPY"
"U-2693","USE OF VASCEPA TO REDUCE TRIGLYCERIDES IN A MIXED DYSLIPIDEMIA ADULT PATIENT WITH ELEVATED TRIGLYCERIDE (TG) LEVELS (>= 150 MG/DL) AND ON STATIN THERAPY"
"U-2694","USE OF VASCEPA TO LOWER TRIGLYCERIDES IN A MIXED DYSLIPIDEMIA ADULT PATIENT WITH ELEVATED TRIGLYCERIDE (TG) LEVELS (ABOUT 200 MG/DL TO LESS THAN ABOUT 500 MG/DL) AND ON STATIN THERAPY"
"U-2695","USE OF VASCEPA TO TREAT MIXED HYPERTRIGLYCERIDEMIA IN AN ADULT PATIENT WITH ELEVATED TRIGLYCERIDE (TG) LEVELS (>= 150 MG/DL) AND ON STATIN THERAPY"
"U-2696","USE OF VASCEPA AS AN ADJUNCT TO STATIN THERAPY TO REDUCE THE RISK OF CARDIOVASCULAR DEATH, CORONARY REVASCULARIZATION, AND UNSTABLE ANGINA IN AN ADULT PATIENT WITH ELEVATED TRIGLYCERIDE LEVELS (TG >= 150 MG/DL TO ABOUT 500 MG/DL)"
"U-2697","USE OF VASCEPA AS AN ADJUNCT TO STATIN THERAPY TO REDUCE THE RISK OF CARDIOVASCULAR DEATH AND/OR UNSTABLE ANGINA IN AN ADULT PATIENT WITH ELEVATED TRIGLYCERIDE LEVELS (TG >= 150 MG/DL TO ABOUT 500 MG/DL)"
"U-2698","USE OF VASCEPA AS AN ADJUNCT TO STATIN THERAPY TO REDUCE THE RISK OF CARDIOVASCULAR DEATH AND/OR CORONARY REVASCULARIZATION IN AN ADULT PATIENT WITH ELEVATED TRIGLYCERIDE LEVELS (TG >= 150 MG/DL TO ABOUT 500 MG/DL)"
"U-2699","USE OF VASCEPA AS AN ADJUNCT TO STATIN THERAPY TO REDUCE THE RISK OF A CARDIOVASCULAR EVENT (CORONARY REVASCULARIZATION, UNSTABLE ANGINA, STROKE AND/OR MYOCARDIAL INFARCTION) IN AN ADULT PATIENT WITH ELEVATED TRIGLYCERIDE LEVELS"
"U-2700","USE OF VASCEPA TO REDUCE TRIGLYCERIDES IN AN ADULT PATIENT WITH ELEVATED TRIGLYCERIDE (TG) LEVELS (ABOUT 200 MG/DL TO LESS THAN ABOUT 500 MG/DL) AND ON ROSUVASTATIN THERAPY"
"U-2701","USE OF VASCEPA AS AN ADJUNCT TO STATIN THERAPY TO REDUCE THE RISK OF CORONARY REVASCULARIZATION AND/OR UNSTABLE ANGINA IN AN ADULT PATIENT WITH ELEVATED TRIGLYCERIDE LEVELS (TG >= 150 MG/DL TO ABOUT 500 MG/DL)"
"U-2702","USE OF VASCEPA AS AN ADJUNCT TO STATIN THERAPY TO REDUCE THE RISK OF A CARDIOVASCULAR EVENT (CARDIOVASCULAR DEATH, CORONARY REVASCULARIZATION AND/OR UNSTABLE ANGINA) IN AN ADULT PATIENT WITH ELEVATED TRIGLYCERIDE LEVELS"
"U-2703","USE OF VASCEPA AS AN ADJUNCT TO STATIN THERAPY TO REDUCE THE RISK OF A CV EVENT (CV DEATH, CORONARY REVASCULARIZATION, UNSTABLE ANGINA, STROKE AND/OR MYOCARDIAL INFARCTION) IN AN ADULT PATIENT WITH ELEVATED TRIGLYCERIDE LEVELS AND DIABETES MELLITUS"
"U-2704","USE OF VASCEPA AS AN ADJUNCT TO STATIN THERAPY TO REDUCE THE RISK OF A CARDIOVASCULAR EVENT IN AN ADULT PATIENT WITH ELEVATED TRIGLYCERIDE LEVELS AND AT LEAST ONE RISK FACTOR FOR CARDIOVASCULAR DISEASE"
"U-2705","METHOD OF USING CAPSAICIN IN COMBINATION WITH A GEL COMPOSITION FOR REMOVAL OF CAPSAICIN FROM A TREATMENT AREA OR UNINTENDED AREA"
"U-2706","USE OF VASCEPA AS AN ADJUNCT TO STATIN THERAPY TO REDUCE THE RISK OF ONSET AND/OR RECURRENCE OF CARDIOVASCULAR EVENTS IN A PATIENT WHO HAS ESCAPED THE UNSTABLE PERIOD AFTER CARDIOVASCULAR ANGIOPLASTY"
"U-2707","USE OF VASCEPA AS AN ADJUNCT TO STATIN THERAPY TO REDUCE THE OCCURRENCE OF A CARDIOVASCULAR EVENT IN AN ADULT PATIENT WITH HYPERCHOLESTEROLEMIA"
"U-2708","THE TREATMENT OF PATIENTS WITH METASTATIC CASTRATION-SENSITIVE PROSTATE CANCER"
"U-2709","A METHOD OF TREATING IRON DEFICIENCY ANEMIA IN ADULT PATIENTS WHO HAVE INTOLERANCE TO ORAL IRON OR HAVE HAD UNSATISFACTORY RESPONSE TO ORAL IRON BY INTRAVENOUSLY ADMINISTERING FERRIC CARBOXYMALTOSE"
"U-2710","A METHOD OF TREATING IRON DEFICIENCY ANEMIA IN ADULT PATIENTS WHO HAVE NON-DIALYSIS DEPENDENT CHRONIC KIDNEY DISEASE BY INTRAVENOUSLY ADMINISTERING FERRIC CARBOXYMALTOSE"
"U-2711","A METHOD OF TREATING IRON DEFICIENCY ANEMIA IN ADULT PATIENTS WHO HAVE INTOLERANCE TO ORAL IRON OR HAVE HAD UNSATISFACTORY RESPONSE TO ORAL IRON BY INTRAVENOUSLY ADMINISTERING FERRIC CARBOXYMALTOSE TO PROVIDE 750 MG OF ELEMENTAL IRON"
"U-2712","A METHOD OF TREATING IRON DEFICIENCY ANEMIA IN ADULT PATIENTS WHO HAVE NON-DIALYSIS DEPENDENT CHRONIC KIDNEY DISEASE BY INTRAVENOUSLY ADMINISTERING FERRIC CARBOXYMALTOSE TO PROVIDE 750 MG OF ELEMENTAL IRON"
"U-2713","MODULATION OF 5-HYDROXYTRYPTAMINE 2 RECEPTOR ACTIVITY IN SCHIZOPHRENIA"
"U-2714","TREATMENT OF SCHIZOPHRENIA WITH IMPROVEMENT IN RESIDUAL SYMPTOMS OF SCHIZOPHRENIA"
"U-2715","TREATMENT OF SICKLE CELL DISEASE BY ADMINISTERING VOXELOTOR, AS RECITED IN CLAIM 2"
"U-2716","MAINTENANCE TREATMENT OF DELETERIOUS OR SUSPECTED DELETERIOUS GBRCA-MUTATED METASTATIC PANCREATIC ADENOCARCINOMA WHOSE DISEASE HAS NOT PROGRESSED ON AT LEAST 16 WEEKS OF A FIRST-LINE PLATINUM-BASED CHEMOTHERAPY REGIMEN"
"U-2717","ACUTE TREATMENT OF MIGRAINE WITH HEADACHE, WITH OR WITHOUT AURA IN ADULTS"
"U-2718","ACUTE TREATMENT OF MIGRAINE WITH OR WITHOUT AURA IN ADULTS"
"U-2719","TREATMENT OF RELAPSING REMITTING MULTIPLE SCLEROSIS BY DETERMINING VARICELLA ZOSTER VIRUS (VZV) STATUS AND VACCINATING PRIOR TO COMMENCING TREATMENT"
"U-2720","ANTIMYCOTIC USES, SPECIFICALLY TREATMENT OF ONYCHOMYCOSIS; TOPICAL TREATMENT OF THE TOENAIL(S) DUE TO TRICHOPHYTON RUBRUM AND TRICHOPHYTON MENTAGROPHYTES"
"U-2721","TOPICAL TREATMENT OF TINEA UNGUIUM BY USING AN APPLICATOR FOR APPLYING A SOLUTION FOR TREATING TINEA UNGUIUM TO AN AFFECTED PART OF A PATIENT"
"U-2722","METHOD OF INTRAVENOUSLY ADMINISTERING A DILUTED CYSTEINE HYDROCHLORIDE SOLUTION TO A NEONATE IN NEED THEREOF"
"U-2723","MAINTENANCE MONOTHERAPY TREATMENT OF BIPOLAR 1 DISORDER"
"U-2724","A METHOD OF ORAL DELIVERY OF TREPROSTINIL COMPRISING ADMINISTERING AN ORAL OSMOTIC PHARMACEUTICAL DOSAGE FORM"
"U-2725","A METHOD OF TREATING PULMONARY HYPERTENSION AND PULMONARY ARTERIAL HYPERTENSION BY ADMINISTERING AN ORAL OSMOTIC PHARMACEUTICAL DOSAGE FORM"
"U-2726","TREATMENT OF UNRESECTABLE OR METASTATIC GASTROINTESTINAL STROMAL TUMOR (GIST) HARBORING A PLATELET-DERIVED GROWTH FACTOR RECEPTOR ALPHA (PDGFRA) EXON 18 MUTATION"
"U-2727","NASAL ADMINISTRATION OF DIAZEPAM FOR TREATMENT OF INTERMITTENT, STEREOTYPIC EPISODES OF FREQUENT SEIZURE ACTIVITY IN PATIENTS 6 YEARS OF AGE AND OLDER"
"U-2728","USE OF PEMETREXED WITH PRIOR AND/OR REPEATED VITAMIN B12 AND FOLIC ACID ADMINISTRATION IN PATIENTS WITH NON-SQUAMOUS NON-SMALL CELL LUNG CANCER"
"U-2729","USE OF PEMETREXED WITH PRIOR AND/OR REPEATED VITAMIN B12 AND FOLIC ACID ADMINISTRATION IN PATIENTS WITH MESOTHELIOMA"
"U-2730","METHOD OF TREATING TYPE 2 DIABETES MELLITUS USING A PHARMACEUTICAL COMPOSITION COMPRISING EMPAGLIFLOZIN, LINAGLIPTIN AND METFORMIN"
"U-2731","METHOD OF TREATING TYPE 2 DIABETES MELLITUS IN A PATIENT WITH RENAL IMPAIRMENT (45 ML/MIN/1.73 M2<=EGFR<60 ML/MIN/1.73 M2) BY ONCE DAILY ADMINISTRATION OF 10 MG OR 25 MG OF EMPAGLIFLOZIN IN COMBINATION WITH LINAGLIPTIN AND METFORMIN"
"U-2732","METHOD OF TREATING TYPE 2 DIABETES USING A PHARMACEUTICAL COMPOSITION COMPRISING LINAGLIPTIN, METFORMIN, EMPAGLIFLOZIN AND A BASIC AMINO ACID"
"U-2733","METHOD OF TREATING A TYPE 2 DIABETES MELLITUS PATIENT WITH INSUFFICIENT GLYCEMIC CONTROL DESPITE THERAPY WITH METFORMIN USING A PHARMACEUTICAL COMPOSITION COMPRISING EMPAGLIFLOZIN, LINAGLIPTIN AND METFORMIN"
"U-2734","METHOD OF TREATMENT OF IRON DEFICIENCY ANEMIA IN ADULT PATIENTS WHO HAVE INTOLERANCE TO ORAL IRON OR HAVE HAD UNSATISFACTORY RESPONSE TO ORAL IRON, WHO HAVE NON-HEMODIALYSIS DEPENDENT CHRONIC KIDNEY DISEASE, BY ADMINISTERING FERRIC DERISOMALTOSE"
"U-2735","MANAGEMENT OF MODERATE TO SEVERE PAIN ASSOCIATED WITH ENDOMETRIOSIS USING 150MG ELAGOLIX WHILE CO-ADMINISTERING RIFAMPIN"
"U-2736","METHOD OF TREATING EPITHELIOID SARCOMA"
"U-2737","METHOD OF TREATING EPITHELIOID SARCOMA BY INHIBITING ENHANCER OF ZESTE HOMOLOG 2 (EZH2)"
"U-2738","METHOD OF TREATING A LUNG METASTASIS OF EPITHELIOID SARCOMA"
"U-2739","INCREASING BLOOD PRESSURE WITH AN INITIAL RATE OF ABOUT 20 NG/KG/MIN ANGIOTENSIN II IN A HUMAN SUBJECT HAVING SEPTIC SHOCK, AND TITRATING THE RATE UP."
"U-2740","INCREASING BLOOD PRESSURE WITH A RATE OF ABOUT 20 NG/KG/MIN TO ABOUT 40 NG/KG/MIN ANGIOTENSIN II IN A HUMAN SUBJECT HAVING SEPTIC SHOCK"
"U-2741","TREATMENT OF CLOSTRIDIOIDES DIFFICILE-ASSOCIATED DIARRHEA (CDAD) IN PATIENTS FROM 6 MONTHS OF AGE AND OLDER"
"U-2742","TREATMENT OF SEVERE HYPOGLYCEMIA"
"U-2743","USE OF VASCEPA AS AN ADJUNCT TO STATIN THERAPY TO REDUCE THE RISK OF UNSTABLE ANGINA IN AN ADULT PATIENT WITH ESTABLISHED CARDIOVASCULAR DISEASE"
"U-2744","USE OF VASCEPA AS AN ADJUNCT TO STATIN THERAPY TO REDUCE THE RISK OF STROKE IN AN ADULT PATIENT WITH ESTABLISHED CARDIOVASCULAR DISEASE"
"U-2745","TREATMENT OF NEUROBLASTOMAS THAT HAVE A NEUROTROPHIC TYROSINE RECEPTOR KINASE (NTRK) GENE FUSION"
"U-2746","USE OF NEXLIZET AS AN ADJUNCT TO DIET AND MAXIMALLY TOLERATED STATIN THERAPY TO LOWER LDL-C IN ADULTS WITH HETEROZYGOUS FAMILIAL HYPERCHOLESTEROLEMIA OR ESTABLISHED ATHEROSCLEROTIC CARDIOVASCULAR DISEASE"
"U-2747","USE OF NEXLETOL AS AN ADJUNCT TO DIET AND MAXIMALLY TOLERATED STATIN THERAPY TO LOWER LDL-C IN ADULTS WITH HETEROZYGOUS FAMILIAL HYPERCHOLESTEROLEMIA OR ESTABLISHED ATHEROSCLEROTIC CARDIOVASCULAR DISEASE"
"U-2748","USE OF NEXLETOL AS AN ADJUNCT TO DIET AND MAXIMALLY TOLERATED STATIN THERAPY FOR INHIBITING CHOLESTEROL SYNTHESIS TO LOWER LDL-C IN ADULTS WITH HETEROZYGOUS FAMILIAL HYPERCHOLESTEROLEMIA OR ESTABLISHED ATHEROSCLEROTIC CARDIOVASCULAR DISEASE"
"U-2749","USE OF NEXLIZET AS AN ADJUNCT TO DIET AND MAXIMALLY TOLERATED STATIN THERAPY FOR INHIBITING CHOLESTEROL SYNTHESIS TO LOWER LDL-C IN ADULTS WITH HETEROZYGOUS FAMILIAL HYPERCHOLESTEROLEMIA OR ESTABLISHED ATHEROSCLEROTIC CARDIOVASCULAR DISEASE"
"U-2750","MANAGEMENT OF MODERATE-TO-SEVERE PAIN BY INTRAVENOUS INJECTION"
"U-2751","A TRANSDERMAL METHOD OF CONTRACEPTION"
"U-2752","METHOD OF USING L-CYSTEINE IN AN ADMIXTURE FOR TREATING PATIENTS NEEDING PARENTERAL NUTRITION"
"U-2753","INCREASING SURVIVAL IN METASTATIC CASTRATION-RESISTANT PROSTATE CANCER PATIENTS PREVIOUSLY TREATED WITH DOCETAXEL BY ADMINISTERING AS A 3 WEEK CYCLE CABAZITAXEL AFTER 5 MG DEXCHLORPHENIRAMINE, 8 MG DEXAMETHASONE, AND AN H2-ANTAGONIST"
"U-2754","TREATMENT OF POST-OPERATIVE NAUSEA AND VOMITING"
"U-2755","OCULAR EXAMINATION, INTRAOCULAR PRESSURE MEASUREMENT, OR REMOVAL OF FOREIGN BODIES OR SUTURES, IN ADULT AND PEDIATRIC PATIENTS REQUIRING A DISCLOSING AGENT IN COMBINATION WITH A TOPICAL OPHTHALMIC ANESTHETIC"
"U-2756","USE OF VASCEPA AS AN ADJUNCT TO STATIN THERAPY TO REDUCE THE RISK OF CARDIOVASCULAR DEATH IN AN ADULT PATIENT WITH ESTABLISHED CARDIOVASCULAR DISEASE"
"U-2757","DOSING REGIMEN FOR THE TREATMENT OF SCHIZOPHRENIA IN ADULTS BY ADMINISTERING TWO LOADING DOSES OF PALIPERIDONE PALMITATE FOLLOWED BY MAINTENANCE DOSE(S)"
"U-2758","DOSING REGIMEN FOR THE TREATMENT OF SCHIZOAFFECTIVE DISORDER IN ADULTS AS A MONOTHERAPY AND AS AN ADJUNCT TO MOOD STABILIZERS OR ANTIDEPRESSANTS BY ADMINISTERING TWO LOADING DOSES OF PALIPERIDONE PALMITATE FOLLOWED BY MAINTENANCE DOSE(S)"
"U-2759","REDUCTION OF INTRAOCULAR PRESSURE (IOP) IN PATIENTS WITH OPEN ANGLE GLAUCOMA(OAG) OR OCULAR HYPERTENSION (OHT) WITH A BIODEGRADABLE BIMATOPROST IMPLANT"
"U-2760","TOPICAL TREATMENT OF ACNE VULGARIS IN PATIENTS 12 YEARS OF AGE OR OLDER"
"U-2761","INTRAVENOUS SOTALOL DOSING REGIMEN FOR ACHIEVING STEADY STATE CONCENTRATION (EXPOSURE) FASTER COMPARED TO THE CONVENTIONAL ORAL DOSING IN A FACILITY THAT CAN PROVIDE ELECTROCARDIOGRAPHIC MONITORING"
"U-2762","USE OF VASCEPA AS AN ADJUNCT TO STATIN THERAPY TO REDUCE THE RISK OF A MAJOR CARDIOVASCULAR EVENT IN AN ADULT PATIENT WITH DIABETES MELLITUS AND TWO OR MORE ADDITIONAL RISK FACTORS FOR CARDIOVASCULAR DISEASE"
"U-2763","METHOD OF TREATING ADULTS WITH SCHIZOPHRENIA COMPRISING ADMINISTERING ASENAPINE VIA A TRANSDERMAL PATCH"
"U-2764","TREATMENT OF POST-OPERATIVE INFLAMMATION AND PAIN FOLLOWING OCULAR SURGERY"
"U-2765","TREATMENT OF HIV-1 INFECTION IN ADULTS AND PEDIATRIC PATIENTS WEIGHING AT LEAST 40 KG WHO HAVE NO PRIOR ANTIRETROVIRAL TREATMENT HISTORY OR ARE VIROLOGICALLY SUPPRESSED ON A STABLE ANTIRETROVIRAL REGIMEN FOR AT LEAST 6 MONTHS"
"U-2766","TX OF HIV1 INFECTION USING A COMPOSITION CONTAINING A PK ENHANCER THAT INHIBITS CY P450 MONOXYGENASE IN ADULTS & PEDIATRIC PATIENTS AT LEAST 40KG HAVING NO PRIOR ARV TX HISTORY OR ARE VIROLOGICALLY SUPPRESSED ON A STABLE ARV REGIMEN FOR AT LEAST 6 MO"
"U-2767","TREATMENT OF HIV-1 INFECTION USING A COMPOSITION CONTAINING A PK ENHANCER THAT INHIBITS CY P450 MONOXYGENASE IN ADULTS AND PEDIATRIC PATIENTS WEIGHING AT LEAST 40KG WHO HAVE NO PRIOR ARV TREATMENT HISTORY"
"U-2768","TREATMENT OF HIV-1 INFECTION USING A COMPOSITION CONTAINING A PK ENHANCER THAT INHIBITS CY P450 MONOXYGENASE IN ADULTS AND PEDIATRIC PATIENTS WEIGHING AT LEAST 40KG WHO ARE VIROLOGICALLY SUPPRESSED ON A STABLE ARV REGIMEN FOR AT LEAST 6 MONTHS"
"U-2769","DOSING REGIMEN FOR INTRAVENOUS SOTALOL FOR ADMINISTRATION IN A FACILITY THAT CAN PROVIDE CONTINUOUS ELECTROCARDIOGRAPHIC MONITORING AND CARDIAC RESUSCITATION."
"U-2770","CUSHING'S DISEASE"
"U-2771","TREATMENT OF MODERATE TO SEVERE PLAQUE PSORIASIS IN PATIENTS 18 YEARS OF AGE OR OLDER"
"U-2772","MAINTENANCE TREATMENT OF CHRONIC PULMONARY DISEASE (COPD)"
"U-2774","TREATMENT OF RELAPSING FORMS OF MULTIPLE SCLEROSIS (MS), TO INCLUDE CLINICALLY ISOLATED SYNDROME, RELAPSING-REMITTING DISEASE, AND ACTIVE SECONDARY PROGRESSIVE DISEASE, IN ADULTS"
"U-2775","TREATMENT OF A TYPE 2 DIABETES MELLITUS PATIENT WITH INSUFFICIENT GLYCEMIC CONTROL DESPITE METFORMIN THERAPY USING A COMPOSITION COMPRISING AN EXTENDED RELEASE CORE COMPRISING METFORMIN AND AN OUTER COATING COMPRISING EMPAGLIFLOZIN"
"U-2776","TREATMENT OF A TYPE 2 DIABETES MELLITUS PATIENT WITH INSUFFICIENT GLYCEMIC CONTROL DESPITE METFORMIN THERAPY USING A COMPOSITION COMPRISING AN EXTENDED RELEASE CORE COMPRISING METFORMIN AND AN OUTER COATING COMPRISING EMPAGLIFLOZIN AND LINAGLIPTIN"
"U-2777","TREATMENT OF CYSTIC FIBROSIS IN PATIENTS 6 YEARS AND OLDER WHO ARE HOMOZYGOUS FOR THE F508DEL MUTATION IN THE CFTR GENE USING A PHARMACEUTICAL COMPOSITION ACCORDING TO CLAIM 2 OF U.S. PATENT NO. 10,597,384, FURTHER COMPRISING IVACAFTOR"
"U-2778","TREATMENT OF CYSTIC FIBROSIS IN PATIENTS 2 TO 5 YEARS OLD WHO ARE HOMOZYGOUS FOR THE F508DEL MUTATION IN THE CFTR GENE USING A PHARMACEUTICAL COMPOSITION ACCORDING TO CLAIM 2 OF U.S. PATENT NO. 10,597,384, FURTHER COMPRISING IVACAFTOR"
"U-2779","TREATMENT OF SPASTICITY"
"U-2780","USE FOR THE TREATMENT OF SEIZURES IN PATIENTS WITH LENNOX-GASTAUT SYNDROME"
"U-2781","USE FOR THE TREATMENT OF SEIZURES IN PATIENTS WITH DRAVET SYNDROME"
"U-2782","USE FOR REDUCING CONVULSIVE SEIZURE FREQUENCY IN PATIENTS WITH LENNOX GASTAUT SYNDROME"
"U-2783","USE FOR REDUCING CONVULSIVE SEIZURE FREQUENCY IN PATIENTS WITH DRAVET SYNDROME"
"U-2784","A METHOD OF TREATING A CANCER CHARACTERIZED BY AN IDH1 MUTATION WHERE THE CANCER IS RELAPSED OR REFRACTORY ACUTE MYELOID LEUKEMIA (AML) AND WHERE THE MUTANT IDH1 HAS THE ABILITY TO CONVERT ALPHA-KETOGLUTARATE INTO 2-HYDROXYGLUTARATE (2-HG)"
"U-2785","A METHOD OF TREATING A CANCER CHARACTERIZED BY AN IDH1 MUTATION WHERE THE CANCER IS NEWLY DIAGNOSED ACUTE MYELOID LEUKEMIA (AML) AND WHERE THE MUTANT IDH1 HAS THE ABILITY TO CONVERT ALPHA-KETOGLUTARATE INTO 2-HYDROXYGLUTARATE (2-HG)"
"U-2786","METHOD OF PREVENTING PREGNANCY BY INSERTING A VAGINAL SYSTEM CONTAINING 103 MG OF SEGESTERONE ACETATE AND 17.4 MG ETHINYL ESTRADIOL INTO A VAGINA FOR UP TO THIRTEEN 21/7-DAY (IN/OUT) CYCLES"
"U-2787","METHOD OF CONTRACEPTION BY INSERTING A VAGINAL SYSTEM FOR UP TO 13 21/7-DAY (IN/OUT) CYCLES, WHEREIN EFFICACY REQUIRES THE SYSTEM CANNOT BE OUT OF THE VAGINA FOR MORE THAN 2 CUMULATIVE HOURS IN ANY SUCH CYCLE WITHOUT USING ALTERNATIVE CONTRACEPTION"
"U-2788","TREATMENT OF BREAST CANCER INCLUDING HER2 (ERBB2)-POSITIVE OR -OVEREXPRESSING BREAST CANCER"
"U-2789","POTASSIUM PHOSPHATES INJECTION IS INDICATED AS A SOURCE OF PHOSPHORUS IN INTRAVENOUS FLUIDS TO CORRECT HYPOPHOSPHATEMIA IN ADULTS AND PEDIATRIC PATIENTS 12 YEARS OF AGE AND OLDER"
"U-2790","TREATMENT OF A TREATMENT-NAIVE PATIENT WITH INADEQUATELY CONTROLLED TYPE 2 DIABETES USING A COMPOSITION COMPRISING AN EXTENDED RELEASE CORE COMPRISING METFORMIN AND AN OUTER COATING COMPRISING EMPAGLIFLOZIN AND LINAGLIPTIN"
"U-2791","TREATMENT OF ADULT PATIENTS WITH INSOMNIA, CHARACTERIZED BY DIFFICULTIES WITH SLEEP ONSET AND/OR SLEEP MAINTENANCE"
"U-2792","TREATMENT OF A TREATMENT-NAÏVE PATIENT WITH INADEQUATELY CONTROLLED TYPE 2 DIABETES USING A COMPOSITION COMPRISING AN EXTENDED RELEASE CORE COMPRISING METFORMIN AND AN OUTER COATING COMPRISING EMPAGLIFLOZIN"
"U-2793","A METHOD FOR DELIVERING NITRIC OXIDE TO A PATIENT WITH PULMONARY HYPERTENSION OR HYPOXIA"
"U-2794","TREATMENT OF TYPE 2 DIABETES MELLITUS WITH 100 MG CANAGLIFLOZIN PER DAY"
"U-2795","TREATMENT OF TYPE 2 DIABETES MELLITUS WITH 300 MG CANAGLIFLOZIN PER DAY"
"U-2796","REDUCTION OF RISK OF MAJOR ADVERSE CARDIOVASCULAR EVENTS IN THE TREATMENT OF TYPE 2 DIABETES MELLITUS PATIENTS WITH 100 MG CANAGLIFLOZIN PER DAY"
"U-2797","REDUCTION OF RISK OF MAJOR ADVERSE CARDIOVASCULAR EVENTS IN THE TREATMENT OF TYPE 2 DIABETES MELLITUS PATIENTS WITH 300 MG CANAGLIFLOZIN PER DAY"
"U-2798","REDUCTION OF RISK OF END STAGE KIDNEY DISEASE, DOUBLING OF SERUM CREATININE, CARDIOVASCULAR DEATH, AND HOSPITALIZATION FOR HEART FAILURE IN THE TREATMENT OF TYPE 2 DIABETES MELLITUS PATIENTS WITH 100 MG CANAGLIFLOZIN PER DAY"
"U-2799","REDUCTION OF RISK OF END STAGE KIDNEY DISEASE, DOUBLING OF SERUM CREATININE, CARDIOVASCULAR DEATH, AND HOSPITALIZATION FOR HEART FAILURE IN THE TREATMENT OF TYPE 2 DIABETES MELLITUS PATIENTS WITH 300 MG CANAGLIFLOZIN PER DAY"
"U-2800","TREATMENT OF PEDIATRIC PATIENTS 2 YEARS OF AGE AND OLDER WITH NEUROFIBROMATOSIS TYPE 1 (NF1) WHO HAVE SYMPTOMATIC, INOPERABLE PLEXIFORM NEUROFIBROMAS (PN)"
"U-2801","METHOD OF IRON ADMINISTRATION TO TREAT PATIENTS IN NEED OF IRON REPLACEMENT THERAPY"
"U-2802","BRAFTOVI IS A KINASE INHIBITOR INDICATED IN COMBINATION WITH CETUXIMAB, FOR THE TREATMENT OF ADULT PATIENTS WITH METASTATIC COLORECTAL CANCER (CRC) WITH A BRAF V600E MUTATION, AS DETECTED BY AN FDA-APPROVED TEST, AFTER PRIOR THERAPY"
"U-2803","BRAFTOVI IS A KINASE INHIBITOR INDICATED IN COMBINATION WITH BINIMETINIB, FOR THE TREATMENT OF PATIENTS WITH UNRESECTABLE OR METASTATIC MELANOMA WITH A BRAF V600E OR V600K MUTATION, AS DETECTED BY AN FDA- APPROVED TEST"
"U-2804","A METHOD FOR THE IMPROVEMENT OF NEUROLOGICAL OUTCOME BY REDUCING THE INCIDENCE AND SEVERITY OF ISCHEMIC DEFICITS IN ADULT PATIENTS WITH SUBARACHNOID HEMORRHAGE (SAH) FROM RUPTURED INTRACRANIAL BERRY ANEURYSMS"
"U-2805","TREATMENT OF NON-24 HOUR SLEEP-WAKE DISORDER BY ADMINISTERING TASIMELTEON TO PATIENTS WITH A SMOKING HISTORY"
"U-2806","TREATMENT OF NON-24 HOUR SLEEP-WAKE DISORDER BY AVOIDING THE ADMINISTRATION OF FOOD"
"U-2807","TREATMENT OF MODERATE TO SEVERE MIGRAINE PAIN WITH PAIN FREE AT 2 HOURS POST ADMINISTRATION"
"U-2808","TREATMENT OF DYSKINESIA, DECREASING OFF TIME, AND INCREASING ON TIME WITHOUT TROUBLESOME DYSKINESIA IN PATIENTS WITH PARKINSON'S DISEASE RECEIVING LEVODOPA-BASED THERAPY, WITH OR WITHOUT CONCOMITANT DOPAMINERGIC MEDICATIONS"
"U-2809","FOR THE TREATMENT OF PREVIOUSLY TREATED, UNRESECTABLE LOCALLY ADVANCED OR METASTATIC CHOLANGIOCARCINOMA WITH A FIBROBLAST GROWTH FACTOR RECEPTOR 2 (FGFR2) FUSION OR OTHER REARRANGEMENT"
"U-2810","METHOD OF SUPPORTING EMBRYO IMPLANTATION AND EARLY PREGNANCY BY SUPPLEMENTATION OF CORPUS LUTEAL FUNCTION AS PART OF AN ASSISTED REPRODUCTIVE TECHNOLOGY (ART) TREATMENT PROGRAM FOR INFERTILE WOMEN"
"U-2811","METHOD OF TREATING PARKINSON'S DISEASE"
"U-2812","ADJUNCTIVE TREATMENT TO LEVODOPA/CARBIDOPA IN PATIENTS WITH PARKINSON'S DISEASE"
"U-2813","USE FOR THE TREATMENT OF PATIENTS WITH METASTATIC NON-SMALL CELL LUNG CANCER (NSCLC) WITH A MESENCHYMAL-EPITHELIAL TRANSITION (MET) EXON 14 SKIPPING MUTATION"
"U-2814","A METHOD OF PROPHYLACTIC TREATMENT OF GOUT FLARES IN ADULTS COMPRISES ADMINISTERING TO A PATIENT A LIQUID COLCHICINE ORAL SOLUTION"
"U-2815","MEASURING TIME-VARYING CHANGE IN BLOOD IN A TISSUE VOLUME USING MODIFIED BEER-LAMBERT LAW IN VASCULAR, GASTROINTESTINAL, ORGAN TRANSPLANT, AND PLASTIC, MICRO- AND RECONSTRUCTIVE, INCLUDING MINIMALLY INVASIVE, SURGERY"
"U-2816","METHOD FOR TREATING INFLUENZA"
"U-2817","METHOD OF INHIBITING COMT IN THE PERIPHERY"
"U-2818","METHOD OF REDUCING O-METHYLATION OF L-DOPA"
"U-2819","MAINTENANCE TREATMENT WITH BEVACIZUMAB OF ADV. EPITHELIAL OVARIAN CANCER IN COMPLETE OR PARTIAL RESPONSE TO FIRST-LINE PLATINUM CHEMOTHERAPY AND HOMOLOGOUS RECOMBINATION DEFICIENCY-POSITIVE WITH A DELETERIOUS OR SUSPECTED DELETERIOUS BRCA MUTATION"
"U-2820","MAINTENANCE TREATMENT WITH BEVACIZUMAB OF ADV. EPITHELIAL OVARIAN CANCER IN COMPLETE OR PARTIAL RESPONSE TO FIRST-LINE PLATINUM CHEMOTHERAPY AND HOMOLOGOUS RECOMBINATION DEFICIENCY-POSITIVE WITH GENOMIC INSTABILITY"
"U-2821","MAINTENANCE TREATMENT WITH BEVACIZUMAB OF FALLOPIAN TUBE CANCER IN COMPLETE OR PARTIAL RESPONSE TO FIRST-LINE PLATINUM CHEMOTHERAPY AND HOMOLOGOUS RECOMBINATION DEFICIENCY-POSITIVE WITH A DELETERIOUS OR SUSPECTED DELETERIOUS BRCA MUTATION"
"U-2822","MAINTENANCE TREATMENT WITH BEVACIZUMAB OF FALLOPIAN TUBE CANCER IN COMPLETE OR PARTIAL RESPONSE TO FIRST-LINE PLATINUM CHEMOTHERAPY AND HOMOLOGOUS RECOMBINATION DEFICIENCY-POSITIVE WITH GENOMIC INSTABILITY"
"U-2823","MAINTENANCE TREATMENT WITH BEVACIZUMAB OF PRIMARY PERITONEAL CANCER IN COMPLETE OR PARTIAL RESPONSE TO FIRST-LINE PLATINUM CHEMOTHERAPY AND HOMOLOGOUS RECOMBINATION DEFICIENCY-POSITIVE WITH A DELETERIOUS OR SUSPECTED DELETERIOUS BRCA MUTATION"
"U-2824","MAINTENANCE TREATMENT WITH BEVACIZUMAB OF PRIMARY PERITONEAL CANCER IN COMPLETE OR PARTIAL RESPONSE TO FIRST-LINE PLATINUM CHEMOTHERAPY AND HOMOLOGOUS RECOMBINATION DEFICIENCY-POSITIVE WITH GENOMIC INSTABILITY"
"U-2825","TREATMENT OF 'OFF' EPISODES IN PATIENTS WITH PARKINSON'S DISEASE"
"U-2826","TREATMENT OF ADULT PATIENTS WITH METASTATIC RET FUSION-POSITIVE NON-SMALL CELL LUNG CANCER"
"U-2827","TREATMENT OF ADULT AND PEDIATRIC PATIENTS 12 YEARS OF AGE AND OLDER WITH ADVANCED OR METASTATIC RET-MUTANT MEDULLARY THYROID CANCER (MTC) WHO REQUIRE SYSTEMIC THERAPY"
"U-2828","TREATMENT OF ADULT AND PEDIATRIC PATIENTS 12 YEARS OF AGE AND OLDER WITH ADVANCED OR METASTATIC RET FUSION-POSITIVE THYROID CANCER WHO REQUIRE SYSTEMIC THERAPY AND WHO ARE RADIOACTIVE IODINE REFRACTORY (IF RADIOACTIVE IODINE IS APPROPRIATE)"
"U-2829","TREATMENT OF GASTROINTESTINAL STROMAL TUMORS"
"U-2830","A METHOD FOR TREATING METASTATIC CASTRATION-RESISTANT PROSTATE CANCER (MCRPC), WHEREIN THE CANCER IS ASSOCIATED WITH A DELETERIOUS BRCA-MUTATION"
"U-2831","TREATMENT OF PARTIAL-ONSET SEIZURES IN A PATIENT WITH REFRACTORY PARTIAL-ONSET SEIZURES"
"U-2832","TREATMENT OF DELETERIOUS OR SUSPECTED DELETERIOUS GERMLINE OR SOMATIC HOMOLOGOUS RECOMBINATION REPAIR GENE-MUTATED METASTATIC CASTRATION-RESISTANT PROSTATE CANCER, WHICH HAS PROGRESSED FOLLOWING PRIOR TREATMENT WITH ENZALUTAMIDE OR ABIRATERONE"
"U-2833","TREATMENT OF DELETERIOUS OR SUSPECTED DELETERIOUS GERMLINE OR SOMATIC BRCA-MUTATED METASTATIC CASTRATION-RESISTANT PROSTATE CANCER, WHICH HAS PROGRESSED FOLLOWING PRIOR TREATMENT WITH ENZALUTAMIDE OR ABIRATERONE"
"U-2834","TREATMENT OF ADULTS WITH PERSISTENT/RECURRENT CHRONIC THROMBOEMBOLIC PULMONARY HYPERTENSION (CTEPH), (WHO GROUP 4) AFTER SURGICAL TREATMENT, OR INOPERABLE CTEPH, TO IMPROVE EXERCISE CAPACITY AND WHO FUNCTIONAL CLASS"
"U-2835","TREATMENT OF ADULTS WITH PULMONARY HYPERTENSION (PAH), (WHO GROUP 1), TO IMPROVE EXERCISE CAPACITY, WHO FUNCTIONAL CLASS AND TO DELAY CLINICAL WORSENING"
"U-2836","TREATMENT OF ADULT PATIENTS WITH SMALL CELL LUNG CANCER (SCLC) WITH DISEASE PROGRESSION ON OR AFTER PLATINUM-BASED CHEMOTHERAPY."
"U-2837","TREATMENT OF ANAPLASTIC LYMPHOMA KINASE (ALK)-POSITIVE METASTATIC NON-SMALL CELL LUNG CANCER (NSCLC)"
"U-2838","REDUCTION OF THE RATE OF A FIRST MYOCARDIAL INFARCTION OR STROKE IN PATIENTS WITH CORONARY ARTERY DISEASE AT HIGH RISK FOR SUCH EVENTS"
"U-2839","TREATMENT OF MYOCARDIAL INFARCTION OR STROKE IN PATIENTS WITH CORONARY ARTERY DISEASE AT HIGH RISK FOR SUCH EVENTS"
"U-2840","TREATMENT OF HOSPITAL-ACQUIRED BACTERIAL PNEUMONIA AND VENTILATOR-ASSOCIATED BACTERIAL PNEUMONIA (HABP/VABP)"
"U-2841","USE OF VASCEPA WITH HIGH INTENSITY STATIN THERAPY TO REDUCE THE RISK OF A CV EVENT IN AN ADULT PATIENT WITH ELEVATED TRIGLYCERIDE LEVELS AND (1) ESTABLISHED CV DISEASE, OR (2) DIABETES MELLITUS AND TWO OR MORE ADDITIONAL RISK FACTORS FOR CV DISEASE"
"U-2842","MANAGEMENT OF HEAVY MENSTRUAL BLEEDING ASSOCIATED WITH UTERINE LEIOMYOMAS (FIBROIDS)"
"U-2843","NASAL ADMINISTRATION OF METOCLOPRAMIDE FOR TREATMENT OF DIABETIC GASTROPARESIS"
"U-2844","IN COMBINATION WITH PEMBROLIZUMAB FOR THE FIRST-LINE TREATMENT OF PATIENTS WITH ADVANCED RENAL CELL CARCINOMA"
"U-2845","A METHOD OF TREATING A HUMAN PATIENT SUFFERING FROM PULMONARY HYPERTENSION"
"U-2846","TREATMENT OF CHRONIC GRAFT VERSUS HOST DISEASE REFRACTORY TO SYSTEMIC THERAPY"
"U-2847","REDUCTION IN RISK OF OVERT HEPATIC ENCEPHALOPATHY (HE) RECURRENCE IN ADULTS"
"U-2848","TREATMENT OF TRAVELERS' DIARRHEA (TD) CAUSED BY NONINVASIVE STRAINS OF ESCHERIA COLI IN ADULT AND PEDIATRIC PATIENTS 12 YEARS OF AGE AND OLDER"
"U-2849","METHOD OF TREATING BLEPHAROPTOSIS"
"U-2850","MANAGEMENT OF MODERATE TO SEVERE PAIN ASSOCIATED WITH ENDOMETRIOSIS USING 150 MG ELAGOLIX WHILE CO-ADMINISTERING KETOCONAZOLE"
"U-2851","METHOD OF TREATING RELAPSED OR REFRACTORY FOLLICULAR LYMPHOMA POSITIVE FOR AN ENHANCER OF ZESTE HOMOLOG 2 (EZH2) MUTATION BY INHIBITING EZH2"
"U-2852","METHOD OF TREATING RELAPSED OR REFRACTORY FOLLICULAR LYMPHOMA POSITIVE FOR AN ENHANCER OF ZESTE HOMOLOG 2 (EZH2) MUTATION"
"U-2853","METHOD OF TREATING RELAPSED OR REFRACTORY FOLLICULAR LYMPHOMA"
"U-2854","METHOD OF TREATING RELAPSED OR REFRACTORY FOLLICULAR LYMPHOMA BY INHIBITING EZH2"
"U-2855","XPOVIO IS INDICATED FOR THE TREATMENT OF ADULT PATIENTS WITH RELAPSED OR REFRACTORY DIFFUSE LARGE B-CELL LYMPHOMA (DLBCL), NOT OTHERWISE SPECIFIED, INCLUDING DLBCL ARISING FROM FOLLICULAR LYMPHOMA, AFTER AT LEAST 2 LINES OF SYSTEMIC THERAPY"
"U-2856","INCREASING SURVIVAL IN METASTATIC CASTRATION-RESISTANT PROSTATE CANCER PATIENTS PREVIOUSLY TREATED WITH DOCETAXEL BY ADMINISTERING 20 TO 25 MG/M2 CABAZITAXEL AFTER A PREMEDICATION REGIMEN THAT INCLUDES AN H2-ANTAGONIST"
"U-2857","USE OF ORAL OCTREOTIDE FOR LONG-TERM MAINTENANCE TREATMENT IN ACROMEGALY PATIENTS WHO HAVE RESPONDED TO AND TOLERATED TREATMENT WITH OCTREOTIDE OR LANREOTIDE"
"U-2858","USE IN COMBINATION WITH STIRIPENTOL, VALPROATE, AND CLOBAZAM FOR THE TREATMENT OF SEIZURES ASSOCIATED WITH DRAVET SYNDROME"
"U-2859","USE OF CARDIAC MONITORING AND RESTRICTED DISTRIBUTION OF FENFLURAMINE TO MITIGATE RISK OF CARDIOVASCULAR TOXICITY IN THE TREATMENT OF SEIZURES ASSOCIATED WITH DRAVET SYNDROME"
"U-2860","USE IN COMBINATION WITH STIRIPENTOL FOR THE TREATMENT OF SEIZURES ASSOCIATED WITH DRAVET SYNDROME"
"U-2861","USE IN COMBINATION WITH CANNABIDIOL FOR THE TREATMENT OF SEIZURES ASSOCIATED WITH DRAVET SYNDROME"
"U-2862","USE FOR THE TREATMENT OF FOCAL SEIZURES IN PATIENTS WITH DRAVET SYNDROME"
"U-2863","TOPICAL TREATMENT OF HEAD LICE INFESTATION IN PATIENTS 6 MONTHS OF AGE AND OLDER"
"U-2864","METHOD FOR INHIBITING CYTIDINE DEAMINASE BY ADMINISTERING CEDAZURIDINE"
"U-2865","TREATMENT OF MYELODYSPLASTIC SYNDROME"
"U-2866","TREATMENT OF CHRONIC MYELOMONOCYTIC LEUKEMIA"
"U-2867","METHOD FOR INHIBITING DEGRADATION OF A CDA SUBSTRATE BY ADMINISTERING CEDAZURIDINE"
"U-2868","TREATMENT OF NON-INFECTIOUS UVEITIS AFFECTING THE POSTERIOR SEGMENT OF THE EYE"
"U-2869","IV ADMINISTRATION OF CANGRELOR BEFORE PCI AND CONTINUOUS INFUSION FOR AT LEAST 2 HOURS OR THE DURATION OF THE PCI AND, DURING OR AFTER THE CONTINUOUS INFUSION, ADMINISTRATION OF A LOADING DOSE OF TICAGRELOR OR AN EQUIVALENT THERAPY (PER LABELING)"
"U-2870","ADJUNCT TO DIET AND EXERCISE TO IMPROVE GLYCEMIC CONTROL IN ADULTS WITH TYPE 2 DIABETIS BY ORALLY ADMINISTERING A DOSAGE FORM COMPRISING BROMOCRIPTINE AND ONE OR MORE EXCIPIENTS AS RECITED IN CLAIMS 1 AND 2"
"U-2871","ADJUNCT TO DIET AND EXERCISE TO IMPROVE GLYCEMIC CONTROL IN ADULTS WITH TYPE 2 DIABETIS BY ORALLY ADMINISTERING A DOSAGE FORM COMPRISING BROMOCRIPTINE AND ONE OR MORE EXCIPIENTS AS RECITED IN CLAIMS 1 AND 2 AND 3"
"U-2872","ADJUNCT TO DIET AND EXERCISE TO IMPROVE GLYCEMIC CONTROL IN ADULTS WITH TYPE 2 DIABETIS BY ORALLY ADMINISTERING A DOSAGE FORM COMPRISING BROMOCRIPTINE AND ONE OR MORE EXCIPIENTS AS RECITED IN CLAIMS 4 AND 5"
"U-2873","ADJUNCT TO DIET AND EXERCISE TO IMPROVE GLYCEMIC CONTROL IN ADULTS WITH TYPE 2 DIABETIS BY ORALLY ADMINISTERING A DOSAGE FORM COMPRISING BROMOCRIPTINE AND ONE OR MORE EXCIPIENTS AS RECITED IN CLAIMS 4, 5, AND 6"
"U-2874","ADJUNCT TO DIET AND EXERCISE TO IMPROVE GLYCEMIC CONTROL IN ADULTS WITH TYPE 2 DIABETIS BY ORALLY ADMINISTERING A DOSAGE FORM COMPRISING MICRONIZED BROMOCRIPTINE AND ONE OR MORE EXCIPIENTS AS RECITED IN CLAIMS 7 AND 8"
"U-2875","ADJUNCT TO DIET AND EXERCISE TO IMPROVE GLYCEMIC CONTROL IN ADULTS WITH TYPE 2 DIABETIS BY ORALLY ADMINISTERING A DOSAGE FORM COMPRISING MICRONIZED BROMOCRIPTINE AND ONE OR MORE EXCIPIENTS AS RECITED IN CLAIMS 7, 8, AND 9"
"U-2876","ADJUNCT TO DIET AND EXERCISE TO IMPROVE GLYCEMIC CONTROL IN ADULTS WITH TYPE 2 DIABETIS BY ORALLY ADMINISTERING A DOSAGE FORM COMPRISING MICRONIZED BROMOCRIPTINE AND ONE OR MORE EXCIPIENTS AS RECITED IN CLAIMS 10 AND 11"
"U-2877","ADJUNCT TO DIET AND EXERCISE TO IMPROVE GLYCEMIC CONTROL IN ADULTS WITH TYPE 2 DIABETIS BY ORALLY ADMINISTERING A DOSAGE FORM COMPRISING MICRONIZED BROMOCRIPTINE AND ONE OR MORE EXCIPIENTS AS RECITED IN CLAIMS 10, 11, AND 12"
"U-2878","ADJUNCT TO DIET AND EXERCISE TO IMPROVE GLYCEMIC CONTROL IN ADULTS WITH TYPE 2 DIABETIS BY ORALLY ADMINISTERING A DOSAGE FORM COMPRISING MICRONIZED BROMOCRIPTINE AND ONE OR MORE EXCIPIENTS AS RECITED IN CLAIMS 13 AND 14"
"U-2879","ADJUNCT TO DIET AND EXERCISE TO IMPROVE GLYCEMIC CONTROL IN ADULTS WITH TYPE 2 DIABETIS BY ORALLY ADMINISTERING A DOSAGE FORM COMPRISING MICRONIZED BROMOCRIPTINE AND ONE OR MORE EXCIPIENTS AS RECITED IN CLAIMS 13, 14, AND 15"
"U-2880","ADJUNCT TO DIET AND EXERCISE TO IMPROVE GLYCEMIC CONTROL IN ADULTS WITH TYPE 2 DIABETIS BY ORALLY ADMINISTERING A DOSAGE FORM COMPRISING MICRONIZED BROMOCRIPTINE AND ONE OR MORE EXCIPIENTS AS RECITED IN CLAIMS 16 AND 17"
"U-2881","ADJUNCT TO DIET AND EXERCISE TO IMPROVE GLYCEMIC CONTROL IN ADULTS WITH TYPE 2 DIABETIS BY ORALLY ADMINISTERING A DOSAGE FORM COMPRISING MICRONIZED BROMOCRIPTINE AND ONE OR MORE EXCIPIENTS AS RECITED IN CLAIMS 16, 17, AND 18"
"U-2882","ADJUNCT TO DIET AND EXERCISE TO IMPROVE GLYCEMIC CONTROL IN ADULTS WITH TYPE 2 DIABETIS BY ORALLY ADMINISTERING A DOSAGE FORM COMPRISING MICRONIZED BROMOCRIPTINE AND ONE OR MORE EXCIPIENTS AS RECITED IN CLAIMS 19 AND 20"
"U-2883","ADJUNCT TO DIET AND EXERCISE TO IMPROVE GLYCEMIC CONTROL IN ADULTS WITH TYPE 2 DIABETIS BY ORALLY ADMINISTERING A DOSAGE FORM COMPRISING MICRONIZED BROMOCRIPTINE AND ONE OR MORE EXCIPIENTS AS RECITED IN CLAIMS 19, 20, AND 21"
"U-2884","ADJUNCT TO DIET AND EXERCISE TO IMPROVE GLYCEMIC CONTROL IN ADULTS WITH TYPE 2 DIABETIS BY ORALLY ADMINISTERING A DOSAGE FORM COMPRISING MICRONIZED BROMOCRIPTINE AND ONE OR MORE EXCIPIENTS AS RECITED IN CLAIMS 22, 23, AND 24"
"U-2885","ADJUNCT TO DIET AND EXERCISE TO IMPROVE GLYCEMIC CONTROL IN ADULTS WITH TYPE 2 DIABETIS BY ORALLY ADMINISTERING A DOSAGE FORM COMPRISING MICRONIZED BROMOCRIPTINE AND ONE OR MORE EXCIPIENTS AS RECITED IN CLAIMS 25 AND 26"
"U-2886","ADJUNCT TO DIET AND EXERCISE TO IMPROVE GLYCEMIC CONTROL IN ADULTS WITH TYPE 2 DIABETIS BY ORALLY ADMINISTERING A DOSAGE FORM COMPRISING MICRONIZED BROMOCRIPTINE AND ONE OR MORE EXCIPIENTS AS RECITED IN CLAIMS 25, 26, AND 27"
"U-2887","ADJUNCT TO DIET AND EXERCISE TO IMPROVE GLYCEMIC CONTROL IN ADULTS WITH TYPE 2 DIABETIS BY ORALLY ADMINISTERING A DOSAGE FORM COMPRISING MICRONIZED BROMOCRIPTINE AND ONE OR MORE EXCIPIENTS AS RECITED IN CLAIMS 28 AND 29"
"U-2888","ADJUNCT TO DIET AND EXERCISE TO IMPROVE GLYCEMIC CONTROL IN ADULTS WITH TYPE 2 DIABETIS BY ORALLY ADMINISTERING A DOSAGE FORM COMPRISING MICRONIZED BROMOCRIPTINE AND ONE OR MORE EXCIPIENTS AS RECITED IN CLAIMS 28, 29, AND 30"
"U-2889","USE FOR THE MAINTENANCE TREATMENT OF PATIENTS WITH CHRONIC OBSTRUCTIVE PULMONARY DISEASE (COPD)"
"U-2890","ADJUNCT TO DIET AND EXERCISE TO IMPROVE GLYCEMIC CONTROL IN ADULTS WITH TYPE 2 DIABETES BY ADMINISTERING BROMOCRIPTINE MESYLATE AND A FIRST-PHASE INSULIN SECRETAGOGUE AS RECITED IN CLAIMS 1 AND 2 AND WHEREIN THE EFFECTS ARE AS RECITED IN CLAIM 1"
"U-2891","ADJUNCT TO DIET AND EXERCISE TO IMPROVE GLYCEMIC CONTROL IN ADULTS WITH TYPE 2 DIABETES BY ADMINISTERING BROMOCRIPTINE MESYLATE AND A FIRST-PHASE INSULIN SECRETAGOGUE AS RECITED IN CLAIMS 1 AND 3 AND WHEREIN THE EFFECTS ARE AS RECITED IN CLAIM 1"
"U-2892","ADJUNCT TO DIET AND EXERCISE TO IMPROVE GLYCEMIC CONTROL IN ADULTS WITH TYPE 2 DIABETES BY ADMINISTERING BROMOCRIPTINE MESYLATE AND A FIRST-PHASE INSULIN SECRETAGOGUE AS RECITED IN CLAIMS 1 AND 4 AND WHEREIN THE EFFECTS ARE AS RECITED IN CLAIM 1"
"U-2893","ADJUNCT TO DIET AND EXERCISE TO IMPROVE GLYCEMIC CONTROL IN ADULTS WITH TYPE 2 DIABETES BY ADMINISTERING BROMOCRIPTINE MESYLATE AND A FIRST-PHASE INSULIN SECRETAGOGUE AS RECITED IN CLAIMS 1 AND 5 AND WHEREIN THE EFFECTS ARE AS RECITED IN CLAIM 1"
"U-2894","ADJUNCT TO DIET AND EXERCISE TO IMPROVE GLYCEMIC CONTROL IN ADULTS WITH TYPE 2 DIABETES BY ADMINISTERING BROMOCRIPTINE MESYLATE AND A FIRST-PHASE INSULIN SECRETAGOGUE AS RECITED IN CLAIMS 1 AND 6 AND WHEREIN THE EFFECTS ARE AS RECITED IN CLAIM 1"
"U-2895","ADJUNCT TO DIET AND EXERCISE TO IMPROVE GLYCEMIC CONTROL IN ADULTS WITH TYPE 2 DIABETES BY ADMINISTERING BROMOCRIPTINE MESYLATE AND A FIRST-PHASE INSULIN SECRETAGOGUE AS RECITED IN CLAIMS 1 AND 7 AND WHEREIN THE EFFECTS ARE AS RECITED IN CLAIM 1"
"U-2896","ADJUNCT TO DIET AND EXERCISE TO IMPROVE GLYCEMIC CONTROL IN ADULTS WITH TYPE 2 DIABETES BY ADMINISTERING BROMOCRIPTINE MESYLATE AND A FIRST-PHASE INSULIN SECRETAGOGUE AS RECITED IN CLAIMS 1 AND 8 AND WHEREIN THE EFFECTS ARE AS RECITED IN CLAIM 1"
"U-2897","ADJUNCT TO DIET AND EXERCISE TO IMPROVE GLYCEMIC CONTROL IN ADULTS WITH TYPE 2 DIABETES BY ADMINISTERING BROMOCRIPTINE MESYLATE AND A FIRST-PHASE INSULIN SECRETAGOGUE AS RECITED IN CLAIM 1 AND WHEREIN THE EFFECTS ARE AS RECITED IN CLAIMS 1 AND 9"
"U-2898","ADJUNCT TO DIET AND EXERCISE TO IMPROVE GLYCEMIC CONTROL IN ADULTS WITH TYPE 2 DIABETES BY ADMINISTERING BROMOCRIPTINE MESYLATE AND A FIRST-PHASE INSULIN SECRETAGOGUE AS RECITED IN CLAIM 1 AND WHEREIN THE EFFECTS ARE AS RECITED IN CLAIMS 1 AND 10"
"U-2899","ADJUNCT TO DIET AND EXERCISE TO IMPROVE GLYCEMIC CONTROL IN ADULTS WITH TYPE 2 DIABETES BY ADMINISTERING BROMOCRIPTINE MESYLATE AND A FIRST-PHASE INSULIN SECRETAGOGUE AS RECITED IN CLAIM 1 AND WHEREIN THE EFFECTS ARE AS RECITED IN CLAIMS 1 AND 11"
"U-2900","ADJUNCT TO DIET AND EXERCISE TO IMPROVE GLYCEMIC CONTROL IN ADULTS WITH TYPE 2 DIABETES BY ADMINISTERING BROMOCRIPTINE MESYLATE AND A FIRST-PHASE INSULIN SECRETAGOGUE AS RECITED IN CLAIM 1 AND WHEREIN THE EFFECTS ARE AS RECITED IN CLAIMS 1 AND 13"
"U-2901","ADJUNCT TO DIET AND EXERCISE TO IMPROVE GLYCEMIC CONTROL IN ADULTS WITH TYPE 2 DIABETES BY ADMINISTERING BROMOCRIPTINE MESYLATE AND A FIRST-PHASE INSULIN SECRETAGOGUE AS RECITED IN CLAIMS 1 AND 15 AND WHEREIN THE EFFECTS ARE AS RECITED IN CLAIM 1"
"U-2902","ADJUNCT TO DIET AND EXERCISE TO IMPROVE GLYCEMIC CONTROL IN ADULTS WITH TYPE 2 DIABETES BY ADMINISTERING BROMOCRIPTINE MESYLATE AND A FIRST-PHASE INSULIN SECRETAGOGUE AS RECITED IN CLAIMS 1 AND 16 AND WHEREIN THE EFFECTS ARE AS RECITED IN CLAIM 1"
"U-2903","ADJUNCT TO DIET AND EXERCISE TO IMPROVE GLYCEMIC CONTROL IN ADULTS WITH TYPE 2 DIABETES BY ADMINISTERING BROMOCRIPTINE MESYLATE AND A FIRST-PHASE INSULIN SECRETAGOGUE AS RECITED IN CLAIMS 1 AND 17 AND WHEREIN THE EFFECTS ARE AS RECITED IN CLAIM 1"
"U-2904","ADJUNCT TO DIET AND EXERCISE TO IMPROVE GLYCEMIC CONTROL IN ADULTS WITH TYPE 2 DIABETES BY ADMINISTERING BROMOCRIPTINE MESYLATE AND A FIRST-PHASE INSULIN SECRETAGOGUE AS RECITED IN CLAIMS 1, 17 AND 18 AND WHEREIN THE EFFECTS ARE AS RECITED IN CLAIM 1"
"U-2905","ADJUNCT TO DIET AND EXERCISE TO IMPROVE GLYCEMIC CONTROL IN ADULTS WITH TYPE 2 DIABETES BY ADMINISTERING BROMOCRIPTINE MESYLATE AND A FIRST-PHASE INSULIN SECRETAGOGUE AS RECITED IN CLAIMS 1 AND 19 AND WHEREIN THE EFFECTS ARE AS RECITED IN CLAIM 1"
"U-2906","ADJUNCT TO DIET AND EXERCISE TO IMPROVE GLYCEMIC CONTROL IN ADULTS WITH TYPE 2 DIABETES BY ADMINISTERING BROMOCRIPTINE MESYLATE AND A FIRST-PHASE INSULIN SECRETAGOGUE AS RECITED IN CLAIM 22 WHEREIN THE EFFECTS ARE AS RECITED IN CLAIM 22"
"U-2907","ADJUNCT TO DIET AND EXERCISE TO IMPROVE GLYCEMIC CONTROL IN ADULTS WITH TYPE 2 DIABETES BY ADMINISTERING BROMOCRIPTINE MESYLATE AND A FIRST-PHASE INSULIN SECRETAGOGUE AS RECITED IN CLAIMS 22 AND 23 AND WHEREIN THE EFFECTS ARE AS RECITED IN CLAIM 22"
"U-2908","ADJUNCT TO DIET AND EXERCISE TO IMPROVE GLYCEMIC CONTROL IN ADULTS WITH TYPE 2 DIABETES BY ADMINISTERING BROMOCRIPTINE MESYLATE AND A FIRST-PHASE INSULIN SECRETAGOGUE AS RECITED IN CLAIMS 22 AND 24 AND WHEREIN THE EFFECTS ARE AS RECITED IN CLAIM 22"
"U-2909","ADJUNCT TO DIET AND EXERCISE TO IMPROVE GLYCEMIC CONTROL IN ADULTS WITH TYPE 2 DIABETES BY ADMINISTERING BROMOCRIPTINE MESYLATE AND A FIRST-PHASE INSULIN SECRETAGOGUE AS RECITED IN CLAIMS 22 AND 25 AND WHEREIN THE EFFECTS ARE AS RECITED IN CLAIM 22"
"U-2910","ADJUNCT TO DIET AND EXERCISE TO IMPROVE GLYCEMIC CONTROL IN ADULTS WITH TYPE 2 DIABETES BY ADMINISTERING BROMOCRIPTINE MESYLATE AND A FIRST-PHASE INSULIN SECRETAGOGUE AS RECITED IN CLAIM 26 AND WHEREIN THE EFFECTS ARE AS RECITED IN CLAIM 26"
"U-2911","ADJUNCT TO DIET AND EXERCISE TO IMPROVE GLYCEMIC CONTROL IN ADULTS WITH TYPE 2 DIABETES BY ADMINISTERING BROMOCRIPTINE MESYLATE AND A FIRST-PHASE INSULIN SECRETAGOGUE AS RECITED IN CLAIMS 26 AND 27 AND WHEREIN THE EFFECTS ARE AS RECITED IN CLAIM 26"
"U-2912","ADJUNCT TO DIET AND EXERCISE TO IMPROVE GLYCEMIC CONTROL IN ADULTS WITH TYPE 2 DIABETES BY ADMINISTERING BROMOCRIPTINE MESYLATE AND A FIRST-PHASE INSULIN SECRETAGOGUE AS RECITED IN CLAIMS 26 AND 28 AND WHEREIN THE EFFECTS ARE AS RECITED IN CLAIM 26"
"U-2913","ADJUNCT TO DIET AND EXERCISE TO IMPROVE GLYCEMIC CONTROL IN ADULTS WITH TYPE 2 DIABETES BY ADMINISTERING BROMOCRIPTINE MESYLATE AND A FIRST-PHASE INSULIN SECRETAGOGUE AS RECITED IN CLAIMS 26 AND 29 AND WHEREIN THE EFFECTS ARE AS RECITED IN CLAIM 26"
"U-2914","ADJUNCT TO DIET AND EXERCISE TO IMPROVE GLYCEMIC CONTROL IN ADULTS WITH TYPE 2 DIABETES BY ADMINISTERING BROMOCRIPTINE MESYLATE AND A FIRST-PHASE INSULIN SECRETAGOGUE AS RECITED IN CLAIMS 26 AND 30 WHEREIN THE EFFECTS ARE AS RECITED IN CLAIM 26"
"U-2915","ADJUNCT TO DIET AND EXERCISE TO IMPROVE GLYCEMIC CONTROL IN ADULTS WITH TYPE 2 DIABETES BY ADMINISTERING BROMOCRIPTINE MESYLATE AND A FIRST-PHASE INSULIN SECRETAGOGUE AS RECITED IN CLAIMS 26 AND 31 AND WHEREIN THE EFFECTS ARE AS RECITED IN CLAIM 26"
"U-2916","ADJUNCT TO DIET AND EXERCISE TO IMPROVE GLYCEMIC CONTROL IN ADULTS WITH TYPE 2 DIABETES BY ADMINISTERING BROMOCRIPTINE MESYLATE AND A FIRST-PHASE INSULIN SECRETAGOGUE AS RECITED IN CLAIMS 26 AND 32 WHEREIN THE EFFECTS ARE AS RECITED IN SAID CLAIMS"
"U-2917","ADJUNCT TO DIET AND EXERCISE TO IMPROVE GLYCEMIC CONTROL IN ADULTS WITH TYPE 2 DIABETES BY ADMINISTERING BROMOCRIPTINE MESYLATE AND A FIRST-PHASE INSULIN SECRETAGOGUE AS RECITED IN CLAIMS 26 AND 33 WHEREIN THE EFFECTS ARE AS RECITED IN CLAIMS"
"U-2918","ADJUNCT TO DIET AND EXERCISE TO IMPROVE GLYCEMIC CONTROL IN ADULTS WITH TYPE 2 DIABETES BY ADMINISTERING BROMOCRIPTINE MESYLATE AND A FIRST-PHASE INSULIN SECRETAGOGUE AS RECITED IN CLAIMS 26 AND 34 WHEREIN THE EFFECTS ARE AS RECITED IN SAID CLAIMS"
"U-2919","ADJUNCT TO DIET AND EXERCISE TO IMPROVE GLYCEMIC CONTROL IN ADULTS WITH TYPE 2 DIABETES BY ADMINISTERING BROMOCRIPTINE MESYLATE AND A FIRST-PHASE INSULIN SECRETAGOGUE AS RECITED IN CLAIMS 26 AND 36 WHEREIN THE EFFECTS ARE AS RECITED IN SAID CLAIMS"
"U-2920","ADJUNCT TO DIET AND EXERCISE TO IMPROVE GLYCEMIC CONTROL IN ADULTS WITH TYPE 2 DIABETES BY ADMINISTERING BROMOCRIPTINE MESYLATE AND A FIRST-PHASE INSULIN SECRETAGOGUE AS RECITED IN CLAIMS 26 AND 38 AND WHEREIN THE EFFECTS ARE AS RECITED  CLAIM 26"
"U-2921","ONCE DAILY TOPICAL TREATMENT OF PERSISTENT FACIAL ERYTHEMA ASSOCIATED WITH ROSACEA IN ADULTS"
"U-2922","ADJUNCT TO DIET AND EXERCISE TO IMPROVE GLYCEMIC CONTROL IN ADULTS WITH TYPE 2 DIABETES BY ADMINISTERING BROMOCRIPTINE MESYLATE AND A FIRST-PHASE INSULIN SECRETAGOGUE AS RECITED IN CLAIMS 26 AND 39 AND WHEREIN THE EFFECTS ARE AS RECITED IN CLAIM 26"
"U-2923","ADJUNCT TO DIET AND EXERCISE TO IMPROVE GLYCEMIC CONTROL IN ADULTS WITH TYPE 2 DIABETES BY ADMINISTERING BROMOCRIPTINE MESYLATE AND A FIRST-PHASE INSULIN SECRETAGOGUE AS RECITED IN CLAIMS 26 AND 40 AND WHEREIN THE EFFECTS ARE AS RECITED IN CLAIM 26"
"U-2924","ADJUNCT TO DIET AND EXERCISE TO TREAT GLUCOSE INTOLERANCE IN ADULTS WITH TYPE 2 DIABETES BY ADMINISTERING BROMOCRIPTINE MESYLATE AND A FIRST-PHASE INSULIN SECRETAGOGUE AS RECITED IN CLAIM 42 AND WHEREIN THE EFFECTS ARE AS RECITED IN CLAIM 42"
"U-2925","ADJUNCT TO DIET AND EXERCISE TO TREAT GLUCOSE INTOLERANCE IN ADULTS WITH TYPE 2 DIABETES BY ADMINISTERING BROMOCRIPTINE MESYLATE AND A FIRST-PHASE INSULIN SECRETAGOGUE AS RECITED IN CLAIMS 42 AND 43 WHEREIN THE EFFECTS ARE AS RECITED IN CLAIM 42"
"U-2926","ADJUNCT TO DIET AND EXERCISE TO IMPROVE GLYCEMIC CONTROL IN ADULTS WITH TYPE 2 DIABETES BY ADMINISTERING BROMOCRIPTINE MESYLATE AND A FIRST-PHASE INSULIN SECRETAGOGUE AS RECITED IN CLAIM 44 AND WHEREIN THE EFFECTS ARE AS RECITED IN CLAIM 44"
"U-2927","ADJUNCT TO DIET AND EXERCISE TO IMPROVE GLYCEMIC CONTROL IN ADULTS WITH TYPE 2 DIABETES BY ADMINISTERING BROMOCRIPTINE MESYLATE AND A FIRST-PHASE INSULIN SECRETAGOGUE AS RECITED IN CLAIMS 44 AND 45 AND WHEREIN THE EFFECTS ARE AS RECITED IN CLAIM 44"
"U-2928","ADJUNCT TO DIET AND EXERCISE TO IMPROVE GLYCEMIC CONTROL IN ADULTS WITH TYPE 2 DIABETES BY ADMINISTERING BROMOCRIPTINE MESYLATE AND A FIRST-PHASE INSULIN SECRETAGOGUE AS RECITED IN CLAIMS 44 AND 46 AND WHEREIN THE EFFECTS ARE AS RECITED IN CLAIM 44"
"U-2929","ADJUNCT TO DIET AND EXERCISE TO IMPROVE GLYCEMIC CONTROL IN ADULTS WITH TYPE 2 DIABETES BY ADMINISTERING BROMOCRIPTINE MESYLATE AND A FIRST-PHASE INSULIN SECRETAGOGUE AS RECITED IN CLAIMS 44 AND 47 AND WHEREIN THE EFFECTS ARE AS RECITED IN CLAIM 44"
"U-2930","ADJUNCT TO DIET AND EXERCISE TO IMPROVE GLYCEMIC CONTROL IN ADULTS WITH TYPE 2 DIABETES BY ADMINISTERING BROMOCRIPTINE MESYLATE AND A FIRST-PHASE INSULIN SECRETAGOGUE AS RECITED IN CLAIMS 44 AND 48 AND WHEREIN THE EFFECTS ARE AS RECITED IN CLAIM 44"
"U-2931","ADJUNCT TO DIET AND EXERCISE TO IMPROVE GLYCEMIC CONTROL IN ADULTS WITH TYPE 2 DIABETES BY ADMINISTERING BROMOCRIPTINE MESYLATE AND A FIRST-PHASE INSULIN SECRETAGOGUE AS RECITED IN CLAIMS 44 AND 49 AND WHEREIN THE EFFECTS ARE AS RECITED IN CLAIM 44"
"U-2932","ADJUNCT TO DIET AND EXERCISE TO IMPROVE GLYCEMIC CONTROL IN ADULTS WITH TYPE 2 DIABETES BY ADMINISTERING BROMOCRIPTINE MESYLATE AND A FIRST-PHASE INSULIN SECRETAGOGUE AS RECITED IN CLAIMS 44 AND 50 WHEREIN THE EFFECTS ARE AS RECITED IN SAID CLAIMS"
"U-2933","ADJUNCT TO DIET AND EXERCISE TO IMPROVE GLYCEMIC CONTROL IN ADULTS WITH TYPE 2 DIABETES BY ADMINISTERING BROMOCRIPTINE MESYLATE AND A FIRST-PHASE INSULIN SECRETAGOGUE AS RECITED IN CLAIMS 44 AND 51 WHEREIN THE EFFECTS ARE AS RECITED IN SAID CLAIMS"
"U-2934","ADJUNCT TO DIET AND EXERCISE TO IMPROVE GLYCEMIC CONTROL IN ADULTS WITH TYPE 2 DIABETES BY ADMINISTERING BROMOCRIPTINE MESYLATE AND A FIRST-PHASE INSULIN SECRETAGOGUE AS RECITED IN CLAIMS 44 AND 52 WHEREIN THE EFFECTS ARE AS RECITED IN SAID CLAIMS"
"U-2935","ADJUNCT TO DIET AND EXERCISE TO IMPROVE GLYCEMIC CONTROL IN ADULTS WITH TYPE 2 DIABETES BY ADMINISTERING BROMOCRIPTINE MESYLATE AND A FIRST-PHASE INSULIN SECRETAGOGUE AS RECITED IN CLAIM 44 AND WHEREIN THE EFFECTS ARE AS RECITED IN CLAIMS 44 AND 54"
"U-2936","ADJUNCT TO DIET AND EXERCISE TO IMPROVE GLYCEMIC CONTROL IN ADULTS WITH TYPE 2 DIABETES BY ADMINISTERING BROMOCRIPTINE MESYLATE AND A FIRST-PHASE INSULIN SECRETAGOGUE AS RECITED IN CLAIMS 44 AND 56 AND WHEREIN THE EFFECTS ARE AS RECITED IN CLAIM 44"
"U-2937","ADJUNCT TO DIET AND EXERCISE TO IMPROVE GLYCEMIC CONTROL IN ADULTS WITH TYPE 2 DIABETES BY ADMINISTERING BROMOCRIPTINE MESYLATE AND A FIRST-PHASE INSULIN SECRETAGOGUE AS RECITED IN CLAIMS 44 AND 57 AND WHEREIN THE EFFECTS ARE AS RECITED IN CLAIM 44"
"U-2938","TREATMENT OF CATAPLEXY OR EXCESSIVE DAYTIME SLEEPINESS (EDS) IN PATIENTS 7 YEARS OF AGE AND OLDER WITH NARCOLEPSY WITH A MIXTURE OF SODIUM, POTASSIUM, MAGNESIUM, AND CALCIUM SALTS OF GHB"
"U-2939","TREATMENT OF HIV INFECTION IN ADULTS AND PEDIATRIC PATIENTS WEIGHING AT LEAST 40KG USING A COMPOSITION CONTAINING A PHARMACOKINETIC ENHANCER THAT INHIBITS CYTOCHROME P450 MONOOXYGENASE"
"U-2940","METHOD OF TREATING PEDIATRIC PATIENTS 2 YEARS OF AGE AND OLDER WITH CENTRAL PRECOCIOUS PUBERTY"
"U-2941","A METHOD OF USING AN AEROSOL DELIVERY DEVICE TO AEROSOLIZE GLYCOPYRROLATE FOR THE TREATMENT OF CHRONIC OBSTRUCTIVE PULMONARY DISEASE (COPD)"
"U-2942","METHOD OF TREATING ACNE VULGARIS WITH TOPICALLY APPLIED CORTEXOLONE 17A-PROPIONATE"
"U-2943","TREATMENT OF RELAPSED OR REFRACTORY CHRONIC LYMPHOCYTIC LEUKEMIA"
"U-2944","TREATMENT OF RELAPSED OR REFRACTORY SMALL LYMPHOCYTIC LYMPHOMA"
"U-2945","TREATMENT OF PRIMARY BILIARY CHOLANGITIS (PBC) IN COMBINATION WITH URSODEOXYCHOLIC ACID (UDCA) IN ADULTS WITH AN INADEQUATE RESPONSE TO UDCA, OR AS MONOTHERAPY IN ADULTS UNABLE TO TOLERATE UDCA"
"U-2946","TREATMENT OF COLORECTAL CANCER THAT HAS A NEUROTROPHIC TYROSINE RECEPTOR KINASE(NTRK) GENE FUSION"
"U-2947","KYPROLIS IS INDICATED IN COMBINATION WITH DARATUMUMAB PLUS DEXAMETHASONE FOR THE TREATMENT OF PATIENTS WITH RELAPSED OR REFRACTORY MULTIPLE MYELOMA WHO HAVE RECEIVED ONE TO THREE LINES OF THERAPY"
"U-2948","A METHOD OF POSITIONING AN INTRAUTERINE SYSTEM (IUS) BY DETERMINING A DEPTH OF THE UTERUS, HOLDING AN INSERTER HANDLE WITH ONE HAND, INSERTING THE IUS INTO THE UTERUS, AND RETRACTING A SLIDER ON THE HANDLE TO RELEASE THE IUS INTO THE UTERUS"
"U-2949","A METHOD FOR INDUCING A POST-SURGICAL ANALGESIA SPARING EFFECT BY IMPLANTING AT THE SURGICAL SITE A COLLAGEN SPONGE CONTAINING BUPIVACAINE HCL WHICH PROVIDES LOCAL ANESTHESIA FOR UP TO 24 HOURS FOLLOWING IMPLANTATION"
"U-2950","CONTINUED TREATMENT OF ADULTS WITH ACUTE MYELOID LEUKEMIA WHO ACHIEVED FIRST COMPLETE REMISSION (CR) OR CR WITH INCOMPLETE BLOOD COUNT RECOVERY FOLLOWING INTENSIVE INDUCTION CHEMOTHERAPY AND ARE NOT ABLE TO COMPLETE INTENSIVE CURATIVE THERAPY"
"U-2951","USE OF CU-64 DOTATATE WITH POSITRON EMISSION TOMOGRAPHY (PET) FOR LOCALIZATION OF SOMATOSTATIN RECEPTOR POSITIVE NEUROENDOCRINE TUMORS (NETS) IN ADULT PATIENTS"
"U-2952","TREATMENT OF ADULT PATIENTS WITH METASTATIC REARRANGED DURING TRANSFECTION (RET) FUSION-POSITIVE NON-SMALL CELL LUNG CANCER (NSCLC) AS DETECTED BY AN FDA APPROVED TEST"
"U-2953","USE OF FLUTICASONE FUROATE FOR THE TREATMENT OF AN INFLAMMATORY OR ALLERGIC CONDITIONS, INCLUDING CHRONIC OBSTRUCTIVE PULMONARY DISEASE AND ASTHMA"
"U-2954","METHOD OF DISPENSING A COMBINATION MEDICAMENT PRODUCT FROM CLAIMED DELIVERY DEVICE, FOR EXAMPLE FOR THE TREATMENT OF ASTHMA OR COPD"
"U-2955","INDICATED FOR THE LONG-TERM, ONCE-DAILY, MAINTENANCE TREATMENT OF PATIENTS WITH CHRONIC OBSTRUCTIVE PULMONARY DISEASE (COPD), INCLUDING CHRONIC BRONCHITIS AND/OR EMPHYSEMA; AND ASTHMA"
"U-2956","METHOD OF TREATING LAMBERT-EATON MYASTHENIC SYNDROME WITH AMIFAMPRIDINE"
"U-2957","MAINTENANCE TREATMENT OF ASTHMA IN PATIENTS 18 YRS AND OLDER, OR CHRONIC OBSTRUCTIVE PULMONARY DISEASE (COPD) INCLUDING CHRONIC BRONCHITIS AND/OR EMPHYSEMA"
"U-2958","A METHOD FOR CONTRACEPTION, THE METHOD COMPRISING ADMINISTERING A TABLET COMPRISING 20 MG TO 30 MG OF ULIPRISTAL ACETATE TO A WOMAN WITHIN 120 HOURS AFTER AN UNPROTECTED INTERCOURSE"
"U-2959","USE OF VASCEPA AS AN ADJUNCT TO STATIN THERAPY TO REDUCE THE RISK OF A THIRD AND FURTHER CARDIOVASCULAR EVENT IN AN ADULT PATIENT WITH ELEVATED TG LEVELS (>=150 MG/DL) AND ESTABLISHED CARDIOVASCULAR DISEASE"
"U-2960","USE OF VASCEPA AS AN ADJUNCT TO STATIN THERAPY TO REDUCE THE RISK OF A SECOND OR FURTHER CARDIOVASCULAR (CV) EVENT IN AN ADULT PATIENT WITH ELEVATED TG LEVELS (>= 150 MG/DL) AND DIABETES MELLITUS AND 2 OR MORE ADDITIONAL RISK FACTORS FOR CV DISEASE"
"U-2961","USE OF VASCEPA AS AN ADJUNCT TO STATIN THERAPY TO REDUCE THE RISK OF MYOCARDIAL INFARCTION, STROKE, BOTH IN AN ADULT PATIENT WITH TYPE 2 DIABETES MELLITUS"
"U-2962","USE OF VASCEPA AS AN ADJUNCT TO STATIN THERAPY TO REDUCE THE RISK OF CORONARY REVASCULARIZATION IN AN ADULT PATIENT WITH ESTABLISHED CARDIOVASCULAR DISEASE"
"U-2963","TREATMENT OF CYSTIC FIBROSIS USING IVACAFTOR IN A PATIENT AGE 4 MONTHS TO <6 YEARS WHO HAS ONE MUTATION IN THE CFTR GENE THAT IS RESPONSIVE TO IVACAFTOR BASED ON CLINICAL AND/OR IN VITRO ASSAY DATA"
"U-2964","TREATMENT OF CYSTIC FIBROSIS USING IVACAFTOR IN A PATIENT AGE 4 MONTHS TO <6 YEARS WHO HAS A R117H MUTATION IN THE CFTR GENE"
"U-2965","TREATMENT OF A MODERATE TO MILD CLINICAL PHENOTYPE OF CF USING IVACAFTOR IN A PATIENT AGE 4 MONTHS TO <6 YEARS WHO HAS ONE CFTR MUTATION RESPONSIVE TO IVACAFTOR BASED ON CLINICAL AND/OR IN VITRO ASSAY DATA"
"U-2966","TREATMENT OF CF IN A PATIENT AGE 4 MONTHS TO <6 YEARS WHO HAS ONE CFTR MUTATION RESPONSIVE TO IVACAFTOR BASED ON CLINICAL AND/OR IN VITRO ASSAY DATA USING A SOLID COMPOSITION COMPRISING AMORPHOUS (LESS THAN ABOUT 30% CRYSTALLINE) IVACAFTOR"
"U-2967","TREATMENT OF CF IN A PATIENT AGE 4 MONTHS TO <6 YEARS WHO HAS ONE MUTATION IN THE CFTR GENE THAT IS RESPONSIVE TO IVACAFTOR BASED ON CLINICAL AND/OR IN VITRO ASSAY DATA USING THE COMPOSITION RECITED IN CLAIM 1 OF US 10272046"
"U-2968","USE OF REMIMAZOLAM FOR INDUCTION AND MAINTENANCE OF PROCEDURAL SEDATION IN ADULTS UNDERGOING PROCEDURES LASTING 30 MINUTES OR LESS"
"U-2969","TREATMENT OF ADULT PATIENTS WITH CYCLOSPORIN-RESISTANT, STEROID-DEPENDENT/REFRACTORY, OR STEROID RESISTANT CHRONIC GRAFT-VERSUS-HOST DISEASE (CGVHD) AFTER FAILURE OF ONE OR MORE LINES OF SYSTEMIC THERAPY"
"U-2970","TREATMENT OF ADULT PATIENTS WITH CHRONIC GRAFT-VERSUS-HOST DISEASE (CGVHD) AFTER FAILURE OF ONE OR MORE LINES OF SYSTEMIC THERAPY"
"U-2971","THE TREATMENT OF ADULT PATIENTS WITH METASTATIC RET FUSION-POSITIVE NON-SMALL CELL LUNG CANCER (NSCLC)"
"U-2972","THE TREATMENT OF ADULT AND PEDIATRIC PATIENTS 12 YEARS OF AGE AND OLDER WITH ADVANCED OR METASTATIC RET-MUTANT MEDULLARY THYROID CANCER (MTC) WHO REQUIRE SYSTEMIC THERAPY"
"U-2973","TREATING ADULT AND PEDIATRIC PATIENTS 12 YEARS OF AGE AND OLDER WITH ADVANCED OR METASTATIC RET FUSION-POSITIVE THYROID CANCER WHO REQUIRE SYSTEMIC THERAPY AND WHO ARE RADIOACTIVE IODINE-REFRACTORY, WHEREIN THE CANCER IS PAPILLARY THYROID CANCER"
"U-2974","TREATING ADULT AND PEDIATRIC PATIENTS 12 YEARS OF AGE AND OLDER WITH ADVANCED OR METASTATIC RET FUSION-POSITIVE THYROID CANCER WHO REQUIRE SYSTEMIC THERAPY AND WHO ARE RADIOACTIVE IODINE-REFRACTORY, WHEREIN THE CANCER IS MEDULLARY THYROID CANCER"
"U-2975","TREATING ADULT AND PEDIATRIC PATIENTS 12 YEARS OF AGE AND OLDER WITH ADVANCED OR METASTATIC RET FUSION-POSITIVE THYROID CANCER WHO REQUIRE SYSTEMIC THERAPY AND WHO ARE RADIOACTIVE IODINE-REFRACTORY, WHEREIN THE CANCER IS DIFFERENTIATED THYROID CANCER"
"U-2976","TREATING ADULT AND PEDIATRIC PATIENTS 12 YEARS OF AGE AND OLDER WITH ADVANCED OR METASTATIC RET FUSION-POSITIVE THYROID CANCER WHO REQUIRE SYSTEMIC THERAPY AND WHO ARE RADIOACTIVE IODINE-REFRACTORY, WHEREIN THE CANCER IS RECURRENT THYROID CANCER"
"U-2977","TREATING ADULT AND PEDIATRIC PATIENTS 12 YEARS OF AGE AND OLDER WITH ADVANCED OR METASTATIC RET FUSION-POSITIVE REFRACTORY DIFFERENTIATED THYROID CANCER WHO REQUIRE SYSTEMIC THERAPY AND ARE RADIOACTIVE IODINE-REFRACTORY"
"U-2978","TREATMENT OF HIV-1 INFECTION IN ADULT OR PEDIATRIC PATIENTS (>=40 KG) WITH <50 COPIES/ML HIV-1 RNA AFTER >= 6 MONTHS ON PRIOR ANTIRETROVIRAL REGIMEN AND NO KNOWN DARUNAVIR OR TENOFOVIR RESISTANCE-ASSOCIATED SUBSTITUTIONS"
"U-2979","METHOD COMPRISING IV ADMINISTRATION OF CANGRELOR BEFORE PCI THEN CONTINUOUS INFUSION FOR AT LEAST 2 HOURS OR THE DURATION OF PCI AND, DURING OR AFTER CONTINUOUS INFUSION, ADMINISTRATION OF A LOADING DOSE OF TICAGRELOR, OR AN EQUIVALENT METHOD"
"U-2980","METHOD OF TREATING AN ALLERGIC REACTION USING AN AUTO-INJECTOR"
"U-2981","A METHOD OF TREATING ACUTE MYELOGENOUS LEUKEMIA (AML) IN A SUBJECT BY ADMINISTERING A PHARMACEUTICAL COMPOSITION WHERE THE AML IS CHARACTERIZED BY THE PRESENCE OF A MUTANT ALLELE OF IDH1 AND THE AML IS NEWLY DIAGNOSED"
"U-2982","A METHOD OF TREATING ACUTE MYELOGENOUS LEUKEMIA (AML) IN A SUBJECT BY ADMINISTERING A PHARMACEUTICAL COMPOSITION WHERE THE AML IS CHARACTERIZED BY THE PRESENCE OF A MUTANT ALLELE OF IDH1 AND WHERE THE AML IS RELAPSED/REFRACTORY"
"U-2983","TREATMENT OF SCHIZOPHRENIA BY RAPID AND CONTINUOUS INJECTION"
"U-2984","TREATMENT OF CORONAVIRUS DISEASE 2019 (COVID-19) IN ADULTS AND PEDIATRIC PATIENTS (AT LEAST 12 YEARS OF AGE AND 40 KG) REQUIRING HOSPITALIZATION"
"U-2985","A METHOD FOR TREATING DRY EYE IN A PATIENT"
"U-2986","MANAGEMENT OF ACUTE PAIN BY INTRAVENOUS INJECTION"
"U-2987","METHOD OF TREATING LUNG CANCER, UNDIFFERENTIATED SARCOMA, OR COLORECTAL CANCER THAT EXHIBITS AN NTRK GENE FUSION"
"U-2988","REDUCTION OF THE RISK OF STROKE IN PATIENTS WITH ACUTE ISCHEMIC STROKE OR HIGH-RISK TRANSIENT ISCHEMIC ATTACK"
"U-2989","METHOD OF USE AS ADJUNCTIVE THERAPY IN THE TREATMENT OF PRIMARY GENERALIZED TONIC-CLONIC SEIZURES IN PATIENTS 4 YEARS OF AGE AND OLDER"
"U-2990","METHOD OF USE FOR TREATMENT OF PARTIAL-ONSET SEIZURES IN PATIENTS 4 YEARS OF AGE AND OLDER"
"U-2991","METHOD OF TREATING PULMONARY ARTERIAL HYPERTENSION COMPRISING ADMINISTERING A TABLET CONTAINING SELEXIPAG"
"U-2992","METHOD OF TREATING PULMONARY ARTERIAL HYPERTENSION COMPRISING ADMINISTERING A SOLID PREPARATION CONTAINING SELEXIPAG"
"U-2993","A METHOD FOR TREATING A SUBJECT HAVING ADHD, SAID METHOD COMPRISING ORALLY ADMINISTERING TO SAID SUBJECT A RACEMIC METHYLPHENIDATE CHEWABLE TABLET AS CLAIMED"
"U-2994","REDUCTION OF RISK OF MYOCARDIAL INFARCTION, STROKE OR CARDIOVASCULAR DEATH IN A PATIENT WITH CHRONIC CAD OR PAD BY ADMINISTERING CLINICALLY PROVEN EFFECTIVE AMOUNTS THAT ARE 2.5 MG RIVAROXABAN TWICE DAILY AND 75-100 MG ASPIRIN DAILY"
"U-2995","TREATMENT OF PRIMARY HYPEROXALURIA TYPE 1 (PH1)"
"U-2996","ADMINISTRATION OF AN EXTENDED RELEASE TABLET FOR THE TREATMENT OF OVERACTIVE BLADDER (OAB) WITH SYMPTOMS OF URGE URINARY INCONTINENCE, URGENCY, AND URINARY FREQUENCY"
"U-2997","USE OF VASCEPA AS AN ADJUNCT TO STATIN THERAPY TO REDUCE THE RISK OF STROKE IN AN ADULT PATIENT WITH ELEVATED TRIGLYCERIDES AND ATRIAL FIBRILLATION"
"U-2998","METHOD OF ADMINISTERING DOCETAXEL TO A SUBJECT COMBINING THE DOCETAXEL PRO-EMULSION FORMULATION WITH AN AQUEOUS MEDIUM TO PRODUCE DOCETAXEL EMULSION"
"U-2999","METHOD OF USE OF TREATING, AS AN INITIAL LOADING DOSE FOR MONOTHERAPY OR ADJUNCTIVE THERAPY IN PARTIAL ONSET SEIZURE PATIENTS WITH EPILEPSY AGED 17 YEARS OR OLDER"
"U-3000","METHOD FOR POST-EXPOSURE PROPHYLAXIS OF INFLUENZA"
"U-3001","PROCEDURES IN ADULT AND PEDIATRIC PATIENTS REQUIRING A DISCLOSING AGENT IN COMBINATION WITH A TOPICAL OPHTHALMIC ANESTHETIC."
"U-3002","TREATMENT OF ADULT AND PEDIATRIC PATIENTS 12 YEARS OF AGE AND OLDER WITH ADVANCED OR METASTATIC RET FUSION-POSITIVE THYROID CANCER WHO REQUIRE SYSTEMIC THERAPY AND WHO ARE RADIOACTIVE IODINE-REFRACTORY (IF RADIOACTIVE IODINE IS APPROPRIATE)"
"U-3003","TREATMENT OF NIGHTTIME SLEEP DISTURBANCES IN SMITH-MAGENIS SYNDROME BY ADMINISTERING TASIMELTEON"
"U-3004","TREATMENT OF NIGHTTIME SLEEP DISTURBANCES IN SMITH-MAGENIS SYNDROME BY AVOIDING THE AVOIDING THE USE OF TASIMELTEON IN COMBINATION WITH A STRONG CYP1A2 INHIBITOR"
"U-3005","TREATMENT OF NIGHTTIME SLEEP DISTURBANCES IN SMITH-MAGENIS SYNDROME BY AVOIDING THE USE OF TASIMELTEON WITH RIFAMPIN"
"U-3006","TREATMENT OF NIGHTTIME SLEEP DISTURBANCES IN SMITH-MAGENIS SYNDROME NON-24 HOUR SLEEP-WAKE DISORDER BY AVOIDING THE USE OF TASIMELTEON IN COMBINATION WITH CYP1A2 STRONG INHIBITORS"
"U-3007","TREATMENT OF NIGHTTIME SLEEP DISTURBANCES IN SMITH-MAGENIS SYNDROME BY AVOIDING THE ADMINISTRATION OF TASIMELTEON WITH FOOD"
"U-3008","TREATMENT OF NIGHTTIME SLEEP DISTURBANCES IN SMITH-MAGENIS SYNDROME BY ADMINISTERING TASIMELTEON TO PATIENTS WITH A SMOKING HISTORY"
"U-3009","TREATMENT OF NIGHTTIME SLEEP DISTURBANCES IN SMITH-MAGENIS SYNDROME BY ADMINISTERING TASIMELTEON TO PATIENTS WITH A SMOKING HISTORY"
"U-3010","PROPHYLAXIS TO PREVENT ATTACKS OF HEREDITARY ANGIOEDEMA (HAE) IN ADULT AND PEDIATRIC PATIENTS 12 YEARS OF AGE AND OLDER"
"U-3011","A METHOD FOR TREATING OCULAR INFLAMMATION"
"U-3012","TREATMENT IN COMBINATION WITH ANDROGEN DEPRIVATION THERAPY OF NON-METASTATIC, CASTRATION-RESISTANT PROSTATE CANCER (NMCRPC) THAT IMPROVES METASTASIS FREE SURVIVAL"
"U-3013","TREATMENT IN COMBINATION WITH ORCHIECTOMY OF NON-METASTATIC, CASTRATION-RESISTANT PROSTATE CANCER (NMCRPC)"
"U-3014","METHOD FOR THE INDUCTION OF LOCAL ANESTHESIA OF THE MUCOUS MEMBRANES"
"U-3015","TOPICAL TREATMENT OF ACTINIC KERATOSIS OF THE FACE OR SCALP"
"U-3016","ADJUVANT THERAPY AFTER TUMOR RESECTION IN PATIENTS WITH NON-SMALL CELL LUNG CANCER(NSCLC) WHOSE TUMORS HAVE EPIDERMAL GROWTH FACTOR RECEPTOR (EGFR) EXON 19DELETIONS OR EXON 21 L858R MUTATIONS"
"U-3017","METHOD OF TREATING EXCESSIVE DAYTIME SLEEPINESS AND/OR CATAPLEXY IN NARCOLEPSY PATIENTS WITH A SALT OF GAMMA-HYDROXYBUTYRATE WHEN DIVALPROEX SODIUM IS CONCOMITANTLY ADMINISTERED"
"U-3018","XPOVIO IS INDICATED IN COMBINATION WITH BORTEZOMIB AND DEXAMETHASONE FOR THE TREATMENT OF ADULT PATIENTS WITH MULTIPLE MYELOMA WHO HAVE RECEIVED AT LEAST ONE PRIOR THERAPY"
"U-3019","TREATMENT OF ADULT PATIENTS WITH ADVANCED PROSTATE CANCER THAT IS SEX-HORMONE-DEPENDENT"
"U-3020","TREATMENT OF ADULT PATIENTS WITH ADVANCED PROSTATE CANCER"
"U-3021","TEZACAFTOR AND IVACAFTOR FOR THE TREATMENT OF CYSTIC FIBROSIS IN PATIENTS AGE 6 YEARS AND OLDER WHO HAVE A R117H MUTATION IN THE CFTR GENE"
"U-3022","TREATMENT OF CF IN PATIENTS 12 YEARS AND OLDER WHO HAVE A F508DEL OR G551D CFTR MUTATION AND A 2ND MUTATION SELECTED FROM R117H, A455E, 2789+5G->A, & 3849+10KBC->T, COMPRISING CONCURRENT COADMINISTRATION OF THE COMPOSITIONS OF CLAIM 1 OF US 10058546"
"U-3023","TREATMENT OF CF IN PATIENTS 6 YEARS AND OLDER WHO HAVE A F508DEL OR G551D CFTR MUTATION AND A 2ND MUTATION SELECTED FROM R117H, A455E, 2789+5G->A, AND 3849+10KBC->T, COMPRISING CONCURRENT COADMINISTRATION OF THE COMPOSITIONS OF CLAIM 1 OF US 10058546"
"U-3024","TREATMENT OF CYSTIC FIBROSIS IN PATIENTS AGE 12 AND OLDER, WHO HAVE TWO COPIES OF THE F508DEL MUTATION OR WHO HAVE AT LEAST ONE CFTR MUTATION THAT IS RESPONSIVE TO TEZACAFTOR/IVACAFTOR, WITH THE COMPOSITION OF CLAIM 1 OF US 10,081,621"
"U-3025","TREATMENT OF CYSTIC FIBROSIS IN PATIENTS AGE 6 AND OLDER, WHO HAVE TWO COPIES OF THE F508DEL MUTATION OR WHO HAVE AT LEAST ONE CFTR MUTATION THAT IS RESPONSIVE TO TEZACAFTOR/IVACAFTOR, WITH THE COMPOSITION OF CLAIM 1 OF US 10,081,621"
"U-3026","TREATMENT OF CYSTIC FIBROSIS IN PATIENTS AGE 12 AND OLDER, WHO HAVE TWO COPIES OF THE F508DEL MUTATION OR AT LEAST ONE CFTR MUTATION THAT IS RESPONSIVE TO TEZACAFTOR/IVACAFTOR, WITH THE COMPOSITION OF CLAIM 1 OF US 10,206,877"
"U-3027","TREATMENT OF CYSTIC FIBROSIS IN PATIENTS AGE 6 AND OLDER, WHO HAVE TWO COPIES OF THE F508DEL MUTATION OR AT LEAST ONE CFTR MUTATION THAT IS RESPONSIVE TO TEZACAFTOR/IVACAFTOR, WITH THE COMPOSITION OF CLAIM 1 OF US 10,206,877"
"U-3028","TREATMENT OF CYSTIC FIBROSIS IN PATIENTS AGED 12 YEARS AND OLDER WHO HAVE AT LEAST ONE F508DEL MUTATION IN THE CFTR GENE OR A MUTATION IN THE CFTR GENE THAT IS RESPONSIVE BASED ON IN VITRO DATA WITH ELEXACAFTOR, TEZACAFTOR, AND IVACAFTOR"
"U-3029","TREATMENT OF CYSTIC FIBROSIS IN PATIENTS AGED 12 YEARS AND OLDER WHO HAVE A R117H MUTATION IN THE CFTR GENE WITH ELEXACAFTOR, TEZACAFTOR, AND IVACAFTOR"
"U-3030","TREATMENT OF A MODERATE TO MILD CLINICAL PHENOTYPE OF CF IN PATIENTS AGED 12 YEARS AND OLDER WHO HAVE AT LEAST ONE F508DEL MUTATION IN THE CFTR GENE OR A MUTATION IN THE CFTR GENE THAT IS RESPONSIVE BASED ON IN VITRO DATA WITH ELX, TEZ, AND IVA"
"U-3031","TREATMENT OF CF IN PATIENTS 12 YEARS AND OLDER WHO HAVE AT LEAST ONE F508DEL MUTATION OR A MUTATION IN THE CFTR GENE THAT IS RESPONSIVE BASED ON IN VITRO DATA USING A SOLID COMPOSITION COMPRISING ELX, TEZ, AMORPHOUS IVA, AND < ~30% CRYSTALLINE IVA"
"U-3032","TREATMENT OF CYSTIC FIBROSIS IN PATIENTS AGED 12 YEARS AND OLDER WHO HAVE AT LEAST ONE F508DEL MUTATION IN THE CFTR GENE OR A MUTATION IN THE CFTR GENE THAT IS RESPONSIVE BASED ON IN VITRO DATA WITH A COMPOSITION ACCORDING TO CLAIM 1 OF US 10081621"
"U-3033","TREATMENT OF CYSTIC FIBROSIS IN PATIENTS AGED 12 YEARS AND OLDER WHO HAVE AT LEAST ONE F508DEL MUTATION IN THE CFTR GENE OR A MUTATION IN THE CFTR GENE THAT IS RESPONSIVE BASED ON IN VITRO DATA WITH AN EFFECTIVE AMOUNT OF ELX, TEZ, AND IVA"
"U-3034","TREATMENT OF TRD IN ADULTS BY NASALLY ADMINISTERING 56MG OR 84MG OF ESKETAMINE 2X WEEKLY FOR 4 WEEKS DURING THE INDUCTION PHASE IN CONJUNCTION WITH AN ORAL ANTIDEPRESSANT"
"U-3035","TREATMENT OF DEPRESSIVE SYMPTOMS IN ADULTS WITH MDD WITH ACUTE SUICIDAL IDEATION OR BEHAVIOR BY NASALLY ADMINISTERING 56MG OR 84 MG OF ESKETAMINE 2X WEEKLY FOR 4 WEEKS IN CONJUNCTION WITH AN ORAL ANTIDEPRESSANT"
"U-3036","TREATMENT OF TRD IN ADULTS BY NASALLY ADMINISTERING 56MG OR 84MG OF ESKETAMINE 2X WEEKLY FOR 4 WEEKS DURING THE INDUCTION PHASE FOLLOWED BY A MAINTENANCE PHASE OF 56MG OR 84 MG WEEKLY OR 1X EVERY TWO WEEKS IN CONJUNCTION WITH AN ORAL ANTIDEPRESSANT"
"U-3037","A METHOD OF DELIVERING NITRIC OXIDE TO A PATIENT"
"U-3038","MANAGEMENT OF MODERATE-TO-SEVERE PAIN BY INTRAVENOUS INJECTION IN PATIENTS WITH MILD RENAL IMPAIRMENT"
"U-3039","TREATMENT OF DUCHENNE MUSCULAR DYSTROPHY (DMD) IN PATIENTS WHO HAVE A CONFIRMED MUTATION OF THE DMD GENE THAT IS AMENABLE TO EXON 53 SKIPPING"
"U-3040","LONG-TERM TREATMENT OF ADULTS WITH GAUCHER DISEASE TYPE 1 WHO ARE CYP2D6 EXTENSIVE METABOLIZERS WITH MILD HEPATIC IMPAIRMENT AND ARE CONCURRENTLY TAKING A STRONG OR MODERATE CYP3A INHIBITOR"
"U-3041","LONG-TERM TREATMENT OF ADULTS WITH GAUCHER DISEASE TYPE 1 WHO ARE CYP2D6 EXTENSIVE METABOLIZERS WITH MODERATE TO SEVERE RENAL IMPAIRMENT"
"U-3042","LONG-TERM TREATMENT OF ADULTS WITH GAUCHER DISEASE TYPE 1 WHO ARE CYP2D6 POOR METABOLIZERS WITH 84 MG ONCE DAILY OF ELIGLUSTAT (EQUIVALENT TO 100 MG OF ELIGLUSTAT TARTRATE)"
"U-3043","LONG-TERM TREATMENT OF ADULTS WITH GAUCHER DISEASE TYPE 1 WHO ARE CYP2D6 EXTENSIVE OR INTERMEDIATE METABOLIZERS WITH 84 MG TWICE PER DAY OF ELIGLUSTAT (EQUIVALENT TO 100 MG OF ELIGLUSTAT TARTRATE TWICE PER DAY)"
"U-3044","AXITINIB IN COMBINATION WITH AVELUMAB FOR THE FIRST-LINE TREATMENT OF PATIENTS WITH ADVANCED RENAL CELL CARCINOMA"
"U-3045","TREATMENT OF OVERACTIVE BLADDER (OAB) WITH SYMPTOMS OF URGE URINARY INCONTINENCE, URGENCY, AND URINARY FREQUENCY"
"U-3046","METHOD OF ADMINISTERING VALBENAZINE WHILE AVOIDING CONCOMITANT USE OF A STRONG CYP3A4 INDUCER"
"U-3047","USE IN COMBINATION WITH CAPECITABINE, FOR THE TREATMENT OF ADULT PATIENTS WITH ADVANCED OR METASTATIC HER2-POSITIVE BREAST CANCER WHO HAVE RECEIVED TWO OR MORE PRIOR ANTI-HER2 BASED REGIMENS IN THE METASTATIC SETTING"
"U-3048","A METHOD OF TREATING IRON DEFICIENCY ANEMIA IN ADULT PATIENTS WHO HAVE INTOLERANCE TO ORAL IRON OR HAVE HAD UNSATISFACTORY RESPONSE TO ORAL IRON BY INTRAVENOUSLY ADMINISTERING FERRIC CARBOXYMALTOSE TO PROVIDE 500 TO 750 MG OF ELEMENTAL IRON"
"U-3049","A METHOD OF TREATING IRON DEFICIENCY ANEMIA IN ADULT PATIENTS WHO HAVE NON-DIALYSIS DEPENDENT CHRONIC KIDNEY DISEASE BY INTRAVENOUSLY ADMINISTERING FERRIC CARBOXYMALTOSE TO PROVIDE 500 TO 750 MG OF ELEMENTAL IRON"
"U-3050","METHOD OF TREATING IRON DEFICIENCY ANEMIA IN ADULT PATIENTS WHO HAVE INTOLERANCE TO ORAL IRON OR HAVE HAD UNSATISFACTORY RESPONSE TO ORAL IRON BY INTRAVENOUSLY ADMINISTERING AT LEAST ABOUT 0.6G OF IRON AS FERRIC CARBOXYMALTOSE IN ABOUT 15 MIN OR LESS"
"U-3051","METHOD OF TREATING IRON DEFICIENCY ANEMIA IN ADULT PATIENTS WHO HAVE NON-DIALYSIS DEPENDENT CHRONIC KIDNEY DISEASE BY INTRAVENOUSLY ADMINISTERING AT LEAST ABOUT 0.6G OF IRON AS FERRIC CARBOXYMALTOSE IN ABOUT 15 MIN OR LESS"
"U-3052","USE OF VASCEPA TO REDUCE TRIGLYCERIDE LEVELS IN AN ADULT PATIENT ON STATIN THERAPY AND HAVING ATRIAL FIBRILLATION AND TRIGLYCERIDE LEVELS OF GREATER THAN 500 MG/DL"
"U-3053","USE OF VASCEPA AS AN ADJUNCT TO STATIN THERAPY TO REDUCE THE RISK OF MYOCARDIAL INFARCTION IN AN ADULT PATIENT WITH ELEVATED TRIGLYCERIDE LEVELS AND ESTABLISHED CV DISEASE OR DIABETES MELLITUS AND TWO OR MORE ADDITIONAL RISK FACTORS FOR CV DISEASE"
"U-3054","TREATMENT OF DRUG-INDUCED EXTRAPYRAMIDAL REACTIONS IN ADULT PATIENTS WITH PARKINSON'S DISEASE"
"U-3055","A METHOD OF TREATING HUNTINGTON'S CHOREA"
"U-3056","TREATMENT OF PATIENTS WITH ACTIVE LUPUS NEPHRITIS"
"U-3057","TREATMENT OF PATIENTS WITH METASTATIC NON-SMALL CELL LUNG CANCER (NSCLC) THAT IS ANAPLASTIC LYMPHOMA KINASE (ALK)-POSITIVE"
"U-3058","TREATMENT OF PEDIATRIC PATIENTS 1 YEAR OF AGE AND OLDER AND YOUNG ADULTS WITH RELAPSED OR REFRACTORY, SYSTEMIC ANAPLASTIC LARGE CELL LYMPHOMA (ALCL) THAT IS ANAPLASTIC LYMPHOMA KINASE (ALK)-POSITIVE"
"U-3059","TREATMENT OF HIV-1 INFECTION IN ADULTS TO REPLACE THE CURRENT ANTIRETROVIRAL REGIMEN IN THOSE WHO ARE VIROLOGICALLY SUPPRESSED ON A STABLE ANTIRETROVIRAL REGIMEN WITH NO HISTORY OF TREATMENT FAILURE"
"U-3060","TREATMENT OF HIV INFECTION IN ADULTS"
"U-3061","TREATMENT OF HIV-1 IN AN ADULT IN COMBINATION WITH RILPIVIRINE"
"U-3062","REDUCING THE RISK OF CARDIOVASCULAR DEATH AND HEART FAILURE (HF) HOSPITALIZATION FOLLOWING A HOSPITALIZATION FOR HF OR NEED FOR OUTPATIENT IV DIURETICS, IN ADULTS WITH SYMPTOMATIC CHRONIC HF AND EJECTION FRACTION LESS THAN 45%"
"U-3063","RELAPSED OR REFRACTORY MARGINAL ZONE LYMPHOMA (MZL) WHO HAVE RECEIVED AT LEAST ONE PRIOR ANTI-CD20-BASED REGIMEN"
"U-3064","RELAPSED OR REFRACTORY FOLLICULAR LYMPHOMA (FL) WHO HAVE RECEIVED AT LEAST THREE PRIOR LINES OF SYSTEMIC THERAPY"
"U-3065","TREATMENT OF ADULTS WITH METASTATIC UROTHELIAL CARCINOMA THAT HAS SUSCEPTIBLE FGFR3 OR FGFR2 GENETIC ALTERATIONS AND PROGRESSED DURING OR FOLLOWING PRIOR PLATINUM-CONTAINING CHEMOTHERAPY"
"U-3066","TREATMENT OF ADULTS WITH LOCALLY ADVANCED OR METASTATIC, SURGICALLY UNRESECTABLE UROTHELIAL CARCINOMA THAT HAS SUSCEPTIBLE FGFR3 OR FGFR2 GENETIC ALTERATIONS AND PROGRESSED DURING OR FOLLOWING PRIOR PLATINUM-CONTAINING CHEMOTHERAPY"
"U-3067","TREATMENT OF ADULTS WITH LOCALLY ADVANCED OR METASTATIC UROTHELIAL CARCINOMA THAT HAS SUSCEPTIBLE FGFR3 GENETIC ALTERATIONS AND PROGRESSED DURING OR FOLLOWING PRIOR PLATINUM-CONTAINING CHEMOTHERAPY"
"U-3068","TREATMENT IN COMBINATION WITH CABOTEGRAVIR OF HIV-1 INFECTION IN ADULTS TO REPLACE THE CURRENT ANTIRETROVIRAL REGIMEN IN THOSE WHO ARE VIROLOGICALLY SUPPRESSED ON A STABLE ANTIRETROVIRAL REGIMEN WITH NO HISTORY OF TREATMENT FAILURE"
"U-3069","TREATMENT OF ACUTE UNCOMPLICATED INFLUENZA IN PATIENTS 6 MONTHS AND OLDER"
"U-3070","REDUCING THE RISK OF MORTALITY IN HUTCHINSON-GILFORD PROGERIA SYNDROME (HGPS)"
"U-3071","USE FOR THE TREATMENT OF SEIZURES IN PATIENTS WITH TUBEROUS SCLEROSIS COMPLEX"
"U-3072","USE FOR THE TREATMENT OF GENERALIZED SEIZURES OR FOCAL SEIZURES WITH IMPAIRMENT IN PATIENTS WITH TUBEROUS SCLEROSIS COMPLEX"
"U-3073","USE FOR REDUCING SEIZURE FREQUENCY IN PATIENTS WITH TUBEROUS SCLEROSIS COMPLEX"
"U-3074","METHOD FOR PROVIDING SUSTAINED LOCAL ANESTHESIA FOR AT LEAST 24 HOURS"
"U-3075","TREATMENT OF ADRENAL INSUFFICIENCY"
"U-3076","METHOD OF TREATING TARDIVE DYSKINESIA WHILE AVOIDING CONCOMITANT USE OF A STRONG CYP3A4 INDUCER"
"U-3077","TREATING A SOLID TUMOR, INCLUDING LUNG CANCER, WITH A MET ALTERATION(S), OR STABILIZING OR IMPROVING SYMPTOMS ASSOCIATED WITH HAVING A SOLID TUMOR, INCLUDING LUNG CANCER, WITH A MET ALTERATION(S), BY ADMINISTERING AN EFFECTIVE AMOUNT OF TEPOTINIB"
"U-3078","TREATING A SOLID TUMOR, INCLUDING LUNG CANCER, HAVING A MET KINASE ALTERATION(S) BY ADMINISTERING AN EFFECTIVE AMOUNT OF TEPOTINIB"
"U-3079","A METHOD TO DECREASE THE INCIDENCE OF CHEMOTHERAPY-INDUCED MYELOSUPPRESSION IN ADULT PATIENTS WHEN ADMINISTERED PRIOR TO A PLATINUM/ETOPOSIDE-CONTAINING REGIMEN FOR EXTENSIVE-STAGE SMALL CELL LUNG CANCER"
"U-3080","A METHOD TO DECREASE THE INCIDENCE OF CHEMOTHERAPY-INDUCED MYELOSUPPRESSION IN ADULT PATIENTS WHEN ADMINISTERED PRIOR TO A TOPOTECAN-CONTAINING REGIMEN FOR EXTENSIVE- STAGE SMALL CELL LUNG CANCER"
"U-3081","A METHOD TO DECREASE THE INCIDENCE OF CHEMOTHERAPY-INDUCED MYELOSUPPRESSION IN ADULT PATIENTS WHEN ADMINISTERED PRIOR TO A CARBOPLATIN AND ETOPOSIDE-CONTAINING REGIMEN FOR EXTENSIVE-STAGE SMALL CELL LUNG CANCER"
"U-3082","TREATMENT OF EXCESSIVE DAYTIME SLEEPINESS ASSOCIATED WITH OBSTRUCTIVE SLEEP APNEA (OSA) IN AN ADULT THROUGH A DOSING REGIMEN THAT INCLUDES ORAL ADMINISTRATION OF 75 MG ONCE DAILY FOR AT LEAST 3 DAYS FOLLOWED BY 150 MG ONCE DAILY"
"U-3083","METHOD OF TREATING TRANSFUSIONAL IRON OVERLOAD"
"U-3084","TREATMENT OF HEART FAILURE WITH PRESERVED EJECTION FRACTION"
"U-3085","DOSE MODIFICATION FOR RENAL IMPAIRMENT"
"U-3086","FOR HIGH-DOSE CONDITIONING TREATMENT PRIOR TO HEMATOPOIETIC PROGENITOR (STEM) CELL TRANSPLANTATION IN PATIENTS WITH MULTIPLE MYELOMA"
"U-3087","TREATMENT OF DUCHENNE MUSCULAR DYSTROPHY (DMD) IN PATIENTS WHO HAVE A MUTATION OF THE DMD GENE THAT IS AMENABLE TO EXON 45 SKIPPING BY INDUCING EXON-SKIPPING OF EXON 45"
"U-3088","TREATMENT OF DUCHENNE MUSCULAR DYSTROPHY (DMD) IN PATIENTS WHO HAVE A MUTATION OF THE DMD GENE THAT IS AMENABLE TO EXON 45 SKIPPING"
"U-3089","TREATMENT OF DUCHENNE MUSCULAR DYSTROPHY (DMD) IN PATIENTS WHO HAVE A MUTATION OF THE DMD GENE THAT IS AMENABLE TO EXON 45 SKIPPING BY RESTORING AN MRNA READING FRAME TO INDUCE DYSTROPHIN PROTEIN PRODUCTION"
"U-3090","TREATMENT OF HOSPITAL-ACQUIRED BACTERIAL PNEUMONIA IN PATIENTS WITH END-STAGE RENAL DISEASE ON HEMODIALYSIS"
"U-3091","TREATMENT OF VENTILATOR-ASSOCIATED BACTERIAL PNEUMONIA IN PATIENTS WITH END-STAGE RENAL DISEASE ON HEMODIALYSIS"
"U-3092","METHOD OF TREATING MOLYBDENUM COFACTOR DEFICIENCY TYPE A"
"U-3093","IN COMBINATION WITH DEXAMETHASONE TO TREAT RELAPSED OR REFRACTORY MULTIPLE MYELOMA (REFACTORY TO AT LEAST 1 PROTEASOME INHIBITOR, 1 IMMUNOMODULATORY AGENT, AND 1 ANTI-CD38 MAB) IN ADULTS WHO RECEIVED AT LEAST 4 PRIOR LINES OF THERAPY"
"U-3094","TREATMENT OF ATTENTION-DEFICIT HYPERACTIVITY DISORDER (ADHD) WITH SERDEXMETHYLPHENIDATE AND DEXMETHYLPHENIDATE"
"U-3095","TREATMENT OF HYPERLIPIDEMIA"
"U-3096","TREATMENT OF ADULT PATIENTS WITH METASTATIC NON-SMALL CELL LUNG CANCER (NSCLC) WHOSE TUMORS ARE ANAPLASTIC LYMPHOMA KINASE (ALK)-POSITIVE AS DETECTED BY AN FDA-APPROVED TEST"
"U-3097","EXTENDED ADJUVANT TREATMENT OF ADULT PATIENTS WITH EARLY-STAGE HUMAN EPIDERMAL GROWTH FACTOR RECEPTOR 2 (HER2)-POSITIVE BREAST CANCER, TO FOLLOW ADJUVANT TRASTUZUMAB BASED THERAPY"
"U-3098","TREATMENT OF REFRACTORY EPILEPSY PATIENTS WITH FENFLURAMINE THAT REDUCES THE RISK OF CARDIOVASCULAR TOXICITY BY USING CARDIAC MONITORING AND RESTRICTED DISTRIBUTION"
"U-3099","TREATMENT OF EXCESSIVE DAYTIME SLEEPINESS ASSOCIATED WITH OBSTRUCTIVE SLEEP APNEA (OSA) IN A PATIENT WITH MODERATE RENAL IMPAIRMENT"
"U-3100","A METHOD OF TREATING ADULTS WITH RELAPSED OR REFRACTORY ADVANCED RENAL CELL CARCINOMA FOLLOWING TWO OR MORE PRIOR SYSTEMIC THERAPIES BY INHIBITING THE ANGIOGENESIS OF BLOOD VESSELS WITH A VASCULAR ENDOTHELIAL GROWTH FACTOR INHIBITOR"
"U-3101","TREATMENT OF ACUTE BACTERIAL SKIN AND SKIN STRUCTURE INFECTIONS WITH A SINGLE DOSE OF 1200MG ORITAVANCIN OR ITS SINGLE DOSE EQUIVALENT"
"U-3102","REDUCTION OF CIRCULATING LYMPHOCYTES IN TREATING RELAPSING FORMS OF MULTIPLE SCLEROSIS (MS), TO INCLUDE CLINICALLY ISOLATED SYNDROME, RELAPSING-REMITTING DISEASE, AND ACTIVE SECONDARY PROGRESSIVE DISEASE, IN ADULTS"
"U-3103","TREATMENT OF RELAPSING FORMS OF MULTIPLE SCLEROSIS (MS), TO INCLUDE CLINICALLY ISOLATED SYNDROME, RELAPSING-REMITTING DISEASE, AND ACTIVE SECONDARY PROGRESSIVE DISEASE, IN ADULTS USING A DOSE TITRATION SCHEDULE FOLLOWED BY A MAINTENANCE DOSE"
"U-3104","TREATMENT OF C. DIFFICILE-ASSOCIATED DIARRHEA"
"U-3105","TREATMENT OF STAPHYLOCOCCAL ENTEROCOLITIS"
"U-3106","TREATMENT OF NIGHTTIME SLEEP DISTURBANCES IN SMITH-MAGENIS SYNDROME BY AVOIDING THE ADMINISTRATION OF TASIMELTEON TO SMOKERS OR TO PATIENTS BEING TREATED WITH A CYP1A2 INHIBITOR"
"U-3107","TREATMENT OF NON-24 HOUR SLEEP-WAKE DISORDER BY AVOIDING THE ADMINISTRATION OF TASIMELTEON TO SMOKERS OR TO PATIENTS BEING TREATED WITH A CYP1A2 INHIBITOR"
"U-3108","TREATMENT OF NEUROGENIC DETRUSOR OVERACTIVITY (NDO) IN PEDIATRIC PATIENTS AGED 3 YEARS AND OLDER BY ADMINISTRATION OF AN EXTENDED-RELEASE SUSPENSION FORMULATION OF MIRABEGRON"
"U-3109","METHOD OF USING VISMODEGIB TO TREAT BASAL CELL CARCINOMA"
"U-3110","USE OF NALOXONE FOR THE EMERGENCY TREATMENT OF KNOWN OR SUSPECTED OPIOID OVERDOSE, AS MANIFESTED BY RESPIRATORY AND/OR CENTRAL NERVOUS SYSTEM DEPRESSION, FOR ADULT AND PEDIATRIC PATIENTS"
"U-3111","TREATING OPIOID USE DISORDER"
"U-3112","TREATING NEWLY DIAGNOSED ACUTE MYELOGENOUS LEUKEMIA (AML) CHARACTERIZED BY THE PRESENCE OF A MUTANT ALLELE OF IDH1 BY ADMINISTERING A ONCE DAILY 500 MG ORAL DOSE TO A SUBJECT THAT HAS NOT INGESTED A HIGH-FAT MEAL"
"U-3113","TREATING RELAPSED/REFRACTORY ACUTE MYELOGENOUS LEUKEMIA (AML) CHARACTERIZED BY THE PRESENCE OF A MUTANT ALLELE OF IDH1 BY ADMINISTERING A ONCE DAILY 500 MG ORAL DOSE TO A SUBJECT THAT HAS NOT INGESTED A HIGH-FAT MEAL"
"U-3114","TREATMENT OF CHRONIC LYMPHOCYTIC LEUKEMIA (CLL) OR SMALL LYMPHOCYTIC LYMPHOMA (SLL) BY ORALLY ADMINISTERING VENETOCLAX TO AN ADULT ACCORDING TO A DOSE RAMP-UP THAT INCLUDES A DOSE OF 50 MG PER DAY FOR 1 WEEK FOLLOWED BY 100 MG PER DAY FOR 1 WEEK"
"U-3115","METHOD OF TREATING IRON DEFICIENCY ANEMIA IN ADULT PATIENTS WHO HAVE INTOLERANCE TO ORAL IRON OR HAVE HAD UNSATISFACTORY RESPONSE TO ORAL IRON BY INTRAVENOUSLY ADMINISTERING ABOUT 1 G OF IRON AS FERRIC CARBOXYMALTOSE IN ABOUT 15 MINUTES OR LESS"
"U-3116","METHOD OF TREATING IRON DEFICIENCY ANEMIA IN ADULT PATIENTS WHO HAVE NON-DIALYSIS DEPENDENT CHRONIC KIDNEY DISEASE BY INTRAVENOUSLY ADMINISTERING ABOUT 1 G OF IRON AS FERRIC CARBOXYMALTOSE IN ABOUT 15 MINUTES OR LESS"
"U-3117","ADMINISTRATION TO THE EYE OF A PATIENT FOR TREATMENT OF DRY EYE CONDITION"
"U-3118","TREATMENT OF POSTSURGICAL PAIN PROVIDING ANALGESIA TO A PATIENT FOR UP TO 72 HOURS, FOR EXAMPLE, AFTER BUNIONECTOMY, OPEN INGUINAL HERNIORRHAPHY, OR TOTAL KNEE ARTHROPLASTY VIA SOFT TISSUE OR PERIARTICULAR INSTILLATION"
"U-3119","ADJUNCT TO DIET AND EXERCISE TO IMPROVE GLYCEMIC CONTROL IN ADULTS WITH TYPE 2 DIABETIS BY ORALLY ADMINISTERING A DOSAGE FORM COMPRISING BROMOCRIPTINE AND ONE OR MORE EXCIPIENTS AS RECITED IN CLAIMS 1 AND 11"
"U-3120","ADJUNCT TO DIET AND EXERCISE TO IMPROVE GLYCEMIC CONTROL IN ADULTS WITH TYPE 2 DIABETIS BY ORALLY ADMINISTERING A DOSAGE FORM COMPRISING BROMOCRIPTINE AND ONE OR MORE EXCIPIENTS AS RECITED IN CLAIMS 1, 11, AND 12"
"U-3121","ADJUNCT TO DIET AND EXERCISE TO IMPROVE GLYCEMIC CONTROL IN ADULTS WITH TYPE 2 DIABETIS BY ORALLY ADMINISTERING A DOSAGE FORM COMPRISING BROMOCRIPTINE AND ONE OR MORE EXCIPIENTS AS RECITED IN CLAIMS 13 AND 23"
"U-3122","ADJUNCT TO DIET EXERCISE TO IMPROVE GLYCEMIC CONTROL IN ADULTS WITH TYPE 2 DIABETIS BY ORALLY ADMINISTERING A DOSAGE FORM COMPRISING BROMOCRIPTINE AND ONE OR MORE EXCIPIENTS AS RECITED IN CLAIMS 13, 23, AND 24"
"U-3123","TREATMENT OF ADULT PATIENTS WITH PAROXYSMAL NOCTURNAL HEMOGLOBINURIA (PNH) BY ADMINISTRATION OF COMPLEMENT INHIBITOR PEGCETACOPLAN"
"U-3124","TREATMENT OF ADULT PATIENTS WITH PAROXYSMAL NOCTURNAL HEMOGLOBINURIA (PNH) BY ADMINISTRATION OF PEGCETACOPLAN"
"U-3125","USE FOR LOADING DOSE IN PATIENTS WITH SYMPTOMATIC AFIB/AFL WHO ARE CURRENTLY IN SINUS RHYTHM OR FOR THE TREATMENT OF LIFE-THREATENING VENTRICULAR TACHYCARDIA"
"U-3126","USE OF VASCEPA AS AN ADJUNCT TO STATIN THERAPY TO REDUCE THE RISK OF A SECOND AND FURTHER CARDIOVASCULAR EVENT IN AN ADULT PATIENT WITH ESTABLISHED CARDIOVASCULAR DISEASE"
"U-3127","REDUCTION OF THE RISK OF CARDIOVASCULAR DEATH AND HOSPITALIZATION FOR HEART FAILURE IN ADULTS WITH HEART FAILURE WITH REDUCED EJECTION FRACTION AND WITHOUT TYPE II DIABETES"
"U-3128","TREATMENT OF COMPLICATED URINARY TRACT INFECTIONS (CUTI) INCLUDING PYELONEPHRITIS CAUSED BY THE FOLLOWING SUSCEPTIBLE MICROORGANISMS: ESCHERICHIA COLI, KLEBSIELLA PNEUMONIA, ENTEROBACTER CLOACAE SPECIES COMPLEX WITH MEROPENEM & VABORBACTAM AS SPECIFIED"
"U-3129","MANAGEMENT OF HEAVY MENSTRUAL BLEEDING ASSOCIATED WITH UTERINE LEIOMYOMAS (FIBROIDS) IN PREMENOPAUSAL WOMEN"
"U-3130","METHOD OF POSITRON EMISSION TOMOGRAPHY (PET) IN MEN WITH PROSTATE CANCER"
"U-3131","USE OF ZUBSOLV FOR TREATMENT OF OPIOID DEPENDENCE"
"U-3132","INDICATED FOR THE TREATMENT OF MODERATELY TO SEVERELY ACTIVE ULCERATIVE COLITIS"
"U-3133","TREATING SICKLE CELL DISEASE BY ADMINISTERING 1500 MG OF VOXELOTOR ORALLY ONCE DAILY"
"U-3134","INCREASING HEMOGLOBIN TO TREAT SICKLE CELL DISEASE BY ADMINISTERING 1500 MG OF VOXELOTOR ORALLY ONCE DAILY"
"U-3135","TREATING SCHIZOPHRENIA"
"U-3136","METHOD OF TREATING SCHIZOPHRENIA BY ADMINISTERING THE ATYPICAL ANTIPSYCHOTIC OLANZAPINE AND SAMIDORPHAN, WITH REDUCED ANTIPSYCHOTIC INDUCED WEIGHT GAIN"
"U-3137","METHOD OF TREATING BIPOLAR DISORDER BY ADMINISTERING THE ATYPICAL ANTIPSYCHOTIC OLANZAPINE AND SAMIDORPHAN, WITH REDUCED ANTIPSYCHOTIC INDUCED WEIGHT GAIN"
"U-3138","METHOD OF TREATING SCHIZOPHRENIA BY ADMINISTERING THE ATYPICAL ANTIPSYCHOTIC OLANZAPINE AND SAMIDORPHAN, WITH REDUCTION OF THE ADVERSE METABOLIC PROFILE"
"U-3139","METHOD OF TREATING BIPOLAR DISORDER BY ADMINISTERING THE ATYPICAL ANTIPSYCHOTIC OLANZAPINE AND SAMIDORPHAN, WITH REDUCTION OF THE ADVERSE METABOLIC PROFILE"
"U-3140","METHOD OF TREATING SCHIZOPHRENIA BY ADMINISTERING THE ATYPICAL ANTIPSYCHOTIC OLANZAPINE AND SAMIDORPHAN"
"U-3141","METHOD OF TREATING BIPOLAR DISORDER BY ADMINISTERING THE ATYPICAL ANTIPSYCHOTIC OLANZAPINE AND SAMIDORPHAN"
"U-3142","PREVENTIVE TREATMENT OF EPISODIC MIGRAINE IN ADULTS"
"U-3143","FOR THE TOPICAL TREATMENT OF PLAQUE PSORIASIS IN PATIENTS 18 YEARS OF AGE AND OLDER"
"U-3144","TREATMENT OF CYSTIC FIBROSIS IN PATIENTS AGED 6 YEARS AND OLDER WHO HAVE AT LEAST ONE F508DEL MUTATION IN THE CFTR GENE OR A MUTATION IN THE CFTR GENE THAT IS RESPONSIVE BASED ON IN VITRO DATA WITH ELEXACAFTOR, TEZACAFTOR, AND IVACAFTOR"
"U-3145","TREATMENT OF CYSTIC FIBROSIS IN PATIENTS AGED 6 YEARS AND OLDER WHO HAVE A R117H MUTATION IN THE CFTR GENE WITH ELEXACAFTOR, TEZACAFTOR, AND IVACAFTOR"
"U-3146","TREATMENT OF A MODERATE TO MILD CLINICAL PHENOTYPE OF CF IN PATIENTS AGED 6 YEARS AND OLDER WHO HAVE AT LEAST ONE F508DEL MUTATION IN THE CFTR GENE OR A MUTATION IN THE CFTR GENE THAT IS RESPONSIVE BASED ON IN VITRO DATA WITH ELX, TEZ, AND IVA"
"U-3147","FOR THE TREATMENT OF NEWLY-DIAGNOSED THERAPY-RELATED ACUTE MYELOID LEUKEMIA (T-AML) OR AML WITH MYELODYSPLASIA-RELATED CHANGES (AML-MRC) IN ADULTS AND PEDIATRIC PATIENTS 1 YEAR AND OLDER"
"U-3148","METHOD OF TREATING RELAPSING FORMS OF MULTIPLE SCLEROSIS BEFORE AND AFTER ADMINISTERING AN INACTIVE VACCINE"
"U-3149","METHOD OF RECONSTITUTING A LYOPHILIZED LIPOSOMAL COMPOSITION FOR ADMINISTERING CYTARABINE AND DAUNORUBICIN TO TREAT NEWLY-DIAGNOSED THERAPY-RELATED AML (T-AML) OR AML WITH MYELODYSPLASIA-RELATED CHANGES (AML-MRC) IN PATIENTS 1 YEAR AND OLDER"
"U-3150","METHOD OF ADMINISTERING A RECONSTITUTED LIPOSOMAL COMPOSITION CONTAINING CYTARABINE AND DAUNORUBICIN TO TREAT NEWLY-DIAGNOSED THERAPY-RELATED AML (T-AML) OR AML WITH MYELODYSPLASIA-RELATED CHANGES (AML-MRC) IN PATIENTS 1 YEAR AND OLDER"
"U-3151","TO IMPROVE WAKEFULNESS IN ADULT PATIENTS WITH EXCESSIVE DAYTIME SLEEPINESS ASSOCIATED WITH NARCOLEPSY OR OBSTRUCTIVE SLEEP APNEA (OSA) WITH A DOSING REGIMEN THAT INCLUDES A DOSE OF 75 MG ONCE DAILY FOR AT LEAST 3 DAYS FOLLOWED BY 150 MG ONCE DAILY"
"U-3152","USE BY FEMALES OF REPRODUCTIVE POTENTIAL TO PREVENT PREGNANCY"
"U-3153","TREATMENT OF ADVANCED GASTROINTESTINAL STROMAL TUMOR IN PATIENTS HAVING PROGRESSED FROM A FIRST LINE ADMINISTRATION OF IMATINIB, A SECOND LINE ADMINISTRATION OF SUNITINIB, AND A THIRD LINE ADMINISTRATION OF REGORAFENIB"
"U-3154","TREATMENT OF CYSTIC FIBROSIS IN PATIENTS AGED 6 YEARS AND OLDER WHO HAVE AT LEAST ONE F508DEL MUTATION IN THE CFTR GENE WITH A COMPOSITION COMPRISING ELEXACAFTOR, TEZACAFTOR, AND IVACAFTOR; AND ANOTHER COMPOSITION COMPRISING IVACAFTOR"
"U-3155","TREATMENT OF CF IN PATIENTS 6 YEARS AND OLDER WHO HAVE AT LEAST ONE F508DEL MUTATION OR A MUTATION IN THE CFTR GENE THAT IS RESPONSIVE BASED ON IN VITRO DATA USING A SOLID COMPOSITION COMPRISING ELX, TEZ, AMORPHOUS IVA, AND < ~30% CRYSTALLINE IVA"
"U-3156","TREATMENT OF CYSTIC FIBROSIS IN PATIENTS AGED 6 YEARS AND OLDER WHO HAVE AT LEAST ONE F508DEL MUTATION IN THE CFTR GENE WITH AN EFFECTIVE AMOUNT OF A PHARMACEUTICAL COMPOSITION COMPRISING ELEXACAFTOR, TEZACAFTOR, AND IVACAFTOR"
"U-3157","TREATMENT OF CYSTIC FIBROSIS IN PATIENTS AGED 6 YEARS AND OLDER WHO HAVE AT LEAST ONE F508DEL MUTATION IN THE CFTR GENE OR A MUTATION IN THE CFTR GENE THAT IS RESPONSIVE BASED ON IN VITRO DATA WITH A COMPOSITION ACCORDING TO CLAIM 1 OF US 10081621"
"U-3158","TREATMENT OF CYSTIC FIBROSIS IN PATIENTS AGED 6 YEARS AND OLDER WHO HAVE AT LEAST ONE F508DEL MUTATION IN THE CFTR GENE OR A MUTATION IN THE CFTR GENE THAT IS RESPONSIVE BASED ON IN VITRO DATA WITH AN EFFECTIVE AMOUNT OF ELX, TEZ, AND IVA"
"U-3159","TREATMENT OF ADULT AND POST-MENARCHAL PEDIATRIC FEMALES WITH VULVOVAGINAL CANDIDIASIS (VVC)"
"U-3160","PROPHYLAXIS OF INVASIVE ASPERGILLUS AND CANDIDA INFECTIONS IN ADULTS AND PEDIATRIC PATIENTS 2 YEARS OF AGE AND OLDER WHO ARE SEVERELY IMMUNOCOMPROMISED"
"U-3161","METHOD FOR WEIGHT MANAGEMENT ACCORDING TO A DOSE ESCALATION SCHEDULE"
"U-3162","METHOD FOR WEIGHT MANAGEMENT"
"U-3163","TREATMENT OF ACTINIC KERATOSIS OF UPPER EXTREMITIES BY PHOTODYNAMIC THERAPY"
"U-3164","GASTROINTESTINAL TABLETS INDICATED FOR CLEANSING THE COLON IN PREPARATION FOR COLONOSCOPY"
"U-3165","METHOD OF TREATING HUMAN SMALLPOX DISEASE"
"U-3166","OTC USE: ALLERGY SYMPTOM RELIEVER; TEMPORARY RELIEF OF THESE SYMPTOMS DUE TO HAY FEVER OR OTHER UPPER RESPIRATORY ALLERGIES: NASAL CONGESTION, RUNNY NOSE, SNEEZING AND ITCHY NOSE"
"U-3167","TREATMENT OF CHRONIC HEPATITIS C VIRUS (HCV) GENOTYPE 1, 2, 3, 4, OR 6 IN PEDIATRIC PATIENTS 3 TO LESS THAN 12 YEARS OF AGE OR WEIGHING LESS THAN 45 KG"
"U-3168","TREATMENT OF ADVANCED SYSTEMIC MASTOCYTOSIS, INCLUDING PATIENTS WITH AGGRESSIVE SYSTEMIC MASTOCYTOSIS (ASM), SYSTEMIC MASTOCYTOSIS WITH AN ASSOCIATED HEMATOLOGICAL NEOPLASM (SM-AHN), AND MAST CELL LEUKEMIA (MCL)"
"U-3169","TREATMENT OF TRICHOMONIASIS IN ADULTS"
"U-3170","TREATING CHRONIC HEART FAILURE WITH REDUCED EJECTION FRACTION IN PATIENTS NOT TAKING AN ACE INHIBITOR OR AN ARB OR PREVIOUSLY TAKING LOW DOSES OF THESE AGENTS, BY TITRATING UP FROM HALF THE USUALLY RECOMMENDED STARTING DOSE"
"U-3171","TREATMENT OF INVASIVE ASPERGILLOSIS IN ADULTS AND PEDIATRIC PATIENTS 13 YEARS OF AGE AND OLDER"
"U-3172","TREATMENT OF ADULT PATIENTS WITH PAROXYSMAL NOCTURNAL HEMOGLOBINURIA (PNH) BY ADMINISTRATION OF 1080 MG OF PEGCETACOPLAN"
"U-3173","TREATMENT OF ADULT PATIENTS WITH PAROXYSMAL NOCTURNAL HEMOGLOBINURIA (PNH) BY ADMINISTRATION OF 1080 MG OF PEGCETACOPLAN TWICE WEEKLY"
"U-3174","TREATMENT OF ADULT PATIENTS WITH PAROXYSMAL NOCTURNAL HEMOGLOBINURIA (PNH) BY ADMINISTRATION OF 1080 MG OF PEGCETACOPLAN EVERY THREE DAYS"
"U-3175","TREATMENT OF COMPLICATED SKIN AND SKIN STRUCTURE INFECTIONS AND STAPHYLOCOCCUS AUREUS BLOODSTREAM INFECTIONS (BACTEREMIA) INCLUDING THOSE WITH RIGHT-SIDED INFECTIVE ENDOCARDITIS BY ADMINISTERING THE FORMULATION OF DAPTOMYCIN AS RECITED IN CLAIM 18"
"U-3176","TREATMENT OF COMPLICATED SKIN AND SKIN STRUCTURE INFECTIONS AND S. AUREUS BLOODSTREAM INFECTIONS (BACTEREMIA) INCLUDING THOSE WITH RIGHT-SIDED INFECTIVE ENDOCARDITIS BY RECONSTITUTING AND ADMINISTERING THE FORMULATION AS RECITED IN CLAIM 12"
"U-3177","TREATMENT OF VENOUS THROMBOTIC DISEASE"
"U-3178","REDUCE THE RISK OF RECURRENCE OF VENOUS THROMBOTIC DISEASE"
"U-3179","METHOD OF TREATING FOLLICULAR LYMPHOMA"
"U-3180","DECREASING OFF TIME IN PATIENTS WITH PARKINSON'S DISEASE RECEIVING LEVODOPA-BASED THERAPY, WITH OR WITHOUT CONCOMITANT DOPAMINERGIC MEDICATIONS"
"U-3181","TREATMENT OF CYSTIC FIBROSIS IN PATIENTS 6 YEARS AND OLDER WHO ARE HOMOZYGOUS FOR THE F508DEL MUTATION IN THE CFTR GENE USING THE TABLET ACCORDING TO CLAIM 1 OF U.S. PATENT NO. 11,052,075, WHERE THE TABLET FURTHER COMPRISES IVACAFTOR"
"U-3182","METHOD OF PROVIDING POSTSURGICAL PAIN MANAGEMENT, FOR EXAMPLE, VIA INFILTRATION FOR LOCAL ANALGESIA OR VIA INTERSCALENE BRACHIAL PLEXUS NERVE BLOCK FOR REGIONAL ANALGESIA"
"U-3183","USE OF EPHEDRINE SULFATE FOR TREATING HYPOTENSION"
"U-3184","MEKINIST(R) IS INDICATED, IN COMBINATION WITH DABRAFENIB, FOR THE ADJUVANT TREATMENT OF PATIENTS WITH MELANOMA WITH BRAF V600E OR V600K MUTATIONS AS DETECTED BY AN FDA-APPROVED TEST, AND INVOLVEMENT OF LYMPH NODE(S), FOLLOWING COMPLETE RESECTION"
"U-3185","TAFINLAR(R) IS INDICATED, IN COMBINATION WITH TRAMETINIB, FOR THE ADJUVANT TREATMENT OF PATIENTS WITH MELANOMA WITH BRAF V600E OR V600K MUTATIONS AS DETECTED BY AN FDA-APPROVED TEST, AND INVOLVEMENT OF LYMPH NODE(S), FOLLOWING COMPLETE RESECTION"
"U-3186","METHOD OF TREATING PRURITUS IN PATIENTS 3 MONTHS OR OLDER SUFFERING FROM PROGRESSIVE FAMILIAL INTRAHEPATIC CHOLESTASIS (PFIC)"
"U-3187","METHOD OF REDUCING SERUM BILE ACIDS IN PATIENTS 3 MONTHS OR OLDER SUFFERING FROM PROGRESSIVE FAMILIAL INTRAHEPATIC CHOLESTASIS (PFIC)"
"U-3188","IMPROVING GLYCEMIC CONTROL IN PATIENTS 10 YEARS OF AGE AND OLDER WITH TYPE 2 DIABETES MELLITUS BY ADMINISTERING A SUSTAINED-RELEASE EXENATIDE FORMULATION AS AN ADJUNCT TO DIET AND EXERCISE"
"U-3189","AS AN ADJUNCT TO DIET AND EXERCISE TO IMPROVE GLYCEMIC CONTROL IN PATIENTS 10 TO 17 YEARS OF AGE WITH TYPE 2 DIABETES MELLITUS IN COMBINATION WITH INSULIN ALONE OR INSULIN PLUS ONE OTHER ORAL ANTIDIABETIC MEDICATION"
"U-3190","AS AN ADJUNCT TO DIET AND EXERCISE TO IMPROVE GLYCEMIC CONTROL IN PATIENTS 10 TO 17 YEARS OF AGE WITH TYPE 2 DIABETES MELLITUS IN COMBINATION WITH METFORMIN AND/OR SULFONYLUREA"
"U-3191","METHOD OF TREATING TYPE 2 DIABETES MELLITUS IN A PATIENT WITH RENAL IMPAIRMENT (30 ML/MIN/1.73 M2<=EGFR<60 ML/MIN/1.73 M2) BY ONCE DAILY ADMINISTRATION OF 10 MG OR 25 MG OF EMPAGLIFLOZIN"
"U-3192","METHOD OF TREATING TYPE 2 DIABETES MELLITUS IN A PATIENT WITH RENAL IMPAIRMENT (EGFR<60 ML/MIN/1.73 M2) BY INITIATION OF EMPAGLIFLOZIN, LINAGLIPTIN AND METFORMIN HCL IF EGFR>=45 ML/MIN/1.73 M2 AND DISCONTINUATION IF EGFR <30 ML/MIN/1.73 M2"
"U-3193","METHOD OF TREATING TYPE 2 DIABETES MELLITUS IN A PATENT WITH RENAL IMPAIRMENT (EGFR<60 ML/MIN/1.73 M2) BY INITIATION OF EMPAGLIFLOZIN AND METFORMIN HCL IF EGFR>=45 ML/MIN/1.73 M2 AND DISCONTINUATION IF EGFR<30 ML/MIN/1.73 M2"
"U-3194","TOPICAL TREATMENT OF ACNE VULGARIS IN ADULTS AND PEDIATRIC PATIENTS 9 YEARS OF AGE AND OLDER"
"U-3195","TREATMENT OF ADULTS WITH REFRACTORY, MODERATE-TO-SEVERE ATOPIC DERMATITIS NOT ADEQUATELY CONTROLLED WITH OTHER SYSTEMIC DRUG PRODUCTS OR WHEN USE OF THOSE THERAPIES IS INADVISABLE"
"U-3196","TREATMENT OF ADULTS WITH LOCALLY ADVANCED OR METASTATIC UROTHELIAL CARCINOMA WITH SUSCEPTIBLE FGFR3 OR FGFR2 GENETIC ALTERATIONS, AND PROGRESSED DURING OR FOLLOWING PRIOR PLATINUM-CONTAINING CHEMOTHERAPY, WITH DOSING BASED ON SERUM PHOSPHATE LEVELS"
"U-3197","MANAGEMENT OF PAIN SEVERE ENOUGH TO REQUIRE AN OPIOID ANALGESIC AND FOR WHICH ALTERNATIVE TREATMENTS ARE INADEQUATE"
"U-3198","METHOD OF TREATING PATIENTS WITH IDIOPATHIC HYPERSOMNIA WITH SODIUM OXYBATE WHEN DIVALPROEX SODIUM IS CONCOMITANTLY ADMINISTERED"
"U-3199","METHOD FOR REDUCING THE RISK OF CARDIOVASCULAR DEATH PLUS HOSPITALIZATION FOR HEART FAILURE IN ADULTS WITH TYPE 2 DIABETES MELLITUS, HEART FAILURE AND REDUCED EJECTION FRACTION BY ONCE DAILY ADMINISTRATION OF EMPAGLIFLOZIN"
"U-3200","INCREASING SURVIVAL IN MCRPC PATIENTS PREVIOUSLY TREATED WITH DOCETAXEL BY ADMINISTERING CABAZITAXEL IN COMBINATION WITH PREDNISONE OR PREDNISOLONE AFTER A PREMEDICATION REGIMEN THAT INCLUDES AN ANTIHISTAMINE, A CORTICOSTEROID, AND AN H2-ANTAGONIST"
"U-3201","TREATMENT OF ADULT PATIENTS WITH VON HIPPEL-LINDAU DISEASE WHO REQUIRE THERAPY FOR ASSOCIATED RENAL CELL CARCINOMA, CENTRAL NERVOUS SYSTEM HEMANGIOBLASTOMAS, OR PANCREATIC NEUROENDOCRINE TUMORS, NOT REQUIRING IMMEDIATE SURGERY"
"U-3202","MAINTENANCE TREATMENT OF CHRONIC OBSTRUCTIVE PULMONARY DISEASE (COPD) COMPRISING THE ONCE PER DAY ADMINISTRATION OF TRELEGY ELLIPTA, 100 MCG FLUTICASONE FUROATE/62.5 MCG UMECLIDINIUM/25 MCG VILANTEROL"
"U-3203","MAINTENANCE TREATMENT OF PATIENTS WITH CHRONIC OBSTRUCTIVE PULMONARY DISEASE (COPD)"
"U-3204","TREATMENT OF MODERATE-TO-SEVERE PRURITUS ASSOCIATED WITH CHRONIC KIDNEY DISEASE (CKD-AP) IN ADULTS UNDERGOING HEMODIALYSIS (HD)"
"U-3205","REDUCTION OF RISK OF MAJOR CARDIOVASCULAR EVENTS (CARDIOVASCULAR DEATH, MYOCARDIAL INFARCTION AND STROKE) IN PATIENTS WITH CAD"
"U-3206","REDUCTION OF RISK OF MAJOR THROMBOTIC VASCULAR EVENTS (MYOCARDIAL INFARCTION, ISCHEMIC STROKE, ACUTE LIMB ISCHEMIA, AND MAJOR AMPUTATION OF VASCULAR ETIOLOGY) IN PATIENTS WITH PAD"
"U-3207","REDUCTION OF RISK OF CARDIOVASCULAR DEATH, MYOCARDIAL INFARCTION, AND STROKE IN PATIENTS WITH CAD BY ADMINISTERING CLINICALLY PROVEN EFFECTIVE AMOUNTS THAT ARE 2.5 MG RIVAROXABAN TWICE DAILY AND 75-100 MG ASPIRIN DAILY"
"U-3208","REDUCTION OF RISK OF MYOCARDIAL INFARCTION AND ISCHEMIC STROKE IN PATIENTS WITH PAD BY ADMINISTERING CLINICALLY PROVEN EFFECTIVE AMOUNTS THAT ARE 2.5 MG RIVAROXABAN TWICE DAILY AND 75-100 MG ASPIRIN DAILY"
"U-3209","USE OF VASCEPA AS AN ADJUNCT TO STATIN THERAPY TO REDUCE THE RISK MYOCARDIAL INFARCTION IN AN ADULT PATIENT HAVING ATRIAL FIBRILLATION OR ATRIAL FLUTTER AND ELEVATED TRIGLYCERIDE LEVELS"
"U-3210","ONCE DAILY TREATMENT OF ANXIETY DISORDER IN ADULTS"
"U-3211","TREATING DISTRIBUTIVE SHOCK WITH ANGIOTENSIN II"
"U-3212","TREATING SEPTIC SHOCK WITH ANGIOTENSIN II"
"U-3213","A METHOD OF TREATING A CANCER CHARACTERIZED BY AN IDH1 MUTATION WHEREIN THE CANCER IS PREVIOUSLY TREATED, LOCALLY ADVANCED OR METASTATIC CHOLANGIOCARCINOMA"
"U-3214","A METHOD OF TREATING PREVIOUSLY TREATED, LOCALLY ADVANCED OR METASTATIC CHOLANGIOCARCINOMA CHARACTERIZED BY THE PRESENCE OF A MUTANT ALLELE OF IDH1 BY ADMINISTERING A ONCE DAILY 500 MG ORAL DOSE TO A SUBJECT THAT HAS NOT INGESTED A HIGH-FAT MEAL"
"U-3215","A METHOD OF TREATING PREVIOUSLY TREATED, LOCALLY ADVANCED OR METASTATIC CHOLANGIOCARCINOMA CHARACTERIZED BY AN IDH1 MUTATION"
"U-3216","A METHOD FOR TREATING A BCRABL POSITIVE LEUKEMIA IN A SUBJECT THAT IS RESISTANT TO IMATINIB COMPRISING ADMINISTERING TO THE SUBJECT A THERAPEUTICALLY EFFECTIVE AMOUNT OF BOSUTINIB, WHEREIN THE SUBJECT HAS A MUTATION IN THE BCRABL PROTEIN AT 949T>C"
"U-3217","A METHOD FOR TREATING A BCRABL POSITIVE LEUKEMIA IN A SUBJECT THAT IS RESISTANT TO IMATINIB COMPRISING ADMINISTERING TO THE SUBJECT A THERAPEUTICALLY EFFECTIVE AMOUNT OF BOSUTINIB, WHEREIN THE SUBJECT HAS A MUTATION IN THE BCRABL PROTEIN AT F317L"
"U-3218","NASAL ADMINISTRATION OF DIHYDROERGOTAMINE MESYLATE BY METERED SPRAY FOR THE ACUTE TREATMENT OF MIGRAINE WITH OR WITHOUT AURA"
"U-3219","TREATMENT OF GASTROINTESTINAL STROMAL TUMOR"
"U-3220","TREATMENT OF PATIENTS WITH NON-SMALL CELL LUNG CANCER (NSCLC) WITH EPIDERMAL GROWTH FACTOR RECEPTOR (EGFR) EXON 20 EXON INSERTION MUTATIONS WHOSE DISEASE HAS PROGRESSED ON OR AFTER PLATINUM-BASED CHEMOTHERAPY"
"U-3221","USE OF VASCEPA AS AN ADJUNCT TO STATIN THERAPY TO REDUCE THE RISK OF A CARDIOVASCULAR EVENT IN A PATIENT WITH PRIOR PERCUTANEOUS CORONARY INTERVENTION"
"U-3222","TREATMENT OF ACUTE MYELOID LEUKEMIA (AML) BY ORALLY ADMINISTERING VENETOCLAX WITH AZACITIDINE OR DECITABINE OR LOW-DOSE CYTARABINE IN ADULTS 75 YEARS OR OLDER OR HAVING CERTAIN COMORBIDITIES ACCORDING TO A DOSE RAMP-UP INCLUDING A 100 MG PER DAY DOSE"
"U-3223","TREATMENT OF CHRONIC LYMPHOCYTIC LEUKEMIA (CLL) OR SMALL LYMPHOCYTIC LYMPHOMA (SLL) BY ORALLY ADMINISTERING VENETOCLAX TO AN ADULT ACCORDING TO A DOSE RAMP-UP INCLUDING A 100 MG PER DAY DOSE"
"U-3224","A METHOD OF TREATING HETEROZYGOUS FAMILIAL HYPERCHOLESTEROLEMIA OR ESTABLISHED ATHEROSCLEROTIC CARDIOVASCULAR DISEASE BY DECREASING THE LEVEL OF LDL-C USING A FIXED DOSE COMBINATION OF 180 MG BEMPEDOIC ACID AND 10 MG EZETIMIBE"
"U-3225","TREATMENT OF DIFFERENTIATED THYROID CANCER THAT HAS PROGRESSED FOLLOWING PRIOR VEGFR-TARGETED THERAPY"
"U-3226","FOR TREATMENT OF CHRONIC GRAFT-VERSUS-HOST DISEASE (CGVHD) AFTER FAILURE OF ONE OR TWO LINES OF SYSTEMIC THERAPY"
"U-3227","FOR TREATMENT OF INTERMEDIATE OR HIGH-RISK MYELOFIBROSIS (MF), INCLUDING PRIMARY MF, POST-POLYCYTHEMIA VERA MF AND POST-ESSENTIAL THROMBOCYTHEMIA MF"
"U-3228","FOR TREATMENT OF POLYCYTHEMIA VERA (PV) IN PATIENTS WHO HAVE HAD AN INADEQUATE RESPONSE TO OR ARE INTOLERANT OF HYDROXYUREA"
"U-3229","FOR TOPICAL SHORT-TERM, NON-CONTINUOUS CHRONIC TREATMENT OF MILD TO MODERATE ATOPIC DERMATITIS IN NON-IMMUNOCOMPROMISED PATIENTS WHOSE DISEASE IS NOT ADEQUATELY CONTROLLED WITH TOPICAL PRESCRIPTION THERAPIES OR WHEN THOSE THERAPIES ARE NOT ADVISABLE"
"U-3230","FOR TREATMENT OF STEROID-REFRACTORY ACUTE GRAFT-VERSUS-HOST DISEASE (AGVHD)"
"U-3231","TREATMENT OF PHILADELPHIA CHROMOSOME POSITIVE CHRONIC MYELOID LEUKEMIA (PH+CML) BY ADMINISTERING NILOTINIB DISPERSED IN A FRUIT PREPARATION"
"U-3232","USE OF ORAL OCTREOTIDE FOR LONG-TERM MAINTENANCE TREATMENT IN ACROMEGALY PATIENTS WHILE AVOIDING CONCOMITANT ADMINISTRATION OF LEVONORGESTREL"
"U-3233","USE FOR THE TREATMENT OF SEIZURES ASSOCIATED WITH TUBEROUS SCLEROSIS COMPLEX IN PATIENTS TAKING EVEROLIMUS"
"U-3234","TREATMENT OF MACULAR EDEMA ASSOCIATED WITH UVEITIS"
"U-3235","USE FOR THE TREATMENT OF SEIZURES ASSOCIATED WITH DRAVET SYNDROME"
"U-3236","USE FOR THE TREATMENT OF SEIZURES ASSOCIATED WITH LENNOX-GASTAUT SYNDROME"
"U-3237","TREATMENT OF CHRONIC HEPATITIS C VIRUS (HCV) GENOTYPE 1, 2, 3, 4, 5, OR 6 IN ADULT AND PEDIATRIC PATIENTS 12 YEARS AND OLDER OR WEIGHING AT LEAST 45 KG"
"U-3238","TREATMENT OF CHRONIC HEPATITIS C VIRUS (HCV) GENOTYPE 1, 2, 3, 4, 5, OR 6 IN PEDIATRIC PATIENTS 3 TO LESS THAN 12 YEARS OF AGE OR WEIGHING LESS THAN 45 KG"
"U-3239","TREATMENT OF ADVANCED RENAL CELL CARCINOMA (RCC) IN PATIENTS WHO HAVE RECEIVED PRIOR ANTI-ANGIOGENIC THERAPY"
"U-3240","USE OF VASCEPA TO REDUCE TRIGLYCERIDE LEVELS IN AN ADULT PATIENT HAVING TRIGLYCERIDE LEVELS OF AT LEAST ABOUT 500 MG/DL, ON ANTICOAGULANT/ANTIPLATELET/THROMBOLYTIC THERAPY, AND HAVING ATRIAL FIBRILLATION AND/OR ATRIAL FLUTTER"
"U-3241","IN COMBINATION WITH ENDOCRINE THERAPY (TAMOXIFEN OR AN AROMATASE INHIBITOR) FOR THE ADJUVANT TREATMENT OF ADULT PATIENTS WITH HR-POSITIVE, HER2-NEGATIVE, NODE-POSITIVE, EARLY BREAST CANCER AT HIGH RISK OF RECURRENCE AND A KI-67 SCORE >=20%"
"U-3242","IN COMBINATION WITH FULVESTRANT FOR THE TREATMENT OF ADULT PATIENTS WITH HR-POSITIVE, HUMAN EPIDERMAL GROWTH FACTOR RECEPTOR 2 (HER2)-NEGATIVE ADVANCED OR METASTATIC BREAST CANCER WITH DISEASE PROGRESSION FOLLOWING ENDOCRINE THERAPY"
"U-3243","IN COMBINATION WITH AN AROMATASE INHIBITOR AS INITIAL ENDOCRINE-BASED THERAPY FOR THE TREATMENT OF POSTMENOPAUSAL WOMEN, AND MEN WITH HR-POSITIVE, HUMAN EPIDERMAL GROWTH FACTOR RECEPTOR 2 (HER2)-NEGATIVE ADVANCED OR METASTATIC BREAST CANCER"
"U-3244","A METHOD FOR TREATMENT OF PAIN IN ADULTS USING TRAMADOL HYDROCHLORIDE AND CELECOXIB"
"U-3245","MAINTENANCE MONOTHERAPY TREATMENT OF BIPOLAR I DISORDER"
"U-3246","FOR THE TREATMENT OF CHRONIC GRAFT VERSUS HOST DISEASE"
"U-3247","FOR THE TREATMENT OF CHRONIC GRAFT VERSUS HOLD DISEASE"
"U-3248","TREATING SECONDARY HYPERPARATHYROIDISM IN STAGE 3/4 CHRONIC KIDNEY DISEASE WITH SUSTAINED RELEASE 25-HYDROXYVITAMIN D TO REDUCE THE PATIENT'S SERUM PARATHYROID HORMONE LEVEL WHILE AVOIDING PTH OVERSUPPRESSION"
"U-3249","TREATMENT OF CORONAVIRUS DISEASE 2019 (COVID-19) IN NON-HOSPITALIZED ADULTS AND PEDIATRIC PATIENTS (AT LEAST 12 YEARS OF AGE AND 40 KG)"
"U-3250","METHOD OF TREATING PAIN, FOR EXAMPLE, TREATING POSTSURGICAL PAIN VIA INFILTRATION FOR LOCAL ANALGESIA OR VIA INTERSCALENE BRACHIAL PLEXUS NERVE BLOCK FOR REGIONAL ANALGESIA"
"U-3251","ADMINISTRATION OF FERROUS BISGLYCINATE TABLETS"
"U-3252","USE OF VUITY FOR THE TREATMENT OF PRESBYOPIA IN ADULTS"
"U-3253","TREATMENT OF CYSTIC FIBROSIS IN PATIENTS AGED 6 YEARS AND OLDER WHO HAVE IN THE CFTR GENE AT LEAST ONE F508DEL MUTATION OR A MUTATION THAT IS RESPONSIVE BASED ON IN VITRO DATA WITH A COMPOSITION ACCORDING TO AT LEAST ONE OF CLAIMS 1-9 OF US11179367"
"U-3254","USE, IN COMBINATION WITH LOW-DOSE CYTARABINE, FOR THE TREATMENT OF NEWLY-DIAGNOSED ACUTE MYELOID LEUKEMIA (AML) IN ADULT PATIENTS WHO ARE >= 75 YEARS OLD OR WHO HAVE COMORBIDITIES THAT PRECLUDE USE OF INTENSIVE INDUCTION CHEMOTHERAPY"
"U-3255","TREATMENT OF ADULTS WITH MODERATELY TO SEVERELY ACTIVE RHEUMATOID ARTHRITIS WHO HAVE HAD AN INADEQUATE RESPONSE OR INTOLERANCE TO ONE OR MORE TNF BLOCKERS"
"U-3256","USE TO INCREASE LINEAR GROWTH IN PEDIATRIC PATIENTS WITH ACHONDROPLASIA WHO ARE 5 YEARS OF AGE AND OLDER WITH OPEN EPIPHYSES"
"U-3257","TREATMENT OF TRD IN CONJUNCTION WITH AN ORAL ANTIDEPRESSANT BY NASALLY ADMINISTERING 56MG OR 84MG OF ESKETAMINE IN A MAINTENANCE PHASE WEEKLY OR 1X EVERY TWO WEEKS TO ADULTS WHO HAVE BEEN ADMINISTERED ESKETAMINE IN A INDUCTION PHASE FOR ABOUT 4 WEEKS"
"U-3258","TREATMENT OF ADULT PATIENTS WITH LOCALLY ADVANCED UNRESECTABLE OR METASTATIC MALIGNANT PERIVASCULAR EPITHELIOID CELL TUMOR (PECOMA) WITH A DOSE BETWEEN ABOUT 56 MG/M2 AND ABOUT 100 MG/M2 ADMINISTERED ON DAYS 1 AND 8 OF A 21-DAY CYCLE"
"U-3259","TREATMENT OF ADULT PATIENTS WITH LOCALLY ADVANCED UNRESECTABLE OR METASTATIC MALIGNANT PERIVASCULAR EPITHELIOID CELL TUMOR (PECOMA)"
"U-3260","METHOD OF TREATING SPASTICITY"
"U-3261","FOR CLEANSING OF THE COLON AS A PREPARATION FOR COLONOSCOPY"
"U-3262","TREATING HYPOTENSION WITH ANGIOTENSIN II IN A PATIENT RECEIVING AN ANGIOTENSIN CONVERTING ENZYME INHIBITOR"
"U-3263","METHOD FOR TREATING SPASTICITY"
"U-3264","AS INITIAL ENDOCRINE-BASED THERAPY FOR THE TREATMENT OF ADULT PATIENTS WITH HORMONE RECEPTOR (HR)-POSITIVE, HUMAN EPIDERMAL GROWTH FACTOR RECEPTOR 2 (HER2)-NEGATIVE ADVANCED OR METASTATIC BREAST CANCER"
"U-3265","IN COMBINATION WITH AN AROMATASE INHIBITOR AS INITIAL ENDOCRINE-BASED THERAPY FOR THE TREATMENT OF ADULT PATIENTS WITH HORMONE RECEPTOR (HR)-POSITIVE, HUMAN EPIDERMAL GROWTH FACTOR RECEPTOR 2 (HER2)-NEGATIVE ADVANCED OR METASTATIC BREAST CANCER"
"U-3266","IN COMBINATION WITH FULVESTRANT AS INITIAL ENDOCRINE-BASED THERAPY OR FOLLOWING DISEASE PROGRESSION ON ENDOCRINE THERAPY IN POSTMENOPAUSAL WOMEN OR IN MEN, FOR THE TREATMENT OF HR-POSITIVE, HER2-NEGATIVE ADVANCED OR METASTATIC BREAST CANCER"
"U-3267","USE OF LASTACAFT TO TEMPORARY RELIEVE ITCHY EYES DUE TO POLLEN, RAGWEED, GRASS, ANIMAL HAIR AND DANDER"
"U-3268","TREATMENT OF MULTIPLE SCLEROSIS IN PEDIATRIC PATIENTS 10 YEARS OF AGE AND OLDER AND WEIGHING LESS THAN OR EQUAL TO 40 KG"
"U-3269","TREATMENT OF PRIMARY IMMUNOGLOBULIN A NEPHROPATHY (IGAN) IN ADULTS AT RISK OF RAPID DISEASE PROGRESSION"
"U-3270","TREATMENT OF BACTERIAL VAGINOSIS IN FEMALE PATIENTS 12 YEARS OF AGE AND OLDER"
"U-3271","TREATMENT OF BIPOLAR DEPRESSION"
"U-3272","AS AN ADJUNCT TO DIET AND MAXIMALLY TOLERATED STATIN THERAPY FOR THE TREATMENT OF ADULTS WITH HETEROZYGOUS FAMILIAL HYPERCHOLESTEROLEMIA (HEFH) OR CLINICAL ATHEROSCLEROTIC CARDIOVASCULAR DISEASE (ASCVD), BY INHIBITING EXPRESSION OF THE PCSK9 GENE"
"U-3274","TREATMENT OF BIPOLAR I DISORDER, BIPOLAR II DISORDER, OR BIPOLAR DEPRESSION"
"U-3275","TREATMENT OF ADULTS WITH ACTIVE PSORIATIC ARTHRITIS WHO HAVE HAD AN INADEQUATE RESPONSE OR INTOLERANCE TO ONE OR MORE TNF BLOCKERS"
"U-3276","TREATMENT OF PATIENTS WITH PLAQUE PSORIASIS WHO ARE CANDIDATES FOR PHOTOTHERAPY OR SYSTEMIC THERAPY"
"U-3277","USE FOR THE TREATMENT OF SEIZURES ASSOCIATED WITH TUBEROUS SCLEROSIS COMPLEX"
"U-3278","A METHOD OF REDUCING POST-SURGICAL PAIN FOLLOWING OCULAR SURGERY"
"U-3279","A METHOD OF TREATING POSTOPERATIVE INFLAMMATION FOLLOWING OCULAR SURGERY"
"U-3280","METHOD OF TREATING ACNE VULGARIS WITH TOPICALLY APPLIED CORTEXOLONE 17ALPHA-PROPIONATE"
"U-3281","TREATMENT OF SCHIZOPHRENIA IN ADULTS AND PEDIATRIC PATIENTS AGES 13 YEARS AND OLDER"
"U-3282","DURING LEVOKETOCONAZOLE DOSAGE TITRATION FOR THE TREATMENT OF CUSHING'S SYNDROME IN PATIENTS WHO CONCOMITANTLY USE METFORMIN, MONITORING GLYCEMIA, KIDNEY FUNCTION AND VITAMIN B-12 AND ADJUSTING DOSAGE OF METFORMIN AS NEEDED"
"U-3283","TREATMENT OF ENDOGENOUS HYPERCORTISOLEMIA IN PATIENTS WITH CUSHING’S SYNDROME FOR WHOM SURGERY IS NOT AN OPTION OR HAS NOT BEEN CURATIVE"
"U-3284","PROPHYLAXIS OF THROMBOEMBOLIC DISEASES IN PEDIATRIC PATIENTS AGED 2 YEARS AND OLDER WITH CONGENITAL HEART DISEASE WHO HAVE UNDERGONE THE FONTAN PROCEDURE AND A BODY WEIGHT OF >=50 KG"
"U-3285","TREATMENT OF DVT AND/OR PE AND REDUCTION IN THE RISK OF RECURRENT DVT AND/OR PE IN PEDIATRIC PATIENTS (>=50 KG) ONCE DAILY WITH RAPID-RELEASE TABLET ADMINISTERED FOR AT LEAST 5 CONSECUTIVE DAYS AFTER AT LEAST 5 DAYS PARENTERAL ANTICOAGULANT TREATMENT"
"U-3286","TREATMENT OF VENOUS THROMBOEMBOLISM (VTE) AND THE REDUCTION IN THE RISK OF RECURRENT VTE IN PEDIATRIC PATIENTS FROM BIRTH TO LESS THAN 18 YEARS WITH A BODY WEIGHT OF 30 KG TO 49.9 KG AFTER AT LEAST 5 DAYS OF INITIAL PARENTERAL ANTICOAGULANT TREATMENT"
"U-3287","TREATMENT OF VENOUS THROMBOEMBOLISM (VTE) AND THE REDUCTION IN THE RISK OF RECURRENT VTE IN PEDIATRIC PATIENTS FROM BIRTH TO LESS THAN 18 YEARS WITH A BODY WEIGHT OF >=50 KG AFTER AT LEAST 5 DAYS OF INITIAL PARENTERAL ANTICOAGULANT TREATMENT"
"U-3288","PROPHYLAXIS OF PE, DVT AND/OR STROKE IN PEDIATRIC PATIENTS (>=50 KG) AGED 2 YEARS AND OLDER WITH CONGENITAL HEART DISEASE AFTER FONTAN PROCEDURE WITH ONCE DAILY, RAPID-RELEASE TABLET ADMINISTERED FOR AT LEAST 5 CONSECUTIVE DAYS"
"U-3289","TREATMENT OF DVT AND/OR PE AND REDUCTION IN RISK OF RECURRENT DVT AND/OR PE IN PEDIATRIC PATIENTS (30-49.9 KG) ONCE DAILY WITH RAPID-RELEASE TABLET ADMINISTERED FOR AT LEAST 5 CONSECUTIVE DAYS AFTER AT LEAST 5 DAYS PARENTERAL ANTICOAGULANT TREATMENT"
"U-3290","TREATMENT OF CHOLESTATIC PRURITUS IN PATIENTS WITH ALAGILLE SYNDROME (ALGS)"
"U-3291","CYTALUX IS AN OPTICAL IMAGING AGENT INDICATED IN ADULT PATIENTS WITH OVARIAN CANCER AS AN ADJUNCT FOR INTRAOPERATIVE IDENTIFICATION OF MALIGNANT LESIONS"
"U-3292","USE OF VASCEPA TO REDUCE TRIGLYCERIDE LEVELS IN AN ADULT PATIENT ON STATIN THERAPY AND HAVING ATRIAL FIBRILLATION OR ATRIAL FLUTTER AND TRIGLYCERIDE LEVELS OF ABOUT 500 MG/DL TO ABOUT 2,000 MG/DL"
"U-3293","METHOD OF TREATING BACTERIAL VAGINOSIS BY SINGLE DOSE ADMINISTRATION OF A CLINDAMYCIN PHARMACEUTICAL GEL FORMULATION"
"U-3294","METHOD OF TREATING A BACTERIAL INFECTION BY ADMINISTERING A RECONSTITUTED SOLID FORMULATION OF DAPTOMYCIN CONTAINING 31.0 TO 59.4% WT TOTAL MANNITOL AND SORBITOL"
"U-3295","METHOD OF DELIVERING A COMBINATION OF OLOPATADINE HYDROCHLORIDE AND MOMETASONE FUROATE TO A NASAL AIRWAY"
"U-3296","TREATMENT OF SEASONAL ALLERGIC RHINITIS BY NASALY ADMINISTERING A COMBINATION OF OLOPATADINE HYDROCHLORIDE AND MOMETASONE FUROATE TO A PEDIATRIC PATIENT"
"U-3297","TREATMENT OF SEASONAL ALLERGIC RHINITIS BY NASALY ADMINISTERING A COMBINATION OF OLOPATADINE HYDROCHLORIDE AND MOMETASONE FUROATE"
"U-3298","TREATMENT OF ADULTS AND PEDIATRIC PATIENTS 12 YEARS OF AGE AND OLDER WITH REFRACTORY, MODERATE TO SEVERE ATOPIC DERMATITIS WHOSE DISEASE IS NOT ADEQUATELY CONTROLLED WITH OTHER SYSTEMIC DRUG PRODUCTS, OR WHEN USE OF THOSE THERAPIES ARE INADVISABLE"
"U-3299","TREATMENT OF ATTENTION DEFICIT HYPERACTIVITY DISORDER (ADHD) IN PEDIATRIC PATIENTS"
"U-3300","PROPHYLAXIS TO PREVENT ATTACKS OF HEREDITARY ANGIOEDEMA (HAE) IN ADULTS AND PEDIATRIC PATIENTS 12 YEARS OF AGE AND OLDER"
"U-3301","TREATMENT OF ADULT AND PEDIATRIC PATIENTS WITH HEPATIC VENO-OCCLUSIVE DISEASE (VOD), ALSO KNOWN AS SINUSOIDAL OBSTRUCTION SYNDROME (SOS), WITH RENAL OR PULMONARY DYSFUNCTION FOLLOWING HEMATOPOIETIC STEM-CELL TRANSPLANTATION (HSCT)"
"U-3302","TREATMENT OF TRICHOMONIASIS IN PATIENTS 12 YEARS OF AGE AND OLDER"
"U-3303","TOPICAL LESION-DIRECTED AND FIELD-DIRECTED TREATMENT OF ACTINIC KERATOSIS OF THE FACE AND SCALP WITH PHOTODYNAMIC THERAPY BY POSITIONING AN ILLUMINATION DEVICE IN AN APPROPRIATE DISTANCE AND ILLUMINATING THE TREATMENT AREA WITH NARROWBAND RED LIGHT"
"U-3304","METHOD OF TREATING PARKINSON'S DISEASE BY ORALLY ADMINISTERING SEGMENTS OF A FUNCTIONALLY MULTISCORED, BILAYERED TABLET HAVING CARBIDOPA—25 MG/LEVODOPA—100 MG, EACH SEGMENT HAVING CARBIDOPA—6.25 MG/LEVODOPA—25 MG"
"U-3305","METHOD OF TREATING PARKINSON'S DISEASE BY ORALLY ADMINISTERING A FUNCTIONALLY MULTISCORED, BILAYERED TABLET HAVING CARBIDOPA—25 MG/LEVODOPA—100 MG"
"U-3306","TREATMENT OF ADULT PATIENTS WITH KRAS G12C-MUTATED LOCALLY ADVANCED OR METASTATIC NON-SMALL CELL LUNG CANCER (NSCLC), AS DETERMINED BY AN FDA-APPROVED TEST, WHO HAVE RECEIVED AT LEAST ONE PRIOR SYSTEMIC THERAPY"
"U-3307","TREATMENT OF HIV-1 INFECTION IN PEDIATRIC PATIENTS WEIGHING AT LEAST 35KG WITH NO PRIOR ANTIRETROVIRAL TREATMENT HISTORY OR TO REPLACE THE CURRENT ANTIRETROVIRAL REGIMEN IN THOSE WHO ARE VIROLOGICALLY SUPPRESSED"
"U-3308","FOR USE IN COMBINATION WITH OTHER ANTIRETROVIRAL AGENTS TO TREAT HIV-1 INFECTION IN PEDIATRIC PATIENTS WEIGHING AT LEAST 35KG WITH NO PRIOR ANTIRETROVIRAL TREATMENT HISTORY OR TO REPLACE THE CURRENT ANTIRETROVIRAL REGIMEN IF VIROLOGICALLY SUPPRESSED"
"U-3309","NORLIQVA IS INDICATED FOR THE TREATMENT OF HYPERTENSION, TO LOWER BLOOD PRESSURE IN ADULTS AND CHILDREN 6 YEARS OF AGE AND OLDER"
"U-3310","NORLIQVA IS INDICATED FOR THE SYMPTOMATIC TREATMENT OF CHRONIC STABLE ANGINA"
"U-3311","NORLIQVA IS INDICATED FOR THE TREATMENT OF CONFIRMED OR SUSPECTED VASOSPASTIC ANGINA"
"U-3312","METHOD TO TREAT IDA IN ADULTS & PEDIATRIC PATIENTS 1 YR & OLDER WITH INTOLERANCE OR UNSATISFACTORY RESPONSE TO ORAL IRON & WEIGHING AT LEAST 40 KG BY INTRAVENOUSLY ADMINISTERING FERRIC CARBOXYMALTOSE TO PROVIDE AT LEAST ABOUT 0.6 G OF ELEMENTAL IRON"
"U-3313","METHOD OF TREATING IDA IN ADULT PATIENTS WITH NON-DIALYSIS DEPENDENT CHRONIC KIDNEY DISEASE & WEIGHING AT LEAST 40 KG BY INTRAVENOUSLY ADMINISTERING FERRIC CARBOXYMALTOSE TO PROVIDE AT LEAST ABOUT 0.6 GRAMS OF ELEMENTAL IRON"
"U-3314","METHOD OF TREATING IDA IN ADULTS & PEDIATRIC PATIENTS 1 YR & OLDER HAVING INTOLERANCE OR UNSATISFACTORY RESPONSE TO ORAL IRON ASSOCIATED WITH HEAVY UTERINE BLEEDING OR GASTROINTESTINAL DISORDER BY INTRAVENOUSLY ADMINISTERING FERRIC CARBOXYMALTOSE"
"U-3315","METHOD TO TREAT IDA IN ADULTS & PEDIATRIC PATIENTS 1 YR & OLDER WITH INTOLERANCE OR UNSATISFACTORY RESPONSE TO ORAL IRON & WEIGHING AT LEAST 40 KG BY ADMINISTERING IV AT LEAST ABOUT 0.6 G OF IRON AS FERRIC CARBOXYMALTOSE IN ABOUT 15 MIN OR LESS"
"U-3316","METHOD OF TREATING IDA IN ADULT PATIENTS WITH NON-DIALYSIS DEPENDENT CHRONIC KIDNEY DISEASE & WEIGHING AT LEAST 40 KG BY INTRAVENOUSLY ADMINISTERING AT LEAST ABOUT 0.6 GRAMS OF IRON AS FERRIC CARBOXYMALTOSE IN ABOUT 15 MINUTES OR LESS"
"U-3317","POSITRON EMISSION TOMOGRAPHY (PET) OF PROSTATE-SPECIFIC MEMBRANE ANTIGEN (PSMA) POSITIVE LESIONS IN MEN WITH PROSTATE CANCER"
"U-3318","MANAGEMENT OF MODERATE-TO-SEVERE PAIN BY INJECTION"
"U-3319","METHOD OF USING A PYRUVATE KINASE ACTIVATOR FOR THE TREATMENT OF HEMOLYTIC ANEMIA IN ADULTS WITH PYRUVATE KINASE (PK) DEFICIENCY"
"U-3320","METHOD FOR INCREASING THE LIFETIME OF RED BLOOD CELLS (RBCS) FOR THE TREATMENT OF HEMOLYTIC ANEMIA IN ADULTS WITH PYRUVATE KINASE (PK) DEFICIENCY"
"U-3321","METHOD OF USING A PYRUVATE KINASE ACTIVATOR FOR THE TREATMENT OF HEMOLYTIC ANEMIA IN ADULTS WITH PYRUVATE KINASE (PK) DEFICIENCY BY ADMINISTERING A DAILY DOSE OF 10MG TO 100MG"
"U-3322","USE FOR DETECTING NEUTRALIZING ANTIBODIES"
"U-3323","METHOD OF REDUCING ADVERSE EFFECTS IN PATIENTS WHO ARE CONCOMITANTLY ADMINISTERED A SALT OF GAMMA-HYDROXYBUTYRATE AND DIVALPROEX SODIUM"
"U-3324","METHOD OF TREATING PATIENTS WITH A SALT OF GAMMA-HYDROXYBUTYRATE WHEN DIVALPROEX SODIUM IS CONCOMITANTLY ADMINISTERED"
"U-3325","METHOD FOR REDUCING THE RISK OF CARDIOVASCULAR DEATH AND HOSPITALIZATION FOR HEART FAILURE IN ADULTS WITH TYPE 2 DIABETES MELLITUS AND HEART FAILURE BY ONCE DAILY ADMINISTRATION OF EMPAGLIFLOZIN"
"U-3326","A METHOD OF TREATING ANKYLOSING SPONDYLITIS BY ADMINISTERING THE FORMULATION OF TOFACITINIB OF CLAIMS 1, 8, 15-20, 27-31, 34-43, 45, 47, 49, 50, 54, 59, 63, 68-71, 73, 77, 82-84, AND 87-98"
"U-3327","A METHOD OF TREATING PSORIATIC ARTHRITIS BY ADMINISTERING THE FORMULATION OF TOFACITINIB OF CLAIMS 1, 8, 15-20, 27-31, 34-44, 46, 48, 50, 53, 59, 62, 68-71, 73, 76, 82-84, AND 87-98"
"U-3328","A METHOD OF TREATING RHEUMATOID ARTHRITIS BY ADMINISTERING THE FORMULATION OF TOFACITINIB OF CLAIMS 1, 2, 8, 9, 15-21, 27-31, 34-43, 50, 51, 59, 60, 68-71, 73, 74, 82-84 AND 87-98"
"U-3329","A METHOD OF TREATING ULCERATIVE COLITIS, BY ADMINISTERING THE FORMULATION OF TOFACITINIB OF CLAIMS 1, 3, 8, 10, 15-20, 22, 27-31, 34-43, 50, 52, 59, 61, 68-71, 73, 75, 82-84 AND 87-98"
"U-3330","TREATMENT OF GASTROINTESTINAL STROMAL TUMORS IN PATIENTS SUFFERING FROM PALMER-PLANTER ERYTHRODYSESTHESIA SYNDROME"
"U-3331","TREATMENT OF MYELOFIBROSIS WITH PACRITINIB"
"U-3332","USE OF PACRITINIB FOR INHIBITING JANUS ASSOCIATED KINASE 2(JAK2)"
"U-3333","ADJUVANT TREATMENT OF PATIENTS WITH GBRCA-MUTATED HUMAN EPIDERMAL GROWTH FACTOR RECEPTOR 2 (HER2)-NEGATIVE HIGH RISK EARLY BREAST CANCER WHO HAVE BEEN TREATED WITH NEOADJUVANT OR ADJUVANT CHEMOTHERAPY"
"U-3334","A METHOD OF TRANSDERMAL DELIVERY OF DONEPEZIL FOR TREATING MILD, MODERATE AND SEVERE DEMENTIA OF THE ALZHEIMER'S TYPE"
"U-3335","TREATMENT OF HOSPITAL-ACQUIRED BACTERIAL PNEUMONIA (HABP)"
"U-3336","TREATMENT OF VENTILATOR-ASSOCIATED BACTERIAL PNEUMONIA (VABP)"
"U-3337","ADMINISTERING DAILY A UNIT DOSAGE OF AN IRREVERSIBLE EGFR INHIBITOR COVALENTLY BINDING AS CLAIMED FOR 1ST LINE TREATMENT OF GEFITINIB OF ERLOTINIB RESISTANT METASTATIC NSCLC WITH EGFR EXON 19 DELETION OR EXON 21 L858R SUBSTITUTION"
"U-3338","ADMINISTERING DAILY A UNIT DOSAGE OF AN IRREVERSIBLE EGFR INHIBITOR COVALENTLY BINDING AS CLAIMED FOR 1ST LINE TREATMENT OF GEFITINIB OR ERLOTINIB RESISTANT METASTATIC NSCLC WITH EGFR EXON 19 DELETION OR EXON 21 L858R SUBSTITUTION WITH T790M MUTATION"
"U-3339","TREATMENT OF CF IN A PATIENT AGE 4 MONTHS TO <6 YEARS WHO HAS ONE MUTATION IN THE CFTR GENE THAT IS RESPONSIVE TO IVACAFTOR BASED ON CLINICAL AND/OR IN VITRO ASSAY DATA USING THE COMPOSITION RECITED IN CLAIM 1 OF US 11147770"
"U-3340","A METHOD OF TREATING ATTENTION DEFICIT HYPERACTIVITY DISORDER BY ADMINISTERING A TRANSDERMAL COMPOSITION CONTAINING AMPHETAMINE"
"U-3341","TREATMENT OF ADULTS WITH MODERATELY TO SEVERELY ACTIVE ULCERATIVE COLITIS WHO HAVE HAD AN INADEQUATE RESPONSE OR INTOLERANCE TO ONE OR MORE TNF BLOCKERS"
"U-3342","TREATMENT OF NIGHTTIME SLEEP DISTURBANCES IN SMITH-MAGENIS SYNDROME BY AVOIDING THE ADMINISTRATION OF TASIMELTEON WITH BETA-ADRENERGIC RECEPTOR ANTAGONISTS"
"U-3343","TREATMENT OF NON-24-HOUR SLEEP-WAKE DISORDER BY AVOIDING THE ADMINISTRATION OF TASIMELTEON WITH BETA-ADRENERGIC RECEPTOR ANTAGONISTS"
"U-3344","A METHOD OF TREATING ADULTS WITH MULTIPLE MYELOMA USING DEXAMETHASONE IN COMBINATION WITH AN ANTI-MYELOMA PRODUCT"
"U-3345","FOR TREATMENT OF ADULT PATIENTS WITH PROSTATE-SPECIFIC MEMBRANE ANTIGEN (PSMA)-POSITIVE METASTATIC CASTRATION-RESISTANT PROSTATE CANCER (MCRPC) WHO HAVE BEEN TREATED WITH ANDROGEN RECEPTOR (AR) PATHWAY INHIBITION AND TAXANE-BASED CHEMOTHERAPY"
"U-3346","METHOD OF PROVIDING LOCAL OR REGIONAL ANALGESIA VIA INFILTRATION FOR LOCAL ANALGESIA OR VIA INTERSCALENE BRACHIAL PLEXUS NERVE BLOCK OR FEMORAL NERVE BLOCK FOR REGIONAL ANALGESIA"
"U-3347","USE IN COMBINATION WITH CANNABIDIOL FOR THE TREATMENT OF SEIZURES ASSOCIATED WITH LENNOX-GASTAUT SYNDROME"
"U-3348","TREATMENT OF HIV-1 INFECTION IN ADULTS AND ADOLESCENTS 12 YEARS OF AGE AND OLDER AND WEIGHING AT LEAST 35 KG"
"U-3349","REINITIATION OF SCHIZOPHRENIA TREATMENT WHEREIN MORE THAN 6 MONTHS 3 WEEKS BUT LESS THAN 8 MONTHS HAVE ELAPSED SINCE THE LAST DOSE"
"U-3350","ACUTE TREATMENT OF AGITATION ASSOCIATED WITH SCHIZOPHRENIA OR BIPOLAR I OR II DISORDER BY SUBLINGUAL ADMINISTRATION"
"U-3351","METHOD OF TREATING IRON DEFICIENCY ANEMIA IN ADULT PATIENTS WITH NON-DIALYSIS DEPENDENT CHRONIC KIDNEY DISEASE BY INTRAVENOUSLY ADMINISTERING FERRIC CARBOXYMALTOSE"
"U-3352","METHOD TO TREAT IRON DEFICIENCY ANEMIA IN ADULTS & PEDIATRIC PATIENTS 1 YEAR AND OLDER WITH INTOLERANCE OR UNSATISFACTORY RESPONSE TO ORAL IRON BY INTRAVENOUSLY ADMINISTERING FERRIC CARBOXYMALTOSE"
"U-3353","TREATMENT IN COMBINATION WITH CABOTEGRAVIR OF HIV-1 INFECTION IN ADULTS AND ADOLESCENTS 12 AND OLDER TO REPLACE CURRENT REGIMEN IN THOSE WHO ARE VIROLOGICALLY SUPPRESSED ON A STABLE ANTIRETROVIRAL REGIMEN WITH NO HISTORY OF TREATMENT FAILURE"
"U-3354","TREATMENT OF ADULT PATIENTS WITH PAROXYSMAL NOCTURNAL HEMOGLOBINURIA (PNH) BY ADMINISTRATION OF PEGCETACOPLAN SO AS TO REDUCE THE SENSITIVITY OF CELLS TO COMPLEMENT-DEPENDENT DAMAGE"
"U-3355","AN ADJUNCT TO DIET AND EXERCISE TO IMPROVE GLYCEMIC CONTROL IN ADULTS WITH TYPE 2 DIABETES MELLITUS"
"U-3356","TOPICAL TREATMENT OF INFLAMMATORY LESIONS OF ROSACEA IN ADULTS 18 YEARS OF AGE AND OLDER"
"U-3357","TOPICAL TREATMENT OF INFLAMMATORY LESIONS OF ROSACEA IN ADULTS 65 YEARS OF AGE AND OLDER"
"U-3358","USE OF VASCEPA TO REDUCE THE INCIDENCE OF MI IN AN ADULT PATIENT ON STATIN THERAPY AND WITH ELEVATED TRIGLYCERIDE LEVELS (>150 MG/DL), WHEREIN THE PATIENT EXPERIENCES ATRIAL FIBRILLATION AND/OR FLUTTER INSTEAD OF AN INCIDENCE OF MI"
"U-3359","TREATMENT OF SCHIZOPHRENIA BY ADMINISTERING A DOSE UP TO TWO WEEKS BEFORE OR THREE WEEKS AFTER THE SCHEDULED SIX-MONTH DOSE"
"U-3360","COMPLICATED INTRA-ABDOMINAL INFECTIONS (CIAI), USED IN COMBINATION WITH METRONIDAZOLE, IN ADULT AND PEDIATRIC PATIENTS (BIRTH TO LESS THAN 18 YEARS OF AGE)"
"U-3361","COMPLICATED URINARY TRACT INFECTIONS (CUTI), INCLUDING PYELONEPHRITIS, IN ADULT AND PEDIATRIC PATIENTS (BIRTH TO LESS THAN 18 YEARS OLD)"
"U-3362","TREATMENT OF BIPOLAR DEPRESSION MEDIATED BY THE 5-HT2A RECEPTOR, SEROTONIN TRANSPORTER, AND/OR DOPAMINE D1/D2 SIGNALING PATHWAYS"
"U-3363","TREATMENT OF SCHIZOPHRENIA MEDIATED BY THE 5-HT2A RECEPTOR, SEROTONIN TRANSPORTER, AND/OR DOPAMINE D1/D2 SIGNALING PATHWAYS"
"U-3364","TREATMENT OF BIPOLAR DISORDER I, BIPOLAR DISORDER II, OR BIPOLAR DEPRESSION"
"U-3365","THE PRODUCT COMPOSITION (NATROBA) IS FOR THE TOPICAL TREATMENT OF HUMAN SCABIES MITE INFESTATIONS BY MELTING AND DELIVERING THE ACTIVE INGREDIENT, SPINOSAD, TO THE STRATUM CORNEUM WHERE SCABIES MITES LIVE AND BREED"
"U-3366","VIVJOA IS INDICATED TO REDUCE THE INCIDENCE OF RECURRENT VULVOVAGINAL CANDIDIASIS (RVVC) IN FEMALES WITH A HISTORY OF RVVC WHO ARE NOT OF REPRODUCTIVE POTENTIAL"
"U-3367","TREATMENT OF CORONAVIRUS DISEASE 2019 (COVID-19) IN ADULTS AND PEDIATRIC PATIENTS (AT LEAST 28 DAYS OF AGE AND 3 KG) REQUIRING HOSPITALIZATION"
"U-3368","TREATMENT OF CORONAVIRUS DISEASE 2019 (COVID-19) IN NON-HOSPITALIZED ADULTS AND PEDIATRIC PATIENTS (AT LEAST 28 DAYS OF AGE AND 3 KG)"
"U-3369","TREATMENT OF ADULTS AND PEDIATRIC PATIENTS 12 AND OLDER WITH SCLERODERMATOUS FORM OF CHRONIC GRAFT-VERSUS-HOST DISEASE ( CGVHD) AFTER FAILURE OF AT LEAST TWO PRIOR LINES OF SYSTEMIC THERAPY"
"U-3370","A METHOD FOR THE TREATMENT OF ADULT PATIENTS WITH STABLE WILSON’S DISEASE WHO ARE DE-COPPERED AND TOLERANT TO PENICILLAMINE"
"U-3371","TREATMENT OF ADULTS WITH ACTIVE ANKYLOSING SPONDYLITIS WHO HAVE HAD AN INADEQUATE RESPONSE OR INTOLERANCE TO ONE OR MORE TNF BLOCKERS"
"U-3372","TREATMENT OF CORONAVIRUS DISEASE 2019 (COVID-19) IN HOSPITALIZED ADULTS REQUIRING SUPPLEMENTAL OXYGEN, NON-INVASIVE OR INVASIVE MECHANICAL VENTILATION, OR EXTRACORPOREAL MEMBRANE OXYGENATION (ECMO)"
"U-3373","TREATMENT OF ADULTS WITH SYMPTOMATIC NEW YORK HEART ASSOCIATION (NYHA) CLASS II-III OBSTRUCTIVE HYPERTROPHIC CARDIOMYOPATHY (HCM) TO IMPROVE FUNCTIONAL CAPACITY AND SYMPTOMS"
"U-3374","TREATMENT OF SEIZURES ASSOCIATED WITH CYCLIN-DEPENDENT KINASE-LIKE 5 (CDKL5) DEFICIENCY DISORDER (CDD) IN PATIENTS 2 YEARS OF AGE AND OLDER"
"U-3375","USE FOR THE TREATMENT OF ABSENCE SEIZURES IN PATIENTS WITH DRAVET SYNDROME"
"U-3376","USE FOR THE TREATMENT OF ABSENCE SEIZURES IN PATIENTS WITH LENNOX-GASTAUT SYNDROME"
"U-3377","TPOXX IS INDICATED FOR THE TREATMENT OF HUMAN SMALLPOX DISEASE IN ADULTS AND PEDIATRIC PATIENTS WEIGHING AT LEAST 3 KG"
"U-3378","MOUNJARO IS INDICATED AS AN ADJUNCT TO DIET AND EXERCISE TO IMPROVE GLYCEMIC CONTROL IN ADULTS WITH TYPE 2 DIABETES MELLITUS"
"U-3379","A METHOD FOR ADMINISTERING A THERAPEUTIC DOSE OF EPINEPHRINE"
"U-3380","METHOD OF TREATING PAIN, FOR EXAMPLE, VIA INFILTRATION FOR LOCAL ANALGESIA OR VIA INTERSCALENE BRACHIAL PLEXUS NERVE BLOCK FOR REGIONAL ANALGESIA"
"U-3381","TREATMENT OF GASTROINTESTINAL STROMAL TUMORS IN PATIENTS SUFFERING FROM HYPERTENSION"
"U-3382","TREATMENT OF GASTROINTESTINAL STROMAL TUMORS IN PATIENTS SUFFERING FROM A GRADE 3 ADVERSE REACTION WHILE BEING ADMINISTERED RIPRETINIB DAILY"
"U-3383","TREATING NEWLY DIAGNOSED AML CHARACTERIZED BY THE PRESENCE OF A MUTANT ALLELE OF IDH1 BY ADMINISTERING A ONCE DAILY 500 MG ORAL DOSE OF IVOSIDENIB TO A SUBJECT THAT HAS NOT INGESTED A HIGH-FAT MEAL, IN COMBINATION WITH AZACITIDINE"
"U-3384","A METHOD FOR TREATING AML BY ADMINISTERING A PHARMACEUTICAL COMPOSITION COMPRISING IVOSIDENIB WHEREIN THE AML IS NEWLY DIAGNOSED AND CHARACTERIZED BY A MUTANT IDH1 AND THE COMPOSITION IS ADMINISTERED IN COMBINATION WITH AZACITIDINE"
"U-3385","A METHOD FOR TREATING NEWLY DIAGNOSED AML WITH IVOSIDENIB AND AZACITIDINE WHEREIN THE AML HAS AN IDH1 MUTATION CAPABLE OF CONVERTING ALPHA-KETOGLUTARATE TO 2-HYDROXYGLUTARATE (2HG)"
"U-3386","A METHOD FOR TREATING A CANCER CHARACTERIZED BY AN IDH1 MUTATION WITH IVOSIDENIB IN COMBINATION WITH AZACITIDINE WHEREIN THE CANCER IS NEWLY DIAGNOSED AML"
"U-3387","A METHOD FOR TREATING NEWLY DIAGNOSED AML CHARACTERIZED BY THE PRESENCE OF A MUTANT ALLELE OF IDH1 SELECTED FROM R132H, R132C, R132L, R132V, R132S AND R132GF BY ADMINISTERING IVOSIDENIB AND AZACITIDINE"
"U-3388","USE OF ELAGOLIX 200 MG BID FOR 6 MONTHS TO MANAGE MODERATE TO SEVERE PAIN ASSOCIATED WITH ENDOMETRIOSIS IN PREMENOPAUSAL WOMEN TO REDUCE DYSMENORRHEA AND NON-MENSTRUAL PELVIC PAIN"
"U-3389","USE OF ELAGOLIX 200 MG BID FOR 6 MONTHS TO MANAGE MODERATE TO SEVERE PAIN ASSOCIATED WITH ENDOMETRIOSIS IN PREMENOPAUSAL WOMEN HAVING DYSPAREUNIA ASSOCIATED WITH ENDOMETRIOSIS"
"U-3390","SODIUM THIOSULFATE INJECTION IS ADMINISTERED BY INTRAVENOUS INJECTION"
"U-3391","A METHOD OF TITRATING AN OPIOID TO MANAGE PAIN SEVERE ENOUGH TO REQUIRE DAILY, AROUND-THE-CLOCK, LONG-TERM OPIOID TREATMENT AND FOR WHICH ALTERNATIVE TREATMENTS ARE INADEQUATE"
"U-3392","A METHOD OF TITRATING AN OPIOID TO MANAGE NEUROPATHIC PAIN ASSOCIATED WITH DIABETIC PERIPHERAL NEUROPATHY SEVERE ENOUGH TO REQUIRE DAILY, AROUND-THE-CLOCK, LONG-TERM OPIOID TREATMENT AND FOR WHICH ALTERNATIVE TREATMENT OPTIONS ARE INADEQUATE"
"U-3393","METHOD OF TREATING ACUTE PAIN DUE TO MINOR STRAINS, SPRAINS, AND CONTUSIONS USING A DICLOFENAC PATCH CONTAINING HEPARIN FOR ONCE DAILY ADMINISTRATION WHERE HEPARIN IS NOT RELEASED"
"U-3394","SODIUM NITRITE INJECTION IS ADMINISTERED BY INTRAVENOUS INJECTION"
"U-3395","SODIUM NITRITE INJECTION IS INDICATED FOR SEQUENTIAL USE WITH SODIUM THIOSULFATE FOR THE TREATMENT OF ACUTE CYANIDE POISONING"
"U-3396","AMVUTTRA IS INDICATED FOR THE TREATMENT OF THE POLYNEUROPATHY OF HEREDITARY TRANSTHYRETIN-MEDIATED AMYLOIDOSIS IN ADULTS"
"U-3397","TADLIQ IS INDICATED FOR THE TREATMENT OF PULMONARY ARTERIAL HYPERTENSION (PAH) (WHO GROUP 1) TO IMPROVE EXERCISE ABILITY"
"U-3398","FOR CHRONIC WEIGHT MANAGEMENT IN ADULTS WITH BMI >=30 KG/M2 OR BMI >=27 KG/M2 WITH A WEIGHT-RELATED COMORBIDITY, AND PATIENTS AGE 12-17 WITH BMI >=25 KG/M2 IN THE 95TH PERCENTILE OR GREATER (STANDARDIZED FOR AGE AND SEX)"
"U-3399","FOR CHRONIC WEIGHT MANAGEMENT IN ADULTS WITH BMI >=30 KG/M2, AND PATIENTS AGE 12-17 WITH BMI >=30 KG/M2 AND IN THE 95TH PERCENTILE OR GREATER (STANDARDIZED FOR AGE AND SEX), EACH HAVING A WEIGHT-RELATED COMORBIDITY"
"U-3400","FOR USE AFTER RADIOLABELING WITH GALLIUM-68, FOR POSITRON EMISSION TOMOGRAPHY OF PROSTATE-SPECIFIC MEMBRANE ANTIGEN (PSMA)-POSITIVE LESIONS IN MEN WITH PROSTATE CANCER"
"U-3401","CAROSPIR IS INDICATED AS AN ADD-ON THERAPY FOR THE TREATMENT OF HYPERTENSION, TO LOWER BLOOD PRESSURE IN ADULT PATIENTS WHO ARE NOT ADEQUATELY CONTROLLED ON OTHER AGENTS"
"U-3402","CAROSPIR IS INDICATED FOR THE MANAGEMENT OF EDEMA IN ADULT CIRRHOTIC PATIENTS WHEN EDEMA IS NOT RESPONSIVE TO FLUID AND SODIUM RESTRICTION"
"U-3403","METHOD OF REVERSING OR INHIBITING THE PROGRESS OF UNRESECTABLE, RECURRENT, OR REFRACTORY INFLAMMATORY MYOFIBROBLASTIC TUMOR (IMT) THAT IS ALK-POSITIVE IN ADULT AND PEDIATRIC PATIENTS 1 YEAR OF AGE AND OLDER"
"U-3404","FOR THE TOPICAL TREATMENT OF NONSEGMENTAL VITILIGO IN ADULT AND PEDIATRIC PATIENTS 12 YEARS OF AGE AND OLDER"
"U-3405","TREATMENT OF HIV-1 INFECTION IN ADULTS AND ADOLESCENTS 12 YEARS OF AGE AND OLDER AND WEIGHING AT LEAST 35 KG BY MONTHLY ADMINISTRATION OF RILPIVIRINE SUSPENSION AS PART OF COMBINATION THERAPY"
"U-3406","USE OF FENFLURAMINE AT REDUCED AMOUNTS WITH STIRIPENTOL FOR THE TREATMENT OF SEIZURES ASSOCIATED WITH DRAVET SYNDROME"
"U-3407","USE OF FENFLURAMINE AT REDUCED AMOUNTS WITH STIRIPENTOL FOR THE TREATMENT OF SEIZURES ASSOCIATED WITH LENNOX GASTAUT SYNDROME"
"U-3408","TOPICAL TREATMENT OF PLAQUE PSORIASIS, INCLUDING INTERTRIGINOUS AREAS, IN PATIENTS 12 YEARS OF AGE AND OLDER. (1)"
"U-3409","TREATING ADULT PATIENTS WITH INTERMEDIATE-2 OR HIGH-RISK PRIMARY OR SECONDARY MYELOFIBROSIS, MONITORING THIAMINE LEVELS AND ADMINISTERING THIAMINE OR A THIAMINE EQUIVALENT"
"U-3410","A METHOD OF INJECTING AN IMPLANT"
"U-3411","TREATING NON-EARLY SPMS BY ADMINISTERING ORAL CLADRIBINE AT A FIXED DOSE PER PATIENT, PER BODY WEIGHT AND PER TREATMENT YEAR, WHICH FIXED DOSE IS 1.75 +/- 0.2 MG/KG, TO BE ADMINISTERED WITHIN MONTHS 1 AND 2 IN EACH OF 2 ADJACENT TREATMENT YEARS"
"U-3412","TREATMENT OF ADULTS WITH RELAPSED, REFRACTORY OR PREVIOUSLY UNTREATED CHRONIC LYMPHOCYTIC LEUKEMIA INCLUDING A DOSE RAMP-UP AND IN COMBINATION WITH OBINUTUZUMAB IN MULTIPLE 28-DAY DOSING CYCLES FOLLOWED BY ADMINISTRATION IN ABSENCE OF OBINUTUZUMAB"
"U-3413","INDICATED AS ADJUNCTIVE THERAPY FOR THE TREATMENT OF PARTIAL-ONSET SEIZURES, PRIMARY GENERALIZED TONIC-CLONIC SEIZURES, AND SEIZURES ASSOCIATED WITH LENNOX-GASTAUT SYNDROME IN PATIENTS 2 YEARS OF AGE AND OLDER"
"U-3414","INDICATED AS INITIAL MONOTHERAPY FOR THE TREATMENT OF PARTIAL-ONSET OR PRIMARY GENERALIZED TONIC-CLONIC SEIZURES IN PATIENTS 2 YEARS OF AGE AND OLDER"
"U-3415","INDICATED FOR THE PREVENTIVE TREATMENT OF MIGRAINE IN PATIENTS 12 YEARS AND OLDER"
"U-3416","TREATMENT OF GASTROINTESTINAL STROMAL TUMORS IN PATIENTS BEING TREATED CONCURRENTLY WITH A CYP3A4 INHIBITOR"
"U-3417","TREATMENT OF POSTSURGICAL PAIN PROVIDING ANALGESIA TO A PATIENT FOR UP TO 72 HOURS, FOR EXAMPLE, AFTER FOOT AND ANKLE, SMALL-TO-MEDIUM OPEN ABDOMINAL, AND LOWER EXTREMITY TOTAL JOINT ARTHROPLASTY SURGICAL PROCEDURES VIA INSTILLATION"
"U-3418","A METHOD OF LOADING MEDICATION INTO A SYRINGE AND DELIVERING THE MEDICATION TO A TREATMENT SITE"
"U-3419","DEXTROMETHORPHAN AND BUPROPION IN COMBINATION TO TREAT MAJOR DEPRESSIVE DISORDER"
"U-3420","A METHOD OF TREATING TESTOSTERONE DEFICIENCY IN MEN"
"U-3421","TREATMENT OF COMPLICATED URINARY TRACT INFECTIONS (CUTI) INCLUDING PYELONEPHRITIS CAUSED BY THE FOLLOWING SUSCEPTIBLE MICROORGANISMS: ESCHERICHIA COLI,KLEBSIELLA PNEUMONIA,ENTEROBACTER CLOACAE SPECIES COMPLEX WITH MEROPENEM & VABORBACTAM AS SPECIFIED"
"U-3422","TREATMENT OF PEDIATRIC PATIENTS AGE 1 YEAR AND OLDER WITH CHRONIC GRAFT-VERSUS-HOST DISEASE (CGVHD) AFTER FAILURE OF ONE OR MORE LINES OF SYSTEMIC THERAPY"
"U-3423","METHOD OF TREATING GASTROINTESTINAL STROMAL TUMORS IN PATIENTS SUFFERING FROM GRADE 2 OR GRADE 3 MYALGIA WHILE BEING ADMINISTERED RIPRETINIB DAILY"
"U-3424","TREATMENT OF CYSTIC FIBROSIS IN A PATIENT AGE 1-5 YEARS WHO IS HOMOZYGOUS FOR THE F508DEL MUTATION IN THE CFTR GENE USING LUMACAFTOR AND IVACAFTOR"
"U-3425","TREATMENT OF CYSTIC FIBROSIS IN PATIENTS AGED 6 YEARS AND OLDER WHO HAVE IN THE CFTR GENE AT LEAST ONE F508DEL MUTATION OR A MUTATION THAT IS RESPONSIVE BASED ON IN VITRO DATA WITH A COMPOUND OF CLAIM 1 OR COMPOSITION OF CLAIM 29 OF US11426407"
"U-3426","TREATMENT OF CYSTIC FIBROSIS IN A PATIENT AGE 1-5 YEARS WHO IS HOMOZYGOUS FOR THE F508DEL MUTATION IN THE CFTR GENE USING THE DOSAGE UNIT COMPRISING LUMACAFTOR AS RECITED IN CLAIM 1 OF US PATENT 8716338 AND IVACAFTOR"
"U-3427","TREATMENT OF CYSTIC FIBROSIS IN A PATIENT AGE 1-5 YEARS WHO IS HOMOZYGOUS FOR THE F508DEL MUTATION IN THE CFTR GENE USING LUMACAFTOR FORM I AND IVACAFTOR"
"U-3428","TREATMENT OF CYSTIC FIBROSIS IN A PATIENT AGE 1-5 YEARS WHO IS HOMOZYGOUS FOR THE F508DEL MUTATION IN THE CFTR GENE USING THE DOSAGE UNIT COMPRISING LUMACAFTOR AND IVACAFTOR AS RECITED IN CLAIM 1 OF US PATENT 9192606"
"U-3429","TREATMENT OF CYSTIC FIBROSIS IN A PATIENT AGE 1-5 YEARS WHO IS HOMOZYGOUS FOR THE F508DEL MUTATION IN THE CFTR GENE USING LUMACAFTOR AND A SOLID COMPOSITION COMPRISING AMORPHOUS AND LESS THAN ABOUT 30% CRYSTALLINE IVACAFTOR"
"U-3430","TREATMENT OF CYSTIC FIBROSIS IN A PATIENT AGE 1-5 YEARS WHO IS HOMOZYGOUS FOR THE F508DEL MUTATION IN THE CFTR GENE USING A PHARMACEUTICAL COMPOSITION ACCORDING TO CLAIM 2 OF U.S. PATENT NO. 10,597,384, FURTHER COMPRISING IVACAFTOR"
"U-3431","TREATMENT OF NOCTURIA DUE TO NOCTURNAL POLYURIA IN ADULTS WHO AWAKEN AT LEAST 2 TIMES PER NIGHT TO VOID BY INDUCING AN ANTIDIURETIC EFFECT BY INTRANASALLY ADMINISTERING A PLUME OF DROPLETS COMPRISING A DOSE OF ABOUT 0.05-5 MCG DESMOPRESSIN"
"U-3432","TREATMENT OF CATAPLEXY OR EXCESSIVE DAYTIME SLEEPINESS (EDS) IN PATIENTS 7 YEARS OF AGE AND OLDER WITH NARCOLEPSY WITH A MIXTURE OF SODIUM, POTASSIUM, MAGNESIUM, AND CALCIUM SALTS OF GHB ADMINISTERED BETWEEN 2 AND 4 HOURS AFTER EATING"
"U-3433","INDICATED FOR THE TREATMENT OF SPASTICITY RESULTING FROM MULTIPLE SCLEROSIS"
"U-3434","TREATMENT OF MODERATE-TO-SEVERE PLAQUE PSORIASIS IN ADULTS WHO ARE CANDIDATES FOR SYSTEMIC THERAPY OR PHOTOTHERAPY"
"U-3435","METHOD OF TREATING IDA IN ADULT PATIENTS WITH NON-DIALYSIS DEPENDENT CHRONIC KIDNEY DISEASE & WEIGHING AT LEAST 46.7 KG BY INTRAVENOUSLY ADMINISTERING FERRIC CARBOXYMALTOSE TO PROVIDE AT LEAST 0.7 G OF ELEMENTAL IRON IN 15 MINUTES"
"U-3436","METHOD OF TREATING IDA IN ADULT PATIENTS WITH NON-DIALYSIS DEPENDENT CHRONIC KIDNEY DISEASE & WEIGHING AT LEAST 46.7 KG BY INTRAVENOUSLY ADMINISTERING FERRIC CARBOXYMALTOSE TO PROVIDE AT LEAST 0.7 G OF ELEMENTAL IRON IN LESS THAN 15 MINUTES"
"U-3437","METHOD TO TREAT IDA IN ADULTS & PEDIATRIC PATIENTS 1 YEAR & OLDER WITH INTOLERANCE OR UNSATISFACTORY RESPONSE TO ORAL IRON & HEAVY UTERINE BLEEDING OR GI DISORDER BY ADMINISTERING IV FERRIC CARBOXYMALTOSE TO GIVE AT LEAST 0.7 G OF IRON IN 15 MINUTES"
"U-3438","METHOD TO TREAT IDA IN ADULTS & PEDIATRIC PATIENTS 1 YR & OLDER WITH INTOLERANCE OR UNSATISFACTORY RESPONSE TO ORAL IRON & WEIGHING AT LEAST 46.7 KG BY ADMINISTERING IV FERRIC CARBOXYMALTOSE TO PROVIDE AT LEAST 0.7 G OF ELEMENTAL IRON IN < 15 MINUTES"
"U-3439","METHOD OF TREATING PAIN, FOR EXAMPLE, VIA INFILTRATION FOR LOCAL ANALGESIA OR VIA NERVE BLOCK, FOR EXAMPLE, NTERSCALENE BRACHIAL PLEXUS FOR REGIONAL ANALGESIA"
"U-3440","A METHOD OF ADMINISTERING APREPITANT FOR PREVENTION OF POST-OPERATIVE NAUSEA AND VOMITING"
"U-3441","A METHOD OF TREATING CYSTINURIA BY ORALLY ADMINISTERING TIOPRONIN WITH FOOD TO PREVENT CYSTINE STONE FORMATION IN ADULTS AND PEDIATRIC PATIENTS WITH SEVERE HOMOZYGOUS CYSTINURIA"
"U-3442","TREATMENT OF ADVANCED GASTROINTESTINAL STROMAL TUMOR IN PATIENTS PREVIOUSLY ADMINISTERED AT LEAST THREE TYROSINE KINASE INHIBITORS, WHERE ONE OF THE KINASE INHIBITORS IS IMATINIB"
"U-3443","A METHOD OF REDUCING OTOTOXICITY IN A HUMAN PEDIATRIC PATIENT ABOUT 5 YEARS OF AGE OR UNDER WITH LOCALIZED MEDULLOBLASTOMA COMPRISING ADMINISTERING SODIUM THIOSULFATE ABOUT SIX HOURS AFTER ADMINISTRATION OF CISPLATIN"
"U-3444","TREATMENT OF DEPRESSIVE SYMPTOMS IN ADULTS WITH MDD WITH ACUTE SUICIDAL IDEATION OR BEHAVIOR BY NASALLY ADMINISTERING 56MG OR 84MG OF ESKETAMINE AS A PHARMACEUTICAL COMPOSITION TWICE PER WEEK IN CONJUNCTION WITH AN ORAL ANTIDEPRESSANT"
"U-3445","TREATMENT OF TREATMENT-RESISTANT DEPRESSION IN ADULTS BY NASALLY ADMINISTERING 56MG OR 84MG OF ESKETAMINE TWICE PER WEEK AS A PHARMACEUTICAL COMPOSITION IN CONJUNCTION WITH AN ORAL ANTIDEPRESSANT"
"U-3446","TREATMENT OF TREATMENT-RESISTANT DEPRESSION IN ADULTS BY NASALLY ADMINISTERING 56MG OR 84MG OF ESKETAMINE AS A PHARMACEUTICAL COMPOSITION IN CONJUNCTION WITH AN ORAL ANTIDEPRESSANT"
"U-3447","A METHOD OF TREATING CORONARY ARTERY DISEASE"
"U-3448","A METHOD OF TREATING HYPERTENSION"
"U-3449","USE IN COMBINATION WITH LENALIDOMIDE PLUS DEXAMETHASONE FOR THE TREATMENT OF PATIENTS WITH RELAPSED OR REFRACTORY MULTIPLE MYELOMA WHO HAVE RECEIVED ONE TO THREE LINES OF THERAPY"
"U-3450","TREATMENT OF ADULT PATIENTS WITH LOCALLY ADVANCED OR METASTATIC NON-SMALL CELL LUNG CANCER (NSCLC) WITH A REARRANGED DURING TRANSFECTION (RET) GENE FUSION, AS DETECTED BY AN FDA-APPROVED TEST"
"U-3451","TREATMENT OF ADULT AND PEDIATRIC PATIENTS 12 YEARS OF AGE AND OLDER WITH ADVANCED OR METASTATIC MEDULLARY THYROID CANCER (MTC) WITH A RET MUTATION, AS DETECTED BY AN FDA-APPROVED TEST, WHO REQUIRE SYSTEMIC THERAPY"
"U-3452","TREATMENT OF ADULT AND PEDIATRIC PATIENTS 12 YEARS OF AGE AND OLDER WITH ADVANCED OR METASTATIC THYROID CANCER WITH A RET GENE FUSION, AS DETECTED BY AN FDA-APPROVED TEST, WHO REQUIRE SYSTEMIC THERAPY AND WHO ARE RADIOACTIVE IODINE-REFRACTORY"
"U-3453","TREATMENT OF ADULT PATIENTS WITH LOCALLY ADVANCED OR METASTATIC SOLID TUMORS WITH A RET GENE FUSION THAT HAVE PROGRESSED ON OR FOLLOWING PRIOR SYSTEMIC TREATMENT OR WHO HAVE NO SATISFACTORY ALTERNATIVE TREATMENT OPTIONS"
"U-3454","METHOD OF TREATING OPEN-ANGLE GLAUCOMA OR OCULAR HYPERTENSION IN PATIENTS"
"U-3455","TREATMENT OF OCULAR INFLAMMATION AND PAIN FOLLOWING OPHTHALMIC SURGERY"
"U-3456","METHOD OF TREATING INTRAHEPATIC CHOLANGIOCARCINOMA"
"U-3457","METHOD OF INDUCING OCULAR ANESTHESIA"
"U-3458","A METHOD OF TREATING SEIZURES"
"U-3459","TREATING SICKLE CELL DISEASE BY ADMINISTERING VOXELOTOR AND ANOTHER ACTIVE AGENT"
"U-3460","TREATMENT OF AMYOTROPHIC LATERAL SCLEROSIS (ALS) IN ADULTS"
"U-3461","INDICATED TO RAISE BLOOD PRESSURE IN ADULT PATIENTS WITH SEVERE, ACUTE HYPOTENSION"
"U-3462","USE OF A LIQUID FORMULATION COMPRISING FUROSEMIDE TO TREAT CONGESTION DUE TO FLUID OVERLOAD (EDEMA) IN ADULTS WITH NYHA CLASS II/III CHRONIC HEART FAILURE"
"U-3463","USE OF TRINTELLIX FOR THE TREATMENT OF MAJOR DEPRESSIVE DISORDER (MDD) IN ADULTS"
"U-3464","TREATMENT OF PREVIOUSLY TREATED, UNRESECTABLE LOCALLY ADVANCED OR METASTATIC CHOLANGIOCARCINOMA WITH A FGFR2 FUSION OR OTHER REARRANGEMENT BY ADMINISTERING ONCE DAILY A TABLET CONTAINING ABOUT 0.5 MG TO ABOUT 10 MG OF PEMIGATINIB"
"U-3465","TREATMENT OF PREVIOUSLY TREATED, UNRESECTABLE LOCALLY ADVANCED OR METASTATIC CHOLANGIOCARCINOMA WITH A FGFR2 FUSION OR OTHER REARRANGEMENT BY ADMINISTERING PEMIGATINIB QD FOR 14 DAYS THEN NOT ADMINISTERING PEMIGATINIB FOR 7 DAYS IN A 21-DAY CYCLE"
"U-3466","TREATMENT OF PREVIOUSLY TREATED, UNRESECTABLE LOCALLY ADVANCED OR METASTATIC CHOLANGIOCARCINOMA WITH A FGFR2 FUSION OR OTHER REARRANGEMENT BY ADMINISTERING PEMIGATINIB IN A DAILY DOSE OF ABOUT 5 MG TO ABOUT 20 MG"
"U-3467","PREVENTION AND TREATMENT OF POST-OPERATIVE NAUSEA AND VOMITING"
"U-3468","TREATMENT OF AMYOTROPHIC LATERAL SCLEROSIS"
"U-3469","AN ADJUNCT TO DIET AND EXERCISE TO IMPROVE GLYCEMIC CONTROL IN ADULTS WITH TYPE 2 DIABETES MELLITUS"
"U-3470","METHOD OF TREATING COMPLICATED URINARY TRACT INFECTIONS (CUTI), INCLUDING PYELONEPHRITIS, COMPRISING ADMINISTERING CEFIDEROCOL SULFATE TOSYLATE"
"U-3471","METHOD OF TREATING HOSPITAL-ACQUIRED BACTERIAL PNEUMONIA AND VENTILATOR-ASSOCIATED BACTERIAL PNEUMONIA (HABP/VABP) COMPRISING ADMINISTERING CEFIDEROCOL SULFATE TOSYLATE"
"U-3472","METHOD TO TREAT IDA IN ADULTS WITH INTOLERANCE OR UNSATISFACTORY RESPONSE TO ORAL IRON & HEAVY UTERINE BLEEDING OR GI DISORDER WEIGHING AT LEAST 40 KG BY ADMINISTERING IV FERRIC CARBOXYMALTOSE TO GIVE AT LEAST 0.6 G OF IRON IN 15 MINUTES OR LESS"
"U-3473","METHOD TO TREAT IRON DEFICIENCY ANEMIA IN ADULTS WITH INTOLERANCE OR UNSATISFACTORY RESPONSE TO ORAL IRON & WEIGHING AT LEAST 40 KG BY INTRAVENOUSLY ADMINISTERING FERRIC CARBOXYMALTOSE TO PROVIDE AT LEAST 0.6 G OF ELEMENTAL IRON IN 15 MINUTES OR LESS"
"U-3474","METHOD TO TREAT IRON DEFICIENCY ANEMIA IN ADULTS WITH NON-DIALYSIS DEPENDENT CHRONIC KIDNEY DISEASE & WEIGHING AT LEAST 40 KG BY INTRAVENOUSLY ADMINISTERING FERRIC CARBOXYMALTOSE TO PROVIDE AT LEAST 0.6 G OF ELEMENTAL IRON IN 15 MINUTES OR LESS"
"U-3475","REDUCTION OF THE FREQUENCY OF ABDOMINAL PAIN AND DIARRHEA, IN AN INFLAMMATORY BOWEL DISEASE WITH DIARRHEA (IBS-D) PATIENT, WITH ELUXADOLINE TWICE DAILY WITH FOOD"
"U-3476","TREATMENT OF ADULTS WITH MODERATE HEPATIC IMPAIRMENT AND RELAPSED OR REFRACTORY ADVANCED RENAL CELL CARCINOMA FOLLOWING TWO OR MORE PRIOR SYSTEMIC ANTI-CANCER THERAPIES WITH 1MG TIVOZANIB HCL ORALLY FOR 21 DAYS FOLLOWED BY NO DRUG FOR 7 DAYS"
"U-3477","ACCELERATE THE TRANSIT OF A BARIUM MEAL THROUGH THE SMALL BOWEL, THEREBY DECREASING THE TIME AND EXTENT OF RADIATION ASSOCIATED WITH FLUOROSCOPY AND X-RAY EXAMINATION OF THE INTESTINAL TRACT"
"U-3478","STIMULATE GALLBLADDER CONTRACTION, AS MAY BE ASSESSED BY VARIOUS METHODS OF DIAGNOSTIC IMAGING, OR TO OBTAIN BY DUODENAL ASPIRATION A SAMPLE OF CONCENTRATED BILE FOR ANALYSIS"
"U-3479","STIMULATE PANCREATIC SECRETION IN COMBINATION WITH SECRETIN PRIOR TO OBTAINING A DUODENAL ASPIRATE FOR ANALYSIS"
"U-3480","STIMULATE GALLBLADDER CONTRACTION. AS MAY BE ASSESSED BY VARIOUS METHODS OF DIAGNOSTIC IMAGING, OR TO OBTAIN BY DUODENAL ASPIRATION A SAMPLE OF CONCENTRATED BILE FOR ANALYSIS"
"U-3481","DIAGNOSIS OF GALL BLADDER DISORDERS OR OTHER DIAGNOSTIC IMAGING BY STIMULATING GALLBLADDER CONTRACTION, AS MAY BE ASSESSED BY VARIOUS METHODS OF DIAGNOSTIC IMAGING, OR TO OBTAIN BY DUODENAL ASPIRATION A SAMPLE OF CONCENTRATED BILE FOR ANALYSIS"
"U-3482","DIAGNOSIS OF PANCREATIC DISORDERS BY STIMULATING PANCREATIC SECRETION IN COMBINATION WITH SECRETIN PRIOR TO OBTAINING A DUODENAL ASPIRATE FOR ANALYSIS"
"U-3483","DIAGNOSTIC IMAGING BY ACCELERATING THE TRAN IT OFA BARIUM MEAL THROUGH THE SMALL BOWEL, THEREBY DECREASING THE TIME AND EXTENT OF RADIATION ASSOCIATED WITH FLUOROSCOPY AND X-RAY EXAMINATION OF THE INTESTINAL TRACT"
"U-3484","TREATMENT OF CORONAVIRUS DISEASE 2019 (COVID-19) IN ADULTS AND PEDIATRIC PATIENTS (AT LEAST 28 DAYS OF AGE AND 3 KG) REQUIRING HOSPITALIZATION AND FOR WHOM CONCOMITANT USE OF CHLOROQUINE, OR AN ANALOG OR SALT THEREOF, IS NOT RECOMMENDED"
"U-3485","TREATMENT OF CORONAVIRUS DISEASE 2019 (COVID-19) IN NON-HOSPITALIZED ADULTS AND PEDIATRIC PATIENTS (AT LEAST 28 DAYS OF AGE AND 3 KG) AND FOR WHOM CONCOMITANT USE OF CHLOROQUINE, OR AN ANALOG OR SALT THEREOF, IS NOT RECOMMENDED"
"U-3486","TREATMENT OF ADULT PATIENTS WITH SMALL LYMPHOCYTIC LYMPHOMA"
"U-3487","TREATMENT OF ADULTS WITH ACTIVE NON-RADIOGRAPHIC AXIAL SPONDYLOARTHRITIS WITH OBJECTIVE SIGNS OF INFLAMMATION WHO HAVE HAD AN INADEQUATE RESPONSE OR INTOLERANCE TO ONE OR MORE TNF BLOCKERS"
"U-3488","TREATMENT OF SPASTICITY RESULTING FROM MULTIPLE SCLEROSIS, PARTICULARLY FOR THE RELIEF OF FLEXOR SPASMS AND CONCOMITANT PAIN, CLONUS, AND MUSCULAR RIGIDITY"
"U-3489","TREATMENT OF SPASTICITY RESULTING FROM SPINAL CORD INJURIES AND OTHER SPINAL CORD DISEASES"
"U-3490","TREATMENT OF ADULT PATIENTS WITH KRAS G12C-MUTATED LOCALLY ADVANCED OR METASTATIC NON-SMALL CELL LUNG CANCER (NSCLC), AS DETERMINED BY AN FDA APPROVED TEST, WHO HAVE RECEIVED AT LEAST ONE PRIOR SYSTEMIC THERAPY"
"U-3491","METHOD OF TREATING LYMPHOMA"
"U-3492","METHOD OF TREATING SARCOMA"
"U-3493","THE TREATMENT OF RELAPSING FORMS OF MULTIPLE SCLEROSIS (MS) IN PATIENTS 10 YEARS OF AGE AND OLDER"
"U-3494","ONCE DAILY TOPICAL TREATMENT OF PERSISTENT FACIAL ERYTHEMA ASSOCIATED WITH ROSACEA IN FEMALE ADULTS"
"U-3495","A METHOD OF TREATING ACUTE MYELOID LEUKEMIA (AML) IN PATIENTS WITH AN ISOCITRATE DEHYDROGENASE-1 (IDH1) MUTATION"
"U-3496","A METHOD OF TREATING A CANCER CHARACTERIZED BY AN IDH1 MUTATION WHERE THE CANCER IS ACUTE MYELOID LEUKEMIA (AML)"
"U-3497","A METHOD OF TREATING A CANCER WHERE THE CANCER IS ACUTE MYELOID LEUKEMIA (AML)"
"U-3498","TREATMENT OF CYSTIC FIBROSIS IN PATIENTS AGED 6 YEARS AND OLDER WHO HAVE IN THE CFTR GENE AT LEAST ONE F508DEL MUTATION OR A MUTATION THAT IS RESPONSIVE BASED ON IN VITRO DATA BY ADMINISTERING DAILY ELX (200 MG OR 100 MG); TEZ; AND IVA"
"U-3499","TREATMENT OF ACUTE BACTERIAL SKIN AND SKIN STRUCTURE INFECTIONS (ABSSSI) IN ADULT AND PEDIATRIC PATIENTS USING A TWO-DOSE REGIMEN OF DALBAVANCIN"
"U-3500","TREATMENT OF ADULT PATIENTS WITH SEVERE ALOPECIA AREATA"
"U-3501","PALBOCICLIB FOR HR-POS. HER2-NEG. ADVANCED OR METASTATIC BREAST CANCER IN COMBO WITH AN AROMATASE INHIBITOR IN PTS AS INITIAL ENDOCRINE-BASED THERAPY OR WITH FULVESTRANT WITH DISEASE PROGRESSION AFTER ENDOCRINE THERAPY"
"U-3502","TREATMENT OF A UREA CYCLE DISORDER INVOLVING DEFICIENCIES OF CARBAMYLPHOSPHATE SYNTHETASE, ORNITHINE TRANSCARBAMYLASE, OR ARGININOSUCCINIC ACID SYNTHETASE"
"U-3503","ADJUNCTIVE THERAPY TO ANTIDEPRESSANTS FOR THE TREATMENT OF MAJOR DEPRESSIVE DISORDER"
"U-3504","A METHOD TO DECREASE THE INCIDENCE OF CHEMOTHERAPY-INDUCED MYELOSUPPRESSION IN ADULT PATIENTS WHEN ADMINISTERED PRIOR TO A PLATINUM/ETOPOSIDE-CONTAINING REGIMEN THAT INCLUDES AN IMMUNE CHECKPOINT INHIBITOR FOR EXTENSIVE-STAGE SMALL CELL LUNG CANCER"
"U-3505","FOR TOPICAL TREATMENT OF MODERATE AD IN NON-IMMUNOCOMPROMISED PATIENTS, WITH BASELINE BSA OF 3-20% AND ITCH NRS SCORE OF ≥4, WHOSE DISEASE IS NOT ADEQUATELY CONTROLLED WITH TOPICAL PRESCRIPTION THERAPIES OR WHEN THOSE THERAPIES ARE NOT ADVISABLE"
"U-3506","TREATMENT OF INDOLENT SYSTEMIC MASTOCYTOSIS (ISM)"
"U-3507","IN COMBINATION WITH OTHER ANTIRETROVIRAL(S), FOR THE TREATMENT OF HIV-1 INFECTION IN HEAVILY-TREATMENT EXPERIENCED ADULTS WITH MULTIDRUG RESISTANT HIV-1 INFECTION"
"U-3508","REDUCTION IN THE INCIDENCE OF RECURRENT VULVOVAGINAL CANDIDIASIS (RVVC) IN ADULT AND POST-MENARCHAL PEDIATRIC FEMALES"
"U-3509","AS-NEEDED TREATMENT OR PREVENTION OF BRONCHOCONSTRICTION AND REDUCTION OF THE RISK OF EXACERBATIONS IN PATIENTS WITH ASTHMA 18 YEARS OF AGE AND OLDER"
"U-3510","COMBINATION TREATMENT OF COLORECTAL CANCER INCLUDING RAS WILD-TYPE HER2 (ERBB2)-POSITIVE OR -OVEREXPRESSING UNRESECTABLE OR METASTATIC COLORECTAL CANCER"
"U-3511","TREATMENT OF IRRITABLE BOWEL SYNDROME WITH DIARRHEA (IBS-D) IN ADULT FEMALE SUBJECTS AND SYMPTOMS THEREOF"
"U-3512","TREATMENT OF IRRITABLE BOWEL SYNDROME WITH DIARRHEA (IBS-D) IN ADULT FEMALE SUBJECTS"
"U-3513","TREATMENT OF SCHIZOPHRENIA IN ADULTS"
"U-3514","INCREASING BLOOD PRESSURE IN A PATIENT HAVING DISTRIBUTIVE SHOCK"
"U-3515","A METHOD FOR ADMINISTERING A THERAPEUTIC DOSE OF AN OPIOID ANTAGONIST COMPRISING AN EMERGENCY SYRINGE DEVICE"
"U-3516","A METHOD FOR ADMINISTERING A THERAPEUTIC DOSE OF AN OPIOID ANTAGONIST COMPRISING AN EMERGENCY SYRINGE DEVICE INCLUDING A NEEDLE GUARD"
"U-3517","A METHOD FOR ADMINISTERING A THERAPEUTIC DOSE OF AN OPIOID ANTAGONIST COMPRISING AN EMERGENCY SYRINGE DEVICE INCLUDING A WINDOW CONFIGURED TO ALLOW THE USER TO VIEW THE OPIOID ANTAGONIST IN THE SYRINGE"
"U-3518","TREATMENT OF ADULT PATIENTS WITH RELAPSED OR REFRACTORY MANTLE CELL LYMPHOMA (MCL) AFTER AT LEAST TWO LINES OF SYSTEMIC THERAPY, INCLUDING A BTK INHIBITOR"
"U-3519","TREATMENT WITH LENVIMA BY ADMINISTERING LENVIMA AS A SUSPENSION"
"U-3520","TREATMENT OF EXCESSIVE DAYTIME SLEEPINESS BY ADMINISTERING A COMPOSITION COMPRISING SOLRIAMFETOL HYDROCHLORIDE AND 2-CHLOROPROPANE, WHEREIN THE COMPOSITION COMPRISES LESS THAN ABOUT 5 PPM 2‑CHLOROPROPANE"
"U-3521","TREATMENT OF EXCESSIVE DAYTIME SLEEPINESS BY ADMINISTERING SOLRIAMFETOL TO A SUBJECT HAVING MILD, MODERATE, OR SEVERE RENAL IMPAIRMENT"
"U-3522","METHOD OF TREATING EMESIS"
"U-3523","TREATMENT OF AN ER-POSITIVE BREAST CANCER"
"U-3524","TREATMENT OF AN ER-POSITIVE BREAST CANCER FOLLOWING AT LEAST ONE LINE OF ENDOCRINE THERAPY"
"U-3525","TREATMENT OF CF IN PATIENTS AGED 6 YEARS AND OLDER WHO HAVE IN THE CFTR GENE AT LEAST ONE F508DEL MUTATION OR A MUTATION THAT IS RESPONSIVE BASED ON IN VITRO DATA BY ADMINISTERING THE COMPOSITION RECITED IN US 11564916 CLAIM 1"
"U-3526","TREATMENT OF CF IN A PATIENT AGE 1 TO <6 YEARS AND WEIGHING 7 KG OR MORE WHO IS HOMOZYGOUS FOR THE F508DEL MUTATION IN THE CFTR GENE USING THE COMPOSITION RECITED IN CLAIM 1 OF US 11564916"
"U-3527","TREATMENT OF CF IN A PATIENT AGE 6 YEARS AND OLDER WHO IS HOMOZYGOUS FOR F508DEL OR HAS AT LEAST ONE CFTR GENE MUTATION RESPONSIVE TO TEZ/IVA BASED ON IN VITRO DATA AND/OR CLINICAL EVIDENCE USING THE COMPOSITION RECITED IN US 11564916 CLAIM 1"
"U-3528","TREATMENT OF CF IN A PATIENT AGE 4 MONTHS TO <6 YEARS WHO HAS ONE MUTATION IN THE CFTR GENE THAT IS RESPONSIVE TO IVACAFTOR BASED ON CLINICAL AND/OR IN VITRO ASSAY DATA USING THE COMPOSITION RECITED IN CLAIM 1 OF US 11564916"
"U-3529","TREATMENT OF CF IN A PATIENT AGE 6 YEARS AND OLDER WHO IS HOMOZYGOUS FOR THE F508DEL MUTATION IN THE CFTR GENE USING THE COMPOSITION RECITED IN CLAIM 1 OF US 11564916"
"U-3530","TREATMENT OF CF IN A PATIENT AGE 6 YEARS AND OLDER WHO HAS ONE MUTATION IN THE CFTR GENE THAT IS RESPONSIVE TO IVACAFTOR BASED ON CLINICAL AND/OR IN VITRO ASSAY DATA USING THE COMPOSITION RECITED IN CLAIM 1 OF US 11564916"
"U-3531","TREATMENT OF A TYPE 2 DIABETES PATIENT WITH INSUFFICIENT GLYCEMIC CONTROL DESPITE METFORMIN THERAPY USING A COMPOSITION COMPRISING AN EXTENDED RELEASE CORE COMPRISING METFORMIN AND AN OUTER COATING COMPRISING EMPAGLIFLOZIN AND LINAGLIPTIN"
"U-3532","METHOD FOR REDUCING THE RISK OF CARDIOVASCULAR DEATH AND HOSPITALIZATION FOR HEART FAILURE IN ADULTS WITH TYPE 2 DIABETES MELLITUS BY ONCE DAILY ADMINISTRATION OF EMPAGLIFLOZIN"
"U-3533","METHOD FOR REDUCING THE RISK OF CARDIOVASCULAR DEATH IN ADULT PATIENTS WITH TYPE 2 DIABETES MELLITUS AND CARDIOVASCULAR DISEASE BY ONCE DAILY ADMINISTRATION OF 10 MG OR 25 MG OF EMPAGLIFLOZIN"
"U-3534","PREVENTIVE TREATMENT OF MIGRAINE IN ADULTS"
"U-3535","A METHOD OF TREATING ANEMIA"
"U-3536","TREATMENT OF DEPRESSION IN ADULTS WITH MOD AND ACUTE SUICIDAL IDEATION OR BEHAVIOR IN CONJUNCTION WITH AN ORAL ANTIDEPRESSANT BY NASALLY ADMINISTERING 56MG OR 84MG OF ESKETAMINE IN A MAINTENANCE PHASE WEEKLY OR LX EVERY 2 WEEKS AFTER INDUCTION PHASE"
"U-3537","TREATMENT OF GASTROINTESTINAL STROMAL TUMORS IN PATIENTS SUFFERING FROM GRADE 2 OR GRADE 3 ARTHRALGIA WHILE BEING ADMINISTERED RIPRETINIB DAILY"
"U-3538","METHOD OF TREATING ATTENTION DEFICIT HYPERACTIVITY DISORDER"
"U-3539","TREATING ACQUIRED, GENERALIZED HYPOACTIVE SEXUAL DESIRE DISORDER (HSDD) IN A PREMENOPAUSAL FEMALE PATIENT WITH CONTROLLED HYPERTENSION BY INJECTING BREMELANOTIDE MORE THAN ONCE WITH AT LEAST 24 HOURS BETWEEN DOSES AND NO MORE THAN 8 DOSES PER MONTH"
"U-3540","TREATMENT OF GEOGRAPHIC ATROPHY SECONDARY TO AGE-RELATED MACULAR DEGENERATION BY INTRAVITREAL ADMINISTRATION OF PEGCETACOPLAN"
"U-3541","TREATMENT OF GEOGRAPHIC ATROPHY SECONDARY TO AGE-RELATED MACULAR DEGENERATION BY ADMINISTERING COMPLEMENT INHIBITOR PEGCETACOPLAN"
"U-3542","TREATMENT OF GEOGRAPHIC ATROPHY SECONDARY TO AGE-RELATED MACULAR DEGENERATION BY INTRAVITREAL ADMINISTRATION OF PEGCETACOPLAN AND ALSO ADMINISTERING AN ANTI-VEGF AGENT"
"U-3543","TREATMENT TO INCREASE BONE DENSITY IN MEN WITH OSTEOPOROSIS AT HIGH RISK FOR FRACTURE"
"U-3544","TREATMENT OF CF IN PATIENTS AGED 6 YEARS AND OLDER WHO HAVE IN THE CFTR GENE AT LEAST ONE F508DEL MUTATION OR A RESPONSIVE MUTATION BASED ON IN VITRO DATA BY ADMINISTERING ELEXACAFTOR, IVACAFTOR, AND A SOLID DISPERSION OF TEZACAFTOR AND A POLYMER"
"U-3545","TREATMENT OF CF IN A PATIENT AGE 6 YEARS AND OLDER WHO IS HOMOZYGOUS FOR F508DEL OR HAS AT LEAST ONE CFTR GENE MUTATION RESPONSIVE TO TEZ/IVA BASED ON IN VITRO DATA AND/OR CLINICAL EVIDENCE USING THE COMPOSITION RECITED IN US 11578062 CLAIM 6 OR 13"
"U-3546","IN COMBINATION WITH ENDOCRINE THERAPY (TAMOXIFEN OR AN AROMATASE INHIBITOR) FOR THE ADJUVANT TREATMENT OF ADULT PATIENTS WITH HR-POSITIVE, HER2-NEGATIVE, NODE POSITIVE, EARLY BREAST CANCER AT HIGH RISK OF RECURRENCE"
"U-3547","INTRAVENOUS SOTALOL DOSING REGIMEN FOR ACHIEVING STEADY STATE EXPOSURE IN A FACILITY THAT CAN PROVIDE ELECTROCARDIOGRAPHIC MONITORING"
"U-3548","TREATMENT OF AML BY ORALLY ADMINISTERING VENETOCLAX WITH AZACITIDINE OR DECITABINE OR LOW-DOSE CYTARABINE TO ADULTS 75 YEARS OR OLDER OR HAVING CERTAIN COMORBIDITIES PER A DOSE RAMP-UP INCLUDING AN INITIAL 100 MG OR A FINAL 400 MG PER DAY DOSE"
"U-3549","INTRAVENOUS SOTALOL DOSING REGIMEN FOR USE IN A FACILITY THAT CAN PROVIDE ELECTROCARDIOGRAPHIC MONITORING"
"U-3550","FOR THE TOPICAL TREATMENT OF NONSEGMENTAL VITILIGO IN ADULT AND PEDIATRIC PATIENTS 12 YEARS OF AGE AND OLDER, IN THE ABSENCE OF LASER OR PHOTOTHERAPY, WHEREIN THE VITILIGO AFFECTS AT LEAST ONE OF THE LOWER EXTREMITIES, TRUNK, AND FEET OF THE PATIENT"
"U-3551","FOR THE TOPICAL TREATMENT OF NONSEGMENTAL VITILIGO IN ADULT AND PEDIATRIC PATIENTS 12 YEARS OF AGE AND OLDER, IN THE ABSENCE OF PHOTOTHERAPY, WHEREIN THE VITILIGO AFFECTS AT LEAST ONE OF THE LOWER EXTREMITIES, TRUNK, AND FEET OF THE PATIENT"
"U-3552","TREATMENT OF FRIEDREICH'S ATAXIA IN ADULTS AND ADOLESCENTS AGED 16 YEARS AND OLDER"
"U-3553","A METHOD OF TREATING MILD TO MODERATE ACUTE PAIN IN ADULTS BY ADMINISTERING 975-1000 MG OF ACETAMINOPHEN AND 292.5-300 MG OF IBUPROFEN IN A SINGLE ADMINISTRATION"
"U-3554","AS A SINGLE AGENT FOR THE TREATMENT OF ADULT PATIENTS WITH HISTIOCYTIC NEOPLASMS"
"U-3555","ADMINISTRATION OF ZAVEGEPANT FOR ACUTE TREATMENT OF MIGRAINE WITH OR WITHOUT AURA"
"U-3556","TREATMENT OF RETT SYNDROME OR A SYMPTOM THEREOF"
"U-3557","TREATMENT OF PARKINSON'S DISEASE, POST-ENCEPHALITIC PARKINSONISM, AND SYMPTOMATIC PARKINSONISM THAT MAY FOLLOW CARBON MONOXIDE INTOXICATION OR MANGANESE INTOXICATION"
"U-3558","AN ADJUNCTIVE TREATMENT OF ADULT PATIENTS WITH TAVNEOS (AVACOPAN) WITH SEVERE ACTIVE ANCA-ASSOCIATED VASCULITIS (GPA AND MPA) IN COMBINATION WITH STANDARD THERAPY INCLUDING GLUCOCORTICOIDS"
"U-3559","A METHOD OF TARGETING RELEASE OF A NON-STEROIDAL ANTI-INFLAMMATORY DRUG (NSAID) TO THE SMALL INTESTINE OF THE SUBJECT WHEN ADMINISTERED ORALLY"
"U-3560","FOR THE TREATMENT OF VERNAL KERATOCONJUNCTIVITIS IN CHILDREN AND ADULTS"
"U-3561","TREATMENT OF PRESBYOPIA IN ADULTS BY ADMINISTRATION OF PILOCARPINE HCI FORMULATION ONCE DAILY"
"U-3562","TREATMENT OF PRESBYOPIA IN ADULTS BY ADMINISTRATION OF PILOCARPINE HCI FORMULATION TWICE DAILY"
"U-3563","DEXTROMETHORPHAN AND BUPROPION IN COMBINATION TO INCREASE DEXTROMETHORPHAN PLASMA LEVELS"
"U-3564","MEKINIST IS INDICATED, IN COMBINATION WITH DABRAFENIB, FOR THE TREATMENT OF PEDIATRIC PATIENTS 1 YEAR OF AGE AND OLDER WITH LOW-GRADE GLIOMA (LGG) WITH A BRAF V600E MUTATION WHO REQUIRE SYSTEMIC THERAPY"
"U-3565","TAFINLAR IS INDICATED, IN COMBINATION WITH TRAMETINIB, FOR THE TREATMENT OF PEDIATRIC PATIENTS 1 YEAR OF AGE AND OLDER WITH LOW-GRADE GLIOMA (LGG) WITH A BRAF V600E MUTATION WHO REQUIRE SYSTEMIC THERAPY"
"U-3566","TREATMENT OF CANDIDEMIA AND INVASIVE CANDIDIASIS WITH REZAFUNGIN BY INTRAVENOUS ADMINISTRATION"
"U-3567","TO INCREASE MEAN ARTERIAL BLOOD PRESSURE IN ADULT PATIENTS WITH HYPOTENSION ASSOCIATED WITH SEPTIC SHOCK"
"U-3568","TREATMENT OF PREVIOUSLY TREATED, UNRESECTABLE LOCALLY ADVANCED OR METASTATIC CHOLANGIOCARCINOMA WITH A FGFR2 FUSION OR OTHER REARRANGEMENT BY ADMINISTERING PEMIGATINIB WHILE AVOIDING THE CONCOMITANT USE OF STRONG AND MODERATE CYP3A INHIBITORS"
"U-3569","TREATMENT OF PREVIOUSLY TREATED, UNRESECTABLE LOCALLY ADVANCED OR METASTATIC CHOLANGIOCARCINOMA WITH A FGFR2 FUSION OR OTHER REARRANGEMENT BY ADMINISTERING PEMIGATINIB WHILE AVOIDING THE CONCOMITANT USE OF STRONG AND MODERATE CYP3A INDUCERS"
"U-3570","TREATMENT OF RELAPSED OR REFRACTORY MYELOID/LYMPHOID NEOPLASMS WITH FGFR1 REARRANGEMENT BY ADMINISTERING PEMIGATINIB WHILE AVOIDING THE CONCOMITANT USE OF STRONG AND MODERATE CYP3A INDUCERS"
"U-3571","TREATMENT OF RELAPSED OR REFRACTORY MYELOID/LYMPHOID NEOPLASMS WITH FGFR1 REARRANGEMENT BY ADMINISTERING PEMIGATINIB WHILE AVOIDING THE CONCOMITANT USE OF STRONG AND MODERATE CYP3A INHIBITORS"
"U-3572","RAISE FOLATE LEVELS IN WOMEN WHO CHOOSE TO USE AN ORAL CONTRACEPTIVE AS THEIR METHOD OF CONTRACEPTION FOR THE PURPOSE OF REDUCING THE RISK OF A NEURAL TUBE DEFECT IN A PREGNANCY"
"U-3573","TREATMENT OF MODERATE ACNE VULGARIS IN WOMEN AT LEAST 14 YEARS OF AGE IF THE PATIENT DESIRES AN ORAL CONTRACEPTIVE FOR BIRTH CONTROL"
"U-3574","TREATMENT OF MOOD CHANGES AND/OR ANXIETY AS SYMPTOMS OF PREMENSTRUAL DYSPHORIC DISORDER (PMDD) IN WOMEN WHO CHOOSE TO USE AN ORAL CONTRACEPTIVE AS THEIR METHOD OF CONTRACEPTION"
"U-3575","TREATMENT OF AMYOTROPHIC LATERAL SCLEROSIS (ALS) IN ADULTS WHO HAVE A MUTATION IN THE SUPEROXIDE DISMUTASE 1 (SOD1) GENE"
"U-3576","TREATMENT OF NARCOLEPSY-RELATED CATAPLEXY OR EXCESSIVE DAYTIME SLEEPINESS USING A ONCE-DAILY PHARMACEUTICAL FORMULATION COMPRISING AN OXYBATE"
"U-3577","TREATMENT OF NARCOLEPSY-RELATED CATAPLEXY OR EXCESSIVE DAYTIME SLEEPINESS USING A SINGLE DAILY, BEDTIME DOSE OF A GAMMA-HYDROXYBUTYRATE FORMULATION"
"U-3578","TREATMENT OF NARCOLEPSY, CATAPLEXY OR EXCESSIVE DAYTIME SLEEPINESS USING A ONCE-NIGHTLY GAMMA-HYDROXYBUTYRATE FORMULATION"
"U-3579","TREATMENT OF NARCOLEPSY AND ASSOCIATED DISORDERS AND SYMPTOMS USING A COMPOSITION COMPRISING GAMMA-HYDROXYBUTYRATE ONCE DAILY"
"U-3580","TREATMENT OF NARCOLEPSY USING A DOSE PROPORTIONAL, ORAL PHARMACEUTICAL COMPOSITION COMPRISING GAMMA-HYDROXYBUTYRATE ONCE DAILY"
"U-3581","TREATMENT OF CATAPLEXY OR EXCESSIVE DAYTIME SLEEPINESS IN ADULTS WITH NARCOLEPSY"
"U-3582","LIQREV IS INDICATED FOR THE TREATMENT OF PULMONARY ARTERIAL HYPERTENSION (WHO GROUP 1) IN ADULTS TO IMPROVE EXERCISE ABILITY AND DELAY CLINICAL WORSENING"
"U-3583","TREATMENT OF CYSTIC FIBROSIS IN PATIENTS AGED 2 TO <6 YEARS WHO HAVE IN THE CFTR GENE AT LEAST ONE F508DEL MUTATION OR A RESPONSIVE MUTATION BASED ON IN VITRO DATA WITH AN EFFECTIVE AMOUNT OF ELX, TEZ, AND IVA"
"U-3584","TREATMENT OF CF IN PATIENTS AGED 2 TO <6 YEARS WHO HAVE IN THE CFTR GENE AT LEAST ONE F508DEL MUTATION OR A RESPONSIVE MUTATION BASED ON IN VITRO DATA BY ADMINISTERING ELEXACAFTOR, IVACAFTOR, AND A SOLID DISPERSION OF TEZACAFTOR AND A POLYMER"
"U-3585","TREATMENT OF CF IN PATIENTS AGED 2 TO <6 YEARS WHO HAVE IN THE CFTR GENE AT LEAST ONE F508DEL MUTATION OR A MUTATION THAT IS RESPONSIVE BASED ON IN VITRO DATA COMPRISING ADMINISTERING THE COMPOSITION RECITED IN US 11564916 CLAIM 1"
"U-3586","TREATMENT OF CYSTIC FIBROSIS IN PATIENTS AGED 2 TO <6 YEARS AND OLDER WHO HAVE IN THE CFTR GENE AT LEAST ONE F508DEL MUTATION OR A MUTATION THAT IS RESPONSIVE BASED ON IN VITRO DATA BY ADMINISTERING DAILY ELX (100 MG OR 80 MG); TEZ; AND IVA"
"U-3587","TREATMENT OF CYSTIC FIBROSIS IN PATIENTS AGED 6 YEARS AND OLDER WHO HAVE IN THE CFTR GENE AT LEAST ONE F508DEL MUTATION OR A RESPONSIVE MUTATION BASED ON IN VITRO DATA WITH AN EFFECTIVE AMOUNT OF ELX, TEZ, AND IVA"
"U-3588","TREATMENT OF CYSTIC FIBROSIS IN PATIENTS AGED 2 TO <6 YEARS AND OLDER WHO HAVE AT LEAST ONE F508DEL MUTATION IN THE CFTR GENE OR A MUTATION IN THE CFTR GENE THAT IS RESPONSIVE BASED ON IN VITRO DATA WITH ELEXACAFTOR, TEZACAFTOR, AND IVACAFTOR"
"U-3589","TREATMENT OF CYSTIC FIBROSIS IN PATIENTS AGED 2 TO <6 YEARS WHO HAVE AT LEAST ONE F508DEL MUTATION IN THE CFTR GENE OR A MUTATION IN THE CFTR GENE THAT IS RESPONSIVE BASED ON IN VITRO DATA WITH ELEXACAFTOR, TEZACAFTOR, AND IVACAFTOR"
"U-3590","TREATMENT OF CYSTIC FIBROSIS IN PATIENTS AGED 2 TO <6 YEARS WHO HAVE AT LEAST ONE F508DEL MUTATION IN THE CFTR GENE OR A MUTATION IN THE CFTR GENE THAT IS RESPONSIVE BASED ON IN VITRO DATA WITH AN EFFECTIVE AMOUNT OF ELX, TEZ, AND IVA"
"U-3591","TREATMENT OF CF IN PATIENTS AGED 2 TO <6 YEARS WHO HAVE AT LEAST ONE F508DEL MUTATION OR A MUTATION IN THE CFTR GENE THAT IS RESPONSIVE BASED ON IN VITRO DATA USING A SOLID COMPOSITION COMPRISING ELX, TEZ, AMORPHOUS IVA, AND < ~30% CRYSTALLINE IVA"
"U-3592","TREATMENT OF A MODERATE TO MILD CLINICAL PHENOTYPE OF CF IN PATIENTS AGED 2 TO <6 YEARS WHO HAVE AT LEAST ONE F508DEL MUTATION IN THE CFTR GENE OR A MUTATION IN THE CFTR GENE THAT IS RESPONSIVE BASED ON IN VITRO DATA WITH ELX, TEZ, AND IVA"
"U-3593","TREATMENT OF CYSTIC FIBROSIS IN PATIENTS AGED 2 TO <6 YEARS WHO HAVE A R117H MUTATION IN THE CFTR GENE WITH ELEXACAFTOR, TEZACAFTOR, AND IVACAFTOR"
"U-3594","TREATMENT OF IRON DEFICIENCY ANEMIA (DIA) IN ADULTS PATIENTS WHO HAVE INTOLERANCE TO ORAL IRON OR HAVE HAD UNSATISFACTORY RESPONSE TO ORAL IRON, WHO HAVE NON-HEMODIALYSIS DEPENDENT CHRONIC KIDNEY DISEASE, BY ADMINISTERING FERRIC DERISOMALTOSE"
"U-3595","TREATMENT OF CYSTIC FIBROSIS IN PATIENTS AGED 2 TO <6 YEARS WHO HAVE IN THE CFTR GENE AT LEAST ONE F508DEL MUTATION OR A MUTATION THAT IS RESPONSIVE BASED ON IN VITRO DATA WITH A COMPOUND OF CLAIM 1 OR COMPOSITION OF CLAIM 29 OF US 11426407"
"U-3596","TREATMENT OF CYSTIC FIBROSIS IN PATIENTS AGED 2 TO <6 YEARS WHO HAVE AT LEAST ONE F508DEL MUTATION IN THE CFTR GENE WITH AN EFFECTIVE AMOUNT OF A PHARMACEUTICAL COMPOSITION COMPRISING ELEXACAFTOR, TEZACAFTOR, AND IVACAFTOR"
"U-3597","TREATMENT OF CYSTIC FIBROSIS IN PATIENTS AGED 2 TO <6 YEARS WHO HAVE IN THE CFTR GENE AT LEAST ONE F508DEL MUTATION OR A MUTATION THAT IS RESPONSIVE BASED ON IN VITRO DATA WITH A COMPOSITION ACCORDING TO ANY ONE OF CLAIMS 1-3 AND 7-9 OF US11179367"
"U-3598","TREATMENT OF CF IN PATIENTS AGED 2 TO <6 YEARS WHO HAVE AT LEAST ONE F508DEL MUTATION OR A MUTATION IN THE CFTR GENE THAT IS RESPONSIVE BASED ON IN VITRO DATA COMPRISING ADMINISTERING A COMPOSITION ACCORDING TO CLAIM 1 OF US 11147770"
"U-3599","TREATMENT OF CF IN PATIENTS AGED 2 TO <6 YEARS WHO HAVE AT LEAST ONE F508DEL MUTATION OR A MUTATION IN THE CFTR GENE THAT IS RESPONSIVE BASED ON IN VITRO DATA COMPRISING ADMINISTERING A COMPOSITION ACCORDING TO CLAIM 1 OF US 10272046"
"U-3600","TREATMENT OF CYSTIC FIBROSIS IN PATIENTS AGED 2 TO <6 YEARS WHO HAVE AT LEAST ONE F508DEL MUTATION IN THE CFTR GENE OR A MUTATION IN THE CFTR GENE THAT IS RESPONSIVE BASED ON IN VITRO DATA WITH A COMPOSITION ACCORDING TO CLAIM 1 OF US 10081621"
"U-3601","TREATMENT OF A DISORDER TREATABLE WITH GAMMA-HYDROXYBUTYRATE USING A SINGLE, DAILY DOSE OF A GAMMA-HYDROXYBUTYRATE FORMULATION"
"U-3602","TREATMENT OF EXCESSIVE DAYTIME SLEEPINESS WITH A DOSING REGIMEN THAT INCLUDES ORAL ADMINISTRATION OF 75 MG ONCE DAILY FOR AT LEAST 3 DAYS FOLLOWED BY 150 MG ONCE DAILY"
"U-3603","TREATMENT OF CF IN A PATIENT AGE 1 MONTH TO <4 MONTHS WHO HAS AT LEAST ONE MUTATION IN THE CFTR GENE THAT IS RESPONSIVE TO IVACAFTOR BASED ON CLINICAL AND/OR IN VITRO ASSAY DATA USING THE COMPOSITION RECITED IN CLAIM 1 OF US 11564916"
"U-3604","TREATMENT OF CF IN A PATIENT AGE 1 MONTH TO <4 MONTHS WHO HAS AT LEAST ONE MUTATION IN THE CFTR GENE THAT IS RESPONSIVE TO IVACAFTOR BASED ON CLINICAL AND/OR IN VITRO ASSAY DATA USING THE COMPOSITION RECITED IN CLAIM 1 OF US 11147770"
"U-3605","TREATMENT OF CF IN A PATIENT AGE 1 MONTH TO <4 MONTHS WHO HAS AT LEAST ONE MUTATION IN THE CFTR GENE THAT IS RESPONSIVE TO IVACAFTOR BASED ON CLINICAL AND/OR IN VITRO ASSAY DATA USING THE COMPOSITION RECITED IN CLAIM 1 OF US 10272046"
"U-3606","TREATMENT OF CF IN A PATIENT AGE 1 MONTH TO <4 MONTHS WHO HAS AT LEAST ONE CFTR MUTATION RESPONSIVE TO IVACAFTOR BASED ON CLINICAL AND/OR IN VITRO ASSAY DATA USING A SOLID COMPOSITION COMPRISING AMORPHOUS (LESS THAN ABOUT 30% CRYSTALLINE) IVACAFTOR"
"U-3607","TREATMENT OF A MODERATE TO MILD CLINICAL PHENOTYPE OF CF USING IVACAFTOR IN A PATIENT AGE 1 MONTH TO <4 MONTHS WHO HAS AT LEAST ONE CFTR MUTATION RESPONSIVE TO IVACAFTOR BASED ON CLINICAL AND/OR IN VITRO ASSAY DATA"
"U-3608","TREATMENT OF CYSTIC FIBROSIS USING IVACAFTOR IN A PATIENT AGE 1 MONTH TO <4 MONTHS WHO HAS A R117H MUTATION IN THE CFTR GENE"
"U-3609","TREATMENT OF CYSTIC FIBROSIS USING IVACAFTOR IN A PATIENT AGE 1 MONTH TO <4 MONTHS WHO HAS AT LEAST ONE MUTATION IN THE CFTR GENE THAT IS RESPONSIVE TO IVACAFTOR BASED ON CLINICAL AND/OR IN VITRO ASSAY DATA"
"U-3610","CO-ADMINISTRATION OF CENOBAMATE WITH PHENOBARBITAL AND/OR PHENYTOIN FOR THE TREATMENT OF PARTIAL ONSET SEIZURES"
"U-3611","TREATMENT OF PEDIATRIC PATIENTS WITH CENTRAL PRECOCIOUS PUBERTY"
"U-3612","AS AN ADJUNCT TO DIET TO REDUCE LOW-DENSITY LIPOPROTEIN CHOLESTEROL IN ADULTS AND PEDIATRIC PATIENTS AGED 10 YEARS AND OLDER WITH HETEROZYGOUS FAMILIAL HYPERCHOLESTEROLEMIA"
"U-3613","AS AN ADJUNCT TO OTHER LOW-DENSITY LIPOPROTEIN CHOLESTEROL (LDL-C) LOWERING THERAPIES, OR ALONE IF SUCH TREATMENTS ARE UNAVAILABLE, TO REDUCE LDL-C IN ADULTS AND PEDIATRIC PATIENTS AGED 10 YEARS AND OLDER WITH HOMOZYGOUS FAMILIAL HYPERCHOLESTEROLEMIA"
"U-3614","POSITRON EMISSION TOMOGRAPHY (PET) OF PROSTATE-SPECIFIC MEMBRANE ANTIGEN (PSMA) POSITIVE LESIONS IN MEN WITH PROSTATE CANCER WITH SUSPECTED METASTASIS WHO ARE CANDIDATES FOR INITIAL DEFINITIVE THERAPY"
"U-3615","POSITRON EMISSION TOMOGRAPHY (PET) OF PROSTATE-SPECIFIC MEMBRANE ANTIGEN (PSMA) POSITIVE LESIONS IN MEN WITH PROSTATE CANCER WITH SUSPECTED RECURRENCE BASED ON ELEVATED SERUM PROSTATE-SPECIFIC ANTIGEN (PSA) LEVEL"
"U-3616","A METHOD OF ADMINISTERING AN OPIOID MAINTENANCE TREATMENT COMPRISING BUPRENORPHINE"
"U-3617","A METHOD OF ADMINISTERING AN OPIOID MAINTENANCE TREATMENT COMPRISING BUPRENORPHINE. A METHOD OF TREATING OPIOID WITHDRAWAL USING AN OPIOID MAINTENANCE TREATMENT COMPRISING BUPRENORPHINE"
"U-3618","A METHOD OF SUSTAINED DELIVERY OF BUPRENORPHINE TO A HUMAN OR NON-HUMAN ANIMAL BODY. A METHOD FOR TREATMENT FOR OPIOID MAINTENANCE THERAPY"
"U-3619","A METHOD OF DELIVERY OF A BIOACTIVE AGENT BY SUBCUTANEOUS INJECTION. A METHOD OF TREATMENT OF A HUMAN FOR ADDICTION"
"U-3620","A METHOD OF DELIVERY OF AN OPIOID BIOACTIVE AGENT. A METHOD OF TREATMENT OR PROPHYLAXIS OF A HUMAN OR NON-HUMAN ANIMAL FOR THE TREATMENT OF OPIOID ADDICTION AND/OR THE SYMPTOMS OF OPIOID WITHDRAWAL"
"U-3621","TREATMENT OF MODERATE TO SEVERE VASOMOTOR SYMPTOMS DUE WITH MENOPAUSE"
"U-3622","TREATMENT OF MODERATE TO SEVERE VASOMOTOR SYMPTOMS DUE TO MENOPAUSE"
"U-3623","MAINTENANCE TREATMENT OF ASTHMA IN PATIENTS AGED 5 YEARS AND OLDER. RECOMMENDED DOSAGES: BREO 100/25 OR 200/25 AGES 18 YEARS AND OLDER; BREO 100/25 AGES 12-17 YEARS, AND BREO 50/25, AGES 5-11 YEARS"
"U-3624","TREATMENT OF ADULTS WITH MODERATELY TO SEVERELY ACTIVE CROHN'S DISEASE WHO HAVE HAD AN INADEQUATE RESPONSE OR INTOLERANCE TO ONE OR MORE TNF BLOCKERS"
"U-3626","TREATMENT OF SCHIZOPHRENIA BY ADMINISTRATION OF A SIX-MONTH PALIPERIDONE PALMITATE INJECTABLE SUSPENSION FILLED SYRINGE THAT HAS BEEN SHIPPED AND STORED IN A HORIZONAL POSITION"
"U-3627","TREATMENT OF DRY EYE DISEASE (DED)"
"U-3628","REDUCTION OF RISK OF CARDIOVASCULAR DEATH, HOSPITALIZATION FOR HEART FAILURE, AND URGENT HEART FAILURE IN ADULTS WITH HEART FAILURE OR TYPE 2 DIABETES MELLITUS, CHRONIC KIDNEY DISEASE, AND OTHER CARDIOVASCULAR RISK FACTORS"
"U-3629","TREATMENT OF MILD-TO-MODERATE CORONAVIRUS DISEASE 2019 (COVID-19) IN ADULTS WHO ARE AT HIGH RISK FOR PROGRESSION TO SEVERE COVID-19, INCLUDING HOSPITALIZATION OR DEATH"
"U-3630","TREATING OPIOID OVERDOSE"
"U-3631","TREATMENT OF DELETERIOUS OR SUSPECTED DELETERIOUS BRCA-MUTATED METASTATIC CASTRATION-RESISTANT PROSTATE CANCER IN COMBINATION WITH ABIRATERONE AND PREDNISONE OR PREDNISOLONE"
"U-3632","TREATMENT OF ADULT PATIENTS WITH MANTLE CELL LYMPHOMA"
"U-3633","TREATMENT OF ADULT PATIENTS WITH MULTIPLE MYELOMA"
"U-3634","METHOD OF TREATING IDA IN ADULT PATIENTS WEIGHING AT LEAST 46.7 KG WITH HEART FAILURE & NY HEART ASSOCIATION CLASS II/III TO IMPROVE EXERCISE CAPACITY BY ADMINISTERING IV FERRIC CARBOXYMALTOSE TO PROVIDE AT LEAST 0.7 G OF ELEMENTAL IRON IN 15 MINUTES"
"U-3635","METHOD TO TREAT IDA IN ADULTS WEIGHING AT LEAST 40 KG WITH HEART FAILURE & NY HEART ASSOCIATION CLASS II/III TO IMPROVE EXERCISE CAPACITY BY ADMINISTERING IV FERRIC CARBOXYMALTOSE TO PROVIDE AT LEAST ABOUT 0.6 G OF ELEMENTAL IRON IN ABOUT ≤ 15 MIN"
"U-3636","METHOD TO TREAT IDA IN ADULTS WEIGHING AT LEAST 40 KG WITH HEART FAILURE & NY HEART ASSOCIATION CLASS II/III TO IMPROVE EXERCISE CAPACITY BY INTRAVENOUSLY ADMINISTERING FERRIC CARBOXYMALTOSE TO PROVIDE AT LEAST ABOUT 0.6 G OF ELEMENTAL IRON"
"U-3637","METHOD TO TREAT IRON DEFICIENCY IN ADULTS WEIGHING AT LEAST 40 KG WITH HEART FAILURE & NY HEART ASSOCIATION CLASS II/III TO IMPROVE EXERCISE CAPACITY BY ADMINISTERING IV FERRIC CARBOXYMALTOSE TO PROVIDE AT LEAST ABOUT 0.6 G OF ELEMENTAL IRON"
"U-3638","A METHOD FOR TREATING AND/OR REDUCING THE RISK OF ACUTE MYOCARDIAL INFARCTION"
"U-3639","A METHOD FOR TREATING AND/OR REDUCING THE RISK OF A CARDIOVASCULAR EVENT"
"U-3640","A METHOD OF TREATING AND/OR REDUCING THE RISK OF INFLAMMATION, ATHEROSCLEROTIC VASCULAR DISEASE, AND CHOLESTEROL CRYSTAL INDUCED INFLAMMATION WITHIN ATHEROSCLEROTIC PLAQUES"
"U-3641","A METHOD OF TREATING AND/OR REDUCING THE RISK OF A CARDIOVASCULAR EVENT; ACUTE CORONARY SYNDROME, OUT-OF-HOSPITAL CARDIAC ARREST, AND/OR NONCARDIOEMBOLIC ISCHEMIC STROKE"
"U-3642","A METHOD OF TREATING CARDIOVASCULAR DISEASE"
"U-3643","METHOD OF TREATING AND/OR REDUCING THE RISK OF A CARDIOVASCULAR EVENT"
"U-3644","TREATMENT OF FUNCTIONAL CONSTIPATION IN PEDIATRIC PATIENTS 6 TO 17 YEARS OF AGE"
"U-3645","ACUTE TREATMENT OF AGITATION ASSOCIATED WITH SCHIZOPHRENIA OR BIPOLAR I OR II DISORDER BY BUCCAL ADMINISTRATION"
"U-3646","A METHOD OF TREATMENT OF OVARIAN CANCER OR FALLOPIAN TUBE CANCER"
"U-3647","A METHOD OF TREATMENT OF RECURRENT OVARIAN CANCER OR FALLOPIAN TUBE CANCER ASSOCIATED WITH DELETERIOUS OR SUSPECTED DELETERIOUS GERMLINE BRCA-MUTATION"
"U-3648","METHOD OF TREATING CHOLESTATIC PRURITUS IN PATIENTS 12 MONTHS OR OLDER SUFFERING FROM ALAGILLE SYNDROME (ALGS)"
"U-3649","METHOD OF REDUCING SERUM BILE ACIDS IN PATIENTS 12 MONTHS OR OLDER SUFFERING FROM ALAGILLE SYNDROME (ALGS)"
"U-3650","TREATMENT OF PATIENTS WITH POST-TRANSPLANT CYTOMEGALOVIRUS (CMV) INFECTION/DISEASE REFRACTORY TO TREATMENT WITH GANCICLOVIR, VALGANCICLOVIR, CIDOFOVIR, OR FOSCARNET, WHERE THE PATIENT IS A STEM CELL, KIDNEY, OR LIVER TRANSPLANT RECIPIENT"
"U-3651","TREATMENT OF ADULT PATIENTS WITH HRR GENE-MUTATED METASTATIC CASTRATION-RESISTANT PROSTATE CANCER (MCRPC) IN COMBINATION WITH ENZALUTAMIDE"
"U-3652","AS AN ADJUNCT TO DIET AND STATIN THERAPY FOR THE TREATMENT OF ADULTS WITH PRIMARY HYPERLIPIDEMIA, INCLUDING HETEROZYGOUS FAMILIAL HYPERCHOLESTEROLEMIA (HEFH), BY INHIBITING EXPRESSION OF THE PCSK9 GENE"
"U-3653","MANAGEMENT OF MODERATE TO SEVERE PAIN ASSOCIATED WITH ENDOMETRIOSIS IN A PATIENT WITH MODERATE HEPATIC IMPAIRMENT"
"U-3654","MANAGEMENT OF MODERATE TO SEVERE PAIN ASSOCIATED WITH ENDOMETRIOSIS USING 150 MG OR 200 MG ELAGOLIX WHILE CO-ADMINISTERING OMEPRAZOLE"
"U-3655","MANAGEMENT OF HEAVY MENSTRUAL BLEEDING ASSOCIATED WITH UTERINE LEIOMYOMAS (FIBROIDS) USING 300 MG ELAGOLIX WHILE CO-ADMINISTERING OMEPRAZOLE"
"U-3656","TREATMENT OF METASTATIC COLORECTAL CANCER ALONE OR WITH BEVACIZUMAB IN PATIENTS PREVIOUSLY TREATED WITH FLUOROPYRIMIDINE-, OXALIPLATIN- AND IRINOTECAN-BASED CHEMOTHERAPY, AN ANTI-VEGF BIOLOGICAL THERAPY, AND IF RAS WILD-TYPE, AN ANTI-EGFR THERAPY"
"U-3657","TREATMENT OF METASTATIC COLORECTAL CANCER ALONE OR WITH BEVACIZUMAB IN SEVERELY RENALLY IMPAIRED PATIENTS PREVIOUSLY TREATED WITH FLUOROPYRIMIDINE-, OXALIPLATIN- AND IRINOTECAN THERAPY, AN ANTI-VEGF BIOLOGIC, AND IF RAS WILD-TYPE, ANTI-EGFR THERAPY"
"U-3658","TREATMENT OF METASTATIC GASTRIC OR GJA IN SEVERELY RENALLY IMPAIRED PATIENTS TREATED WITH AT LEAST TWO LINES OF CHEMOTHERAPY THAT INCLUDED A FLUOROPYRIMIDINE, A PLATINUM, A TAXANE OR IRINOTECAN, AND IF APPROPRIATE, HER2/NEU-TARGETED THERAPY"
"U-3659","TREATMENT OF METASTATIC COLORECTAL CANCER WITH BEVACIZUMAB IN PATIENTS PREVIOUSLY TREATED WITH FLUOROPYRIMIDINE-, OXALIPLATIN- AND IRINOTECAN-BASED CHEMOTHERAPY, AN ANTI-VEGF BIOLOGICAL THERAPY, AND IF RAS WILD-TYPE, AN ANTI-EGFR THERAPY"
"U-3660","TREATMENT OF PARTIAL-ONSET SEIZURES IN ADULTS AND IN PEDIATRIC PATIENTS WEIGHING AT LEAST 50 KG"
"U-3661","COMBINATION WITH STANDARD CYTARABINE AND ANTHRACYCLINE INDUCTION AND CYTARABINE CONSOLIDATION, AND AS MAINTENANCE MONOTHERAPY FOLLOWING CONSOLIDATION CHEMOTHERAPY, FOR ADULT PATIENTS WITH NEWLY DIAGNOSED FLT3-ITD POSITIVE ACUTE MYELOID LEUKEMIA"
"U-3662","DEXTROMETHORPHAN AND BUPROPRION IN COMBINATION TO TREAT MAJOR DEPRESSIVE DISORDER"
"U-3663","TOPICAL TREATMENT OF MOLLUSCUM CONTAGIOSUM IN ADULT AND PEDIATRIC PATIENTS 2 YEARS OF AGE AND OLDER"
"U-3664","TOPICAL TREATMENT OF SKIN LESIONS CAUSED BY AN INFECTION WITH MOLLUSCUM CONTAGIOSUM IN ADULT AND PEDIATRIC PATIENTS 2 YEARS OF AGE AND OLDER"
"U-3665","TOPICAL DELIVERY OF A CANTHARIDIN FORMULATION TO ADULT AND PEDIATRIC PATIENTS 2 YEARS OF AGE AND OLDER FOR TREATING MOLLUSCUM CONTAGIOSUM"
"U-3666","USE IN ADULT AND PEDIATRIC PATIENTS WITH SUBOPTIMAL ECHOCARDIOGRAMS TO OPACIFY THE LEFT VENTRICULAR CHAMBER AND TO IMPROVE THE DELINEATION OF THE LEFT VENTRICULAR ENDOCARDIAL BORDER"
"U-3667","USE IN ULTRASONOGRAPHY OF THE URINARY TRACT IN PEDIATRIC PATIENTS FOR THE EVALUATION OF SUSPECTED OR KNOWN VESICOURETERAL REFLUX"
"U-3668","USE WITH ULTRASOUND OF THE LIVER IN ADULT AND PEDIATRIC PATIENTS TO CHARACTERIZE FOCAL LIVER LESIONS"
"U-3669","USE OF VASCEPA TO REDUCE THE INCIDENCE OF STROKE IN AN ADULT PATIENT ON STATIN THERAPY AND WITH ELEVATED TRIGLYCERIDE LEVELS (>150 MG/DL), WHEREIN THE PATIENT EXPERIENCES ATRIAL FIBRILLATION AND/OR FLUTTER INSTEAD OF AN INCIDENCE OF STROKE"
"U-3670","ADMINISTRATION OF AN EXTENDED RELEASE TABLET FOR THE TREATMENT OF NEUROGENIC DETRUSOR OVERACTIVITY (NDO) IN PEDIATRIC PATIENTS AGED 3 YEARS AND OLDER AND WEIGHING 35 KG OR MORE"
"U-3671","USE OF INTRANASAL NALOXONE FOR THE TREATMENT OF OPIOID OVERDOSE"
"U-3672","MANAGEMENT OF MODERATE TO SEVERE PAIN ASSOCIATED WITH ENDOMETRIOSIS USING 150 MG ELAGOLIX FOR UP TO 24 MONTHS"
"U-3673","TREATMENT OF GEOGRAPHIC ATROPHY SECONDARY TO AGE-RELATED MACULAR DEGENERATION BY ADMINISTERTING AVACINCAPTAD PEGOL TO THE EYE"
"U-3674","TREATMENT OF DEMODEX BLEPHARITIS VIA TOPICAL ADMINISTRATION TO AN OCULAR SURFACE"
"U-3675","A PERCUTANEOUS HEPATIC PERFUSION PROCEDURE FOR TREATING A PATIENT WITH UVEAL MELANOMA WITH UNRESECTABLE HEPATIC METASTASES"
"U-3676","REDUCTION OF HETEROTOPIC OSSIFICATION IN PATIENTS WITH FIBRODYSPLASIA (MYOSITIS) OSSIFICANS PROGRESSIVA"
"U-3677","ACUTE TREATMENT OF MIGRAINE WITH OR WITHOUT AURA IN A PATIENT WITH SEVERE HEPATIC IMPAIRMENT"
"U-3678","A METHOD FOR REDUCING THE INCIDENCE OF CHEMOTHERAPY-INDUCED MYELOSUPPRESSION IN ADULT PATIENTS WHEN ADMINISTERED PRIOR TO A PLATINUM/ETOPOSIDE-CONTAINING REGIMEN FOR EXTENSIVE-STAGE SMALL CELL LUNG CANCER"
"U-3679","A METHOD FOR REDUCING THE INCIDENCE OF CHEMOTHERAPY-INDUCED MYELOSUPPRESSION IN ADULT PATIENTS WHEN ADMINISTERED PRIOR TO A TOPOTECAN-CONTAINING REGIMEN FOR EXTENSIVE-STAGE SMALL CELL LUNG CANCER"
"U-3680","A METHOD FOR TREATING A SUBJECT WITH UVEAL MELANOMA WITH UNRESECTABLE HEPATIC METASTASES"
"U-3681","TREATMENT OF ACUTE CYANIDE POISONING THAT IS JUDGED TO BE SERIOUS OR LIFE-THREATENING"
"U-3682","SODIUM THIOSULFATE INJECTION IS INDICATED FOR SEQUENTIAL USE WITH SODIUM NITRITE FOR THE TREATMENT OF ACUTE CYANIDE POISONING THAT IS JUDGED TO BE SERIOUS OR LIFE-THREATENING"
"U-3683","A METHOD OF TREATING A PATIENT WITH UVEAL MELANOMA WITH UNRESECTABLE HEPATIC METASTASES"
"U-3684","A METHOD OF TREATING AN ADULT PATIENT WITH RELAPSED OR REFRACTORY ACUTE MYELOID LEUKEMIA HAVING A SUSCEPTIBLE IDH1 MUTATION"
"U-3685","METHOD OF ADMINISTERING AN EFFECTIVE DOSE OF TROPICAMIDE AND PHENYLEPHRINE HYDROCHLORIDE TO AN EYE"
"U-3686","TREATMENT OF EXACERBATIONS OF MULTIPLE SCLEROSIS IN ADULTS WITH CORTICOTROPIN BY PROMOTING NEW VESSEL FORMATION WHEREIN VCAM-1 EXPRESSION AND ANGIOPOETIN-2 EXPRESSION IS INCREASED AFTER THE ADMINISTERING"
"U-3687","TREATMENT OF INFANTILE SPASMS WITH CORTICOTROPIN BY PROMOTING NEW VESSEL FORMATION WHEREIN VCAM-1 EXPRESSION AND ANGIOPOETIN-2 EXPRESSION IS INCREASED AFTER THE ADMINISTERING"
"U-3688","TREATMENT OF OPHTHALMIC DISEASES WITH CORTICOTROPIN BY PROMOTING NEW VESSEL FORMATION WHEREIN VCAM-1 EXPRESSION AND ANGIOPOETIN-2 EXPRESSION IS INCREASED AFTER THE ADMINISTERING"
"U-3689","DIAGNOSIS OF GALL BLADDER DISORDERS BY STIMULATING GALLBLADDER CONTRACTION, AS MAY BE ASSESSED BY VARIOUS METHODS OF DIAGNOSTIC IMAGING, OR TO OBTAIN BY DUODENAL ASPIRATION A SAMPLE OF CONCENTRATED BILE FOR ANALYSIS"
"U-3690","A METHOD FOR PREVENTING OF POST-OPERATIVE NAUSEA AND VOMITING"
"U-3691","TREATMENT AND REDUCTION OF RISK BY ADMINISTRATION OF EMPAGLIFLOZIN TO ADULTS WITH CHRONIC KIDNEY DISEASE AT RISK OF PROGRESSION"
"U-3692","A METHOD OF TREATING HETEROZYGOUS FAMILIAL HYPERCHOLESTEROLEMIA OR ESTABLISHED ATHEROSCLEROTIC CARDIOVASCULAR DISEASE BY DECREASING THE LEVEL OF LDL-C USING 180 MG BEMPEDOIC ACID AND 10 MG EZETIMIBE"
"U-3693","TREATMENT OF EXCESSIVE DAYTIME SLEEPINESS IN A BREAST-FEEDING PATIENT WHILE REDUCING INFANT EXPOSURE TO SOLRIAMFETOL"
"U-3694","METHOD OF REDUCING OR AMELIORATING SEIZURES IN A PATIENT BY ADMINISTERING A LIQUID FORMULATION OF FENFLURAMINE WITH STIRIPENTOL THEREBY MODULATING DOWN THE FORMATION OF NORFENFLURAMINE AND RESULTING IN HIGHER LEVELS OF FENFLURAMINE"
"U-3695","MAINTENANCE TREATMENT OF DELETERIOUS OR SUSPECTED DELETERIOUS GERMLINE OR SOMATIC BRCA-MUTED RECURRENT EPITHELIAL OVARIAN, FALLOPIAN TUBE OR PRIMARY PERITONEAL CANCER, WHO ARE IN A COMPLETE OR PARTIAL RESPONSE TO PLATINUM-BASED CHEMOTHERAPY"
"U-3696","TREATMENT OF CF IN PATIENTS AGED 2 TO <6 YEARS WHO HAVE AT LEAST ONE F508DEL MUTATION OR A MUTATION IN THE CFTR GENE THAT IS RESPONSIVE BASED ON IN VITRO DATA COMPRISING ADMINISTERING A COMPOSITION ACCORDING TO CLAIM 1 OF US 11752106"
"U-3697","TREATMENT OF CF IN A PATIENT AGE 1 MONTH TO <6 YEARS WHO HAS AT LEAST ONE MUTATION IN THE CFTR GENE THAT IS RESPONSIVE TO IVACAFTOR BASED ON CLINICAL AND/OR IN VITRO ASSAY DATA USING THE COMPOSITION RECITED IN CLAIM 1 OF US 11752106"
"U-3698","ACUTE TREATMENT OF AGITATION ASSOCIATED WITH SCHIZOPHRENIA BY SUBLINGUAL OR BUCCAL ADMINISTRATION"
"U-3699","TREATMENT OF SUBJECTS WITH MAJOR DEPRESSION WITH SEXUAL DYSFUNCTION CAUSED BY EITHER MAJOR DEPRESSION OR PRIOR TREATMENTS, OR TREATMENT OF SUBJECTS WITH MAJOR DEPRESSION WITHOUT THE RISK OF SEXUAL DYSFUNCTION ADVERSE REACTIONS"
"U-3700","TREATMENT OF ADULTS WITH ACUTE LYMPHOBLASTIC LEUKEMIA WITH AN ORAL SOLUTION OF METHOTREXATE"
"U-3701","TREATMENT OF ADULTS WITH MYCOSIS FUNGOIDES WITH AN ORAL SOLUTION OF METHOTREXATE"
"U-3702","TREATMENT OF ADULTS WITH RELAPSED OR REFRACTORY NON-HODGKIN LYMPHOMAS WITH AN ORAL SOLUTION OF METHOTREXATE"
"U-3703","TREATMENT OF ADULTS WITH RHEUMATOID ARTHRITIS WITH AN ORAL SOLUTION OF METHOTREXATE"
"U-3704","TREATMENT OF ADULTS WITH SEVERE PSORIASIS WITH AN ORAL SOLUTION OF METHOTREXATE"
"U-3705","TREATMENT OF CATAPLEXY OR EXCESSIVE DAYTIME SLEEPINESS IN PATIENTS WITH NARCOLEPSY WHO HAVE AN APNEA/HYPOPNEA INDEX ≤15 WITH A ONCE-NIGHTLY FORMULATION OF GAMMA-HYDROXYBUTYRATE"
"U-3706","TREATMENT OF BLOATING ASSOCIATED WITH DIARRHEA-PREDOMINANT IRRITABLE BOWEL SYNDROME (IBS-D) IN ADULT FEMALE SUBJECTS"
"U-3707","A METHOD OF TREATING PATIENTS 1 YEAR OF AGE AND OLDER WITH CHRONIC PHASE PH+ CML, NEWLY-DIAGNOSED OR RESISTANT OR INTOLERANT TO PRIOR THERAPY"
"U-3708","A METHOD OF TREATING PATIENTS WITH ACCELERATED, OR BLAST PHASE PH+ CML WITH RESISTANCE OR INTOLERANCE TO PRIOR THERAPY"
"U-3709","METHOD OF TREATING PRIMARY HYPEROXALURIA TYPE 1 (PH1)"
"U-3710","TREATMENT OF ADULT PATIENTS WITH PREVIOUSLY UNTREATED CHRONIC LYMPHOCYTIC LEUKEMIA BY ORALLY ADMINISTERING 100 MG OF ACALABRUTINIB TWICE DAILY IN COMBINATION WITH INTRAVENOUS ADMINISTRATION OF OBINUTUZUMAB"
"U-3711","A METHOD TO IMPROVE KIDNEY FUNCTION IN ADULTS WITH HEPATORENAL SYNDROME WITH RAPID REDUCTION IN KIDNEY FUNCTION"
"U-3712","TOPICAL TREATMENT OF PLAQUE PSORIASIS, INCLUDING INTERTRIGINOUS AREAS, IN PATIENTS 6 YEARS OF AGE OR OLDER"
"U-3713","TOPICAL TREATMENT OF ACNE VULGARIS IN ADULT AND PEDIATRIC PATIENTS 12 YEARS OF AGE AND OLDER"
"U-3714","TREATMENT OF GASTROINTESTINAL STROMAL TUMORS IN PATIENTS HAVING PRE-EXISTING SEVERE HEPATIC IMPAIRMENT AND SUFFERING FROM AN ADVERSE EVENT WHILE BEING ADMINISTERED RIPRETINIB DAILY"
"U-3715","TREATMENT OF ADULT PATIENTS WITH CHRONIC LYMPHOCYTIC LEUKEMIA (CLL) OR SMALL LYMPHOCYTIC LYMPHOMA (SLL) RECEIVING A MODERATE CYP3A INDUCER"
"U-3716","TREATMENT OF ADULT PATIENTS WITH WALDENSTROM'S MACROGLOBULINEMIA (WM) RECEIVING A MODERATE CYP3A INDUCER"
"U-3717","TREATMENT OF ADULT PATIENTS WITH SMALL LYMPHOCYTIC LYMPHOMA (SLL) RECEIVING A MODERATE CYP3A INDUCER"
"U-3718","TREATMENT OF ADULT PATIENTS WITH RELAPSED OR REFRACTORY MARGINAL ZONE LYMPHOMA (MZL) RECEIVING A MODERATE CYP3A INDUCER, WHO HAVE RECEIVED AT LEAST ONE ANTI–CD20-BASED REGIMEN"
"U-3719","TREATMENT OF ADULT PATIENTS WITH MANTLE CELL LYMPHOMA (MCL) RECEIVING A MODERATE CYP3A INDUCER, WHO HAVE RECEIVED AT LEAST ONE PRIOR THERAPY"
"U-3720","TREATMENT OF ADULT PATIENTS WITH CHRONIC LYMPHOCYTIC LEUKEMIA (CLL) RECEIVING A MODERATE CYP3A INDUCER"
"U-3721","TREATMENT OF SECONDARY HYPERPARATHYROIDISM WITH SUSTAINED RELEASE 25-HYDROXYVITAMIN D IN CHRONIC KIDNEY DISEASE PATIENTS RECEIVING CHOLESTYRAMINE"
"U-3722","TREATMENT OF SECONDARY HYPERPARATHYROIDISM WITH SUSTAINED RELEASE 25-HYDROXYVITAMIN D IN CHRONIC KIDNEY DISEASE PATIENTS RECEIVING PHENOBARBITAL OR OTHER ANTICONVULSANTS"
"U-3723","TREATMENT OF SECONDARY HYPERPARATHYROIDISM WITH SUSTAINED RELEASE 25-HYDROXYVITAMIN D IN CHRONIC KIDNEY DISEASE PATIENTS RECEIVING CYP3A INHIBITORS"
"U-3724","TO PRODUCE POST-SURGICAL ANALGESIA"
"U-3725","ACUTE TREATMENT OF AGITATION ASSOCIATED WITH SCHIZOPHRENIA OR BIPOLAR I OR II DISORDER BY SUBLINGUAL OR BUCCAL ADMINISTRATION IN PATIENTS WITH SEVERE HEPATIC IMPAIRMENT"
"U-3726","THE TREATMENT OF POMPE PATIENTS"
"U-3727","TREATMENT OF ADULT PATIENTS WITH SMALL LYMPHOCYTIC LYMPHOMA (SLL) WHO HAVE RECEIVED AT LEAST ONE PRIOR THERAPY"
"U-3728","TREATMENT OF ADULT PATIENTS WITH CHRONIC LYMPHOCYTIC LEUKEMIA (CLL) WHO HAVE RECEIVED AT LEAST ONE PRIOR THERAPY"
"U-3729","TREATMENT OF ADULT PATIENTS WITH CHRONIC LYMPHOCYTIC LEUKEMIA (CLL) OR SMALL LYMPHOCYTIC LYMPHOMA (SLL) WHO HAVE RECEIVED AT LEAST ONE PRIOR THERAPY"
"U-3730","A METHOD FOR TREATING ULCERATIVE COLITIS BY ADMINISTERING ESTRASIMOD ARGININE IN AN AMOUNT EQUIVALENT TO ABOUT 2.0 MG OF ESTRASIMOD"
"U-3731","A METHOD FOR TREATING ULCERATIVE COLITIS BY ADMINISTERING A THERAPEUTICALLY EFFECTIVE AMOUNT OF THE FORM OF ESTRASIMOD ARGININE AS CLAIMED"
"U-3732","A METHOD FOR TREATING ULCERATIVE COLITIS BY ADMINISTERING A THERAPEUTICALLY EFFECTIVE AMOUNT OF ESTRASIMOD ARGININE"
"U-3733","METHOD OF TREATING SEIZURES IN A PATIENT BY ADMINISTERING A LIQUID FORMULATION OF FENFLURAMINE OR ITS SALTS PLUS STIRIPENTOL THEREBY REDUCING NORFENFLURAMINE FORMATION WHILE INCREASING THE FENFLURAMINE LEVEL. PATIENTS CAN HAVE E.G. DRAVET OR LGS"
"U-3734","METHOD OF TREATING SCHIZOPHRENIA IN A PATIENT WHO HAS PREVIOUSLY EXPERIENCED SIGNIFICANT WEIGHT GAIN INDUCED BY OLANZAPINE ALONE BY ADMINISTERING A COMPOSITION COMPRISING OLANZAPINE AND SAMIDORPHAN"
"U-3735","TREATMENT OF GENERALIZED MYASTHENIA GRAVIS (GMG) IN AN ADULT PATIENT WHO IS ANTI-ACETYLCHOLINE RECEPTOR (ACHR) ANTIBODY POSITIVE BY SUBCUTANEOUS ADMINISTRATION OF C5 COMPLEMENT INHIBITOR ZILUCOPLAN"
"U-3736","REDUCTION OF SERUM PHOSPHORUS IN ADULTS"
"U-3737","MEKTOVI IS A KINASE INHIBITOR INDICATED IN COMBINATION WITH ENCORAFENIB, FOR THE TREATMENT OF PATIENTS WITH METASTATIC NON SMALL CELL LUNG CANCER WITH A BRAF V600E MUTATION, AS DETECTED BY AN FDA-APPROVED TEST"
"U-3738","BRAFTOVI IS A KINASE INHIBITOR INDICATED IN COMBINATION WITH BINIMETINIB, FOR THE TREATMENT OF PATIENTS WITH METASTATIC NON SMALL CELL LUNG CANCER WITH A BRAF V600E MUTATION, AS DETECTED BY AN FDA-APPROVED TEST"
"U-3739","TREATMENT OF NON-24-HOUR SLEEP-WAKE DISORDER BY AVOIDING THE ADMINISTRATION OF TASIMELTEON WITH FOOD"
"U-3740","TREATMENT OF MODERATELY TO SEVERELY ACTIVE ULCERATIVE COLITIS (UC) IN ADULTS"
"U-3741","TREATMENT OF PRESBYOPIA"
"U-3742","A METHOD OF TREATING A CANCER CHARACTERIZED BY AN IDH1 MUTATION WHEREIN THE CANCER IS RELAPSED OR REFRACTORY MYELODYSPLASTIC SYNDROMES"
"U-3743","A METHOD OF TREATING RELAPSED OR REFRACTORY MYELODYSPLASTIC SYNDROMES CHARACTERIZED BY THE PRESENCE OF A MUTANT ALLELE OF IDH1 BY ADMINISTERING A ONCE DAILY 500 MG ORAL DOSE TO A SUBJECT THAT HAS NOT INGESTED A HIGH-FAT MEAL"
"U-3744","METHOD OF TREATING MILD TO MODERATE PAIN IN ADULTS"
"U-3745","METHOD OF TREATING MODERATE TO SEVERE PAIN IN ADULTS AS AN ADJUNCT TO OPIOID ANALGESICS"
"U-3746","METHODS OF MAKING AQUEOUS COMPOSITION AND TREATING PAIN, INFLAMMATION, FEVER, PATENT DUCTUS ATERIOSIS WITH AQUEOUS COMPOSITION"
"U-3747","TREATMENT OF DUCHENNE MUSCULAR DYSTROPHY"
"U-3748","TOPICAL TREATMENT OF PLAQUE PSORIASIS, INCLUDING INTERTRIGINOUS AREAS, IN PATIENTS 6 YEARS OF AGE AND OLDER"
"U-3749","METHOD OF TREATING PULMONARY HYPERTENSION ASSOCIATED WITH INTERSTITIAL LUNG DISEASE BY ADMINISTERING TREPROSTINIL OR A SALT THEREOF BY INHALATION USING A DEVICE"
"U-3750","TREATMENT OF GASTROINTESTINAL STROMAL TUMOR WITH A WILD TYPE KIT MUTATION IN PATIENTS PREVIOUSLY ADMINISTERED THREE OR MORE KINASE INHIBITORS, WHERE ONE OF THE KINASE INHIBITORS IS IMATINIB"
"U-3751","TREATMENT OF CATAPLEXY OR EXCESSIVE DAYTIME SLEEPINESS IN PATIENTS WITH NARCOLEPSY WITH A ONCE-NIGHTLY GAMMA-HYDROXYBUTYRATE FORMULATION"
"U-3752","METHOD OF TREATING DIABETIC HYPOGLYCEMIA"
"U-3753","TREATMENT OF PATIENTS WITH METASTATIC COLORECTAL CANCER WHO HAVE BEEN PREVIOUSLY TREATED WITH FLUOROPYRIMIDINE-, OXALIPLATIN-, AND IRINOTECAN-BASED CHEMOTHERAPY, ANTI-VEGF THERAPY, AND, IF RAS WILD-TYPE AND MEDICALLY APPROPRIATE, ANTI-EGFR THERAPY"
"U-3754","TREATMENT OF ADULT PATIENTS WITH PROGRESSING DESMOID TUMORS"
"U-3755","TREATMENT OF ADULT PATIENTS WITH LOCALLY ADVANCED OR METASTATIC ROS1-POSITIVE NON-SMALL CELL LUNG CANCER (NSCLC)"
"U-3756","ACUTE TREATMENT OF AGITATION ASSOCIATED WITH BIPOLAR I OR II DISORDER BY SUBLINGUAL OR BUCCAL ADMINISTRATION"
"U-3757","TREATMENT OF HYPOTHYROIDISM BY ORAL ADMINISTRATION OF L-THYROXINE TO A PATIENT ON AN EMPTY STOMACH 15 MINUTES BEFORE BREAKFAST"
"U-3758","TREATMENT OF PITUITARY THYROTROPIN SUPPRESSION BY ORAL ADMINISTRATION OF L-THYROXINE TO A PATIENT ON AN EMPTY STOMACH 15 MINUTES BEFORE BREAKFAST"
"U-3759","METHOD FOR REDUCING THE RISK OF CARDIOVASCULAR DEATH AND HOSPITALIZATION FOR HEART FAILURE IN PATIENTS WITH HEART FAILURE AND TYPE 2 DIABETES MELLITUS BY ADMINISTRATION OF EMPAGLIFLOZIN"
"U-3760","METHOD FOR REDUCING THE RISK OF CARDIOVASCULAR DEATH AND HOSPITALIZATION IN PATIENTS WITH HEART FAILURE BY ADMINISTRATION OF EMPAGLIFLOZIN"
"U-3761","ADULT PATIENTS WITH CHRONIC LYMPHOCYTIC LEUKEMIA OR SMALL LYMPHOCYTIC LYMPHOMA (CLL/SLL) WHO HAVE RECEIVED AT LEAST TWO PRIOR LINES OF THERAPY, INCLUDING A BTK INHIBITOR AND A BCL-2 INHIBITOR"
"U-3762","TREATMENT WITH FULVESTRANT OF HR-POS. HER2-NEG. LOCALLY ADVANCED OR METASTATIC BREAST CANCER WITH PIK3CA/AKT1/PTEN-ALTERATION(S) FOLLOWING PROGRESSION ON ENDOCRINE THERAPY IN THE METASTATIC SETTING OR RECURRENCE ON OR WITHIN 12 MONTHS OF ADJUVANT THERAPY"
"U-3763","TREATMENT OF PATIENTS WITH NON-METASTATIC CASTRATION-SENSITIVE PROSTATE CANCER (NMCSPC) WITH BIOCHEMICAL RECURRENCE (BCR) AT HIGH RISK FOR METASTASIS"
"U-3764","TREATMENT OF EXCESSIVE DAYTIME SLEEPINESS BY ADMINISTERING SOLRIAMFETOL TO A SUBJECT HAVING OBSTRUCTIVE SLEEP APNEA (OSA) AND NO, MILD, MODERATE, OR SEVERE RENAL IMPAIRMENT"
"U-3765","TREATMENT OF EXCESSIVE DAYTIME SLEEPINESS BY ADMINISTERING SOLRIAMFETOL TO A SUBJECT HAVING MODERATE OR SEVERE RENAL IMPAIRMENT"
"U-3766","REDUCE THE RISK OF CARDIOVASCULAR DEATH AND HOSPITALIZATION FOR HEART FAILURE AND URGENT HEART FAILURE VISITS IN ADULTS WITH HEART FAILURE WITH PRESERVED EJECTION FRACTION AND WITHOUT TYPE II DIABETES"
"U-3767","USE OF DASATINIB FOR TREATMENT OF ADULTS WITH CHRONIC, ACCELERATED, OR MYELOID OR LYMPHOID BLAST PHASE PH+ CML WITH RESISTANCE OR INTOLERANCE TO PRIOR THERAPY INCLUDING IMATINIB, WHEN ADMINISTERED AT ELEVATED GASTRIC PH"
"U-3768","USE OF DASATINIB FOR TREATMENT OF NEWLY DIAGNOSED ADULTS WITH PH+ CML IN CHRONIC PHASE, WHEN ADMINISTERED AT ELEVATED GASTRIC PH"
"U-3769","USE OF DASATINIB FOR TREATMENT OF ADULTS WITH PH+ ALL WITH RESISTANCE OR INTOLERANCE TO PRIOR THERAPY, WHEN ADMINISTERED AT ELEVATED GASTRIC PH"
"U-3770","USE OF DASATINIB FOR TREATMENT OF ADULTS WITH CHRONIC, ACCELERATED, OR MYELOID OR LYMPHOID BLAST PHASE PH+ CML WITH RESISTANCE OR INTOLERANCE TO PRIOR THERAPY INCLUDING IMATINIB, WHEN COADMINISTERED WITH A GASTRIC ACID REDUCING AGENT"
"U-3771","USE OF DASATINIB FOR TREATMENT OF ADULTS WITH PH+ ALL WITH RESISTANCE OR INTOLERANCE TO PRIOR THERAPY, WHEN COADMINISTERED WITH A GASTRIC ACID REDUCING AGENT"
"U-3772","USE OF DASATINIB FOR TREATMENT OF NEWLY DIAGNOSED ADULTS WITH PH+ CML IN CHRONIC PHASE, WHEN COADMINISTERED WITH A GASTRIC ACID REDUCING AGENT"
"U-3773","TOPICAL TREATMENT OF SEBORRHEIC DERMATITIS IN PATIENTS 9 YEARS OF AGE AND OLDER"
"U-3774","A CATHETER LOCK SOLUTION TO REDUCE CATHETER-RELATED BLOODSTREAM INFECTIONS IN ADULT PATIENTS RECEIVING HEMODIALYSIS THROUGH A CENTRAL VENOUS CATHETER"
"U-3775","TREATMENT OF EXCESSIVE DAYTIME SLEEPINESS BY ADMINISTERING SOLRIAMFETOL TO A SUBJECT HAVING NO, MILD, MODERATE, OR SEVERE RENAL IMPAIRMENT"
"U-3776","TREATING TYPE 2 DIABETES MELLITUS BY ASSESSING RENAL FUNCTION AND ORALLY ADMINISTERING EMPAGLIFLOZIN IN A DAILY AMOUNT OF 10 MG OR 25 MG IF THE EGFR IS >=30 ML/MIN/1.73 M2 AND <60 ML/MIN/1.73 M2, WHEREIN THE TREATMENT IMPROVES GLYCEMIC CONTROL"
"U-3777","TREATING TYPE 2 DIABETES MELLITUS BY ASSESSING RENAL FUNCTION AND ORALLY ADMINISTERING EMPAGLIFLOZIN IN A DAILY AMOUNT OF 10 MG OR 25 MG IF THE EGFR>=45 ML/MIN/1.73 M2 AND <60 ML/MIN/1.73 M2, WHEREIN THE TREATMENT IMPROVES GLYCEMIC CONTROL"
"U-3778","TREATMENT OF MAJOR DEPRESSIVE DISORDER BY ADMINISTERING DEXTROMETHORPHAN AND BUPROPION TO A SUBJECT HAVING MODERATE HEPATIC IMPAIRMENT"
"U-3779","METHOD OF TREATING NEONATAL SEIZURES"
"U-3780","TREATMENT OF ADULT PATIENTS WITH ADVANCED RENAL CELL CARCINOMA FOLLOWING A PROGRAMMED DEATH RECEPTOR-1 OR PROGRAMMED DEATH-LIGAND INHIBITOR AND A VASCULAR ENDOTHELIAL GROWTH FACTOR TYROSINE KINASE INHIBITOR"
"U-3781","REDUCTION IN LOSS OF KIDNEY FUNCTION IN ADULTS WITH PRIMARY IMMUNOGLOBULIN A NEPHROPATHY (IGAN) WHO ARE AT RISK OF DISEASE PROGRESSION"
"U-3782","METHOD FOR ADMINISTERING MITAPIVAT OR A SALT OF MITAPIVAT TO MITIGATE DRUG INTERACTIONS IN PATIENTS WITH HEMOLYTIC ANEMIA THAT ARE TAKING MODERATE CYP3A INDUCERS"
"U-3783","COMBINATION TREATMENT WITH TUCATINIB AND TRASTUZUMAB OF ADULTS WITH RAS WILD-TYPE HER2-POSITIVE UNRESECTABLE OR METASTATIC COLORECTAL CANCER THAT HAS PROGRESSED FOLLOWING PREVIOUS TREATMENT AS CLAIMED"
"U-3784","USE OF ORAL OCTREOTIDE IN COMBINATION WITH A H2-RECEPTOR ANTAGONIST OR ANTACID FOR LONG-TERM MAINTENANCE TREATMENT IN ACROMEGALY PATIENTS WHO HAVE RESPONDED TO AND TOLERATED TREATMENT WITH OCTREOTIDE OR LANREOTIDE"
"U-3785","METHOD OF PREVENTING PREGNANCY BY INSERTING A VAGINAL SYSTEM CONTAINING 103 MG OF SEGESTERONE ACETATE AND 17.4 MG OF ETHINYL ESTRADIOL FOR UP TO 1THIRTEEN 21/7-DAY (IN/OUT) CYCLES"
"U-3786","ACUTE TREATMENT OF MIGRAINE WITH OR WITHOUT AURA IN A PATIENT WITH SEVERE RENAL IMPAIRMENT"
"U-3787","A METHOD FOR PREVENTING POST-OPERATIVE NAUSEA AND VOMITING"
"U-3788","METHOD OF ADMINISTERING A NITRIC OXIDE RELEASING ACTIVE PHARMACEUTICAL INGREDIENT TO TREAT AND/OR PREVENT VIRAL INFECTION"
"U-3789","METHOD OF TREATING AND/OR PREVENTING VIRAL INFECTION USING A NITRIC OXIDE RELEASING ACTIVE INGREDIENT"
"U-3790","METHOD OF TREATING AND/OR PREVENTING MOLLUSCUM CONTAGIOSUM WITH A NITRIC OXIDE RELEASING TOPICAL COMPOSITION"
"U-3791","METHOD OF TREATING, PREVENTING, OR REDUCING LESIONS CAUSED BY MOLLUSCUM CONTAGIOSUM"
"U-3792","METHOD OF TREATING AND/OR PREVENTING VIRAL INFECTION WITH A TOPICAL NITRIC OXIDE RELEASING COMPONENT"
"U-3793","METHOD OF ADMINISTERING A NITRIC OXIDE RELEASING API IN A COMBINATION TOPICAL COMPOSITION"
"U-3794","METHOD OF TREATING AND/OR PREVENTING VIRAL INFECTION WITH A TOPICAL COMPOSITION INCLUDING A NITRIC OXIDE RELEASING API"
"U-3795","METHOD OF TREATING AND/OR PREVENTING MOLLUSCUM CONTAGIOSUM WITH A TOPICAL COMPOSITION INCLUDING A NITRIC OXIDE RELEASING API"
"U-3796","METHOD OF PREVENTING AND/OR REDUCING APPEARANCE AND/OR SIZE OF MALIGNANT LESION WITH A TOPICAL COMPOSITION INCLUDING A NITRIC OXIDE RELEASING API"
"U-3797","METHOD OF TOPICALLY REDUCING LESIONS WITH TWO SEPARATELY STORED COMPONENTS"
"U-3798","METHOD OF TOPICALLY REDUCING LESIONS WITH TWO SEPARATELY STORED COMPONENTS WHERE ONE COMPONENT INCLUDES A NITRIC OXIDE RELEASING COMPOUND"
"U-3799","METHOD OF TOPICALLY REDUCING LESIONS WITH TWO SEPARATELY STORED COMPONENTS WHERE ONE COMPONENT INCLUDES WATER"
"U-3800","METHOD OF APPLYING RELEASED NITRIC OXIDE TO SKIN FROM COMBINATION INCLUDING ANHYDROUS ALCOHOL GEL"
"U-3801","METHOD OF INCREASING RELEASE OF NITRIC OXIDE FROM ANHYDROUS ALCOHOL GEL"
"U-3802","METHOD OF TREATING SKIN AILMENT WITH NITRIC OXIDE RELEASING MACROMOLECULES AND HYDROPHILIC GEL"
"U-3803","METHOD OF APPLICATION OF TOPICAL PHARMACEUTICAL COMPOSITION TO TREAT DERMATOLOGICAL CONDITION"
"U-3804","TREATMENT OF PHARMACOLOGICALLY-INDUCED MYDRIASIS"
"U-3805","TREATMENT OF ADULTS WITH LOCALLY ADVANCED OR METASTATIC UROTHELIAL CARCINOMA WITH SUSCEPTIBLE FGFR3 GENETIC ALTERATIONS WHOSE DISEASE HAS PROGRESSED ON OR AFTER AT LEAST ONE LINE OF PRIOR SYSTEMIC THERAPY"
"U-3806","TREATMENT OF ADULTS WITH METASTATIC UROTHELIAL CARCINOMA WITH SUSCEPTIBLE FGFR3 GENETIC ALTERATIONS WHOSE DISEASE HAS PROGRESSED ON OR AFTER AT LEAST ONE LINE OF PRIOR SYSTEMIC THERAPY"
"U-3807","TREATMENT OF ADULTS WITH LOCALLY ADVANCED OR METASTATIC, SURGICALLY UNRESECTABLE UROTHELIAL CARCINOMA WITH SUSCEPTIBLE FGFR3 GENETIC ALTERATIONS WHOSE DISEASE HAS PROGRESSED ON OR AFTER AT LEAST ONE LINE OF PRIOR SYSTEMIC THERAPY"
"U-3808","TREATMENT OF ADULTS WITH LOCALLY ADVANCED OR METASTATIC UROTHELIAL CARCINOMA WITH SUSCEPTIBLE FGFR3 GENETIC ALTERATIONS WHOSE DISEASE HAS PROGRESSED ON OR AFTER AT LEAST ONE LINE OF PRIOR SYSTEMIC THERAPY, WITH DOSING BASED ON SERUM PHOSPHATE LEVELS"
"U-3809","IN COMBINATION WITH FULVESTRANT FOR TREATMENT OF ADULTS WITH HR-POSITIVE, HER-2-NEGATIVE, PIK3CA-MUTATED, ADVANCED OR METASTATIC BREAST CANCER"
"U-3810","REDUCTION IN LOSS OF KIDNEY FUNCTION AND REDUCTION OF PROTEINURIA IN ADULTS WITH PRIMARY IMMUNOGLOBULIN A NEPHROPATHY (IGAN) WHO ARE AT RISK OF DISEASE PROGRESSION, BY RELEASE OF BUDESONIDE FROM THE FORMULATION"
"U-3811","USE OF BIRCH TRITERPENES FOR THE TREATMENT OF WOUNDS ASSOCIATED WITH DYSTROPHIC AND JUNCTIONAL EPIDERMOLYSIS BULLOSA"
"U-3812","TREATMENT OF DEPRESSION IN MDD WITH ACUTE SUICIDAL IDEATION/BEHAVIOR WITH NASALLY ADMINISTERED ESKETAMINE WITH OAD IN A PATIENT WHO HAS MISSED A DOSE IN THE MAINTENANCE PHASE AND HAD WORSENING DEPRESSION SYMPTOMS BY RETURN TO HIGHER DOSING SCHEDULE"
"U-3813","TREATMENT OF TRD WITH NASALLY ADMINISTERED ESKETAMINE IN CONJUNCTION WITH AN OAD IN A PATIENT WHO HAS MISSED A DOSE DURING THE MAINTENANCE PHASE AND HAD WORSENING OF DEPRESSION SYMPTOM BY RETURNING TO HIGHER DOSING SCHEDULE"
"U-3814","USE OF SUSTAINED OR EXTENDED RELEASE ORAL 25-HYDROXYVITAMIN D3 IN TREATING SECONDARY HYPERPARATHROIDISM IN ADULT PATIENTS HAVING CHRONIC KIDNEY DISEASE STAGE 3 OR 4"
"U-3815","TREATING SECONDARY HYPERPARATHYROIDISM IN STAGE 3 OR 4 CKD WITH SUSTAINED RELEASE 25-HYDROXYVITAMIN D TO REDUCE THE PATIENT'S SERUM PARATHYROID HORMONE LEVEL WHILE AVOIDING PTH OVERSUPPRESSION"
"U-3816","TREATMENT OF HELICOBACTER PYLORI INFECTION USING THE ADMINISTERED DOSAGE FORMS IN ADULTS WITH DIFFERENT BODY MASS INDEX DETERMINATIONS"
"U-3817","USE AS AN ANTICOAGULANT IN PATIENTS UNDERGOING PERCUTANEOUS CORONARY INTERVENTION (PCI)"
"U-3818","TREATMENT OF COMPLICATED INTRA-ABDOMINAL INFECTIONS, COMPLICATED URINARY TRACT INFECTIONS, AND HOSPITAL-ACQUIRED BACTERIAL PNEUMONIA AND VENTILATOR-ASSOCIATED BACTERIAL PNEUMONIA IN ADULT AND PEDIATRIC PATIENTS (AT LEAST 31 WEEKS GESTATIONAL AGE)"
"U-3819","A METHOD OF PREVENTING PREGNANCY BY PROVIDING AN INTRAUTERINE SYSTEM (IUS), HOLDING AN INSERTER HANDLE WITH ONE HAND, INSERTING THE IUS INTO THE UTERUS, AND MOVING A SLIDER IN THE HANDLE TO RELEASE THE IUS WITHIN THE UTERUS"
"U-3820","TREATMENT OF EOSINOPHILIC ESOPHAGITIS"
"U-3821","DURING LEVOKETOCONAZOLE DOSAGE TITRATION FOR THE TREATMENT OF CUSHING'S SYNDROME IN PATIENTS WHO CONCOMITANTLY USE AN OCT2 SUBSTRATE, MONITORING THE SUBJECT FOR A DOSE LIMITING EVENT AND ADJUSTING THE DOSAGE OF THE OCT2 SUBSTRATE AS NEEDED"
"U-3822","AS ADJUNCTIVE TREATMENT TO LEVODOPA/CARBIDOPA IN PATIENTS WITH PARKINSON'S DISEASE EXPERIENCING 'OFF' EPISODES"
"U-3823","TREATMENT OF PATIENTS WITH LOCALLY ADVANCED OR METASTATIC NON-SMALL CELL LUNG CANCER WHOSE TUMORS HAVE EPIDERMAL GROWTH FACTOR RECEPTOR EXON 19 DELETIONS OR EXON 21 L858R MUTATIONS IN COMBINATION WITH PEMETREXED AND PLATINUM-BASED CHEMOTHERAPY"
"U-3824","TREATMENT OF METASTATIC PANCREATIC ADENOCARCINOMA IN COMBINATION WITH OXALIPLATIN, FLUOROURACIL, AND LEUCOVORIN"
"U-3825","REDUCE THE RISK OF CARDIOVASCULAR DEATH AND WORSENING HEART FAILURE IN ADULTS WITH HEART FAILURE WITH REDUCED EJECTION FRACTION, WITHOUT TYPE II DIABETES, AND HAVING AN HBA1C OF < 5.7%"
"U-3826","TREATMENT OF GEOGRAPHIC ATROPHY SECONDARY TO AGE-RELATED MACULAR DEGENERATION BY INTRAVITREAL ADMINISTRATION OF 15 MG PEGCETACOPLAN EVERY OTHER MONTH"
"U-3827","TREATMENT OF GEOGRAPHIC ATROPHY SECONDARY TO AGE-RELATED MACULAR DEGENERATION BY INTRAVITREAL ADMINISTRATION OF 15 MG PEGCETACOPLAN MONTHLY"
"U-3828","TREATMENT OF GEOGRAPHIC ATROPHY SECONDARY TO AGE-RELATED MACULAR DEGENERATION BY INTRAVITREAL ADMINISTRATION OF 15 MG PEGCETACOPLAN MONTHLY OR EVERY OTHER MONTH"
"U-3829","TREATMENT OF CORONAVIRUS DISEASE 2019 (COVID-19) IN ADULTS AND PEDIATRIC PATIENTS (WEIGHING AT LEAST 40 KG) REQUIRING HOSPITALIZATION"
"U-3830","TREATMENT OF CORONAVIRUS DISEASE 2019 (COVID-19) IN NON-HOSPITALIZED ADULTS AND PEDIATRIC PATIENTS (WEIGHING AT LEAST 40 KG)"
"U-3831","TREATMENT OF CORONAVIRUS DISEASE 2019 (COVID-19) IN ADULTS AND PEDIATRIC PATIENTS (BIRTH TO < 18 YEARS OF AGE WEIGHING > 1.5 KG) REQUIRING HOSPITALIZATION"
"U-3832","TREATMENT OF CORONAVIRUS DISEASE 2019 (COVID-19) IN NON-HOSPITALIZED ADULTS AND PEDIATRIC PATIENTS (BIRTH TO < 18 YEARS OF AGE WEIGHING > 1.5 KG)"
"U-3833","TREATMENT OF CORONAVIRUS DISEASE 2019 (COVID-19) IN ADULTS AND PEDIATRIC PATIENTS (WEIGHING AT LEAST 40 KG) REQUIRING HOSPITALIZATION AND FOR WHOM CONCOMITANT USE OF CHLOROQUINE, OR AN ANALOG OR SALT THEREOF, IS NOT RECOMMENDED"
"U-3834","TREATMENT OF CORONAVIRUS DISEASE 2019 (COVID-19) IN NON-HOSPITALIZED ADULTS AND PEDIATRIC PATIENTS (WEIGHING AT LEAST 40 KG) AND FOR WHOM CONCOMITANT USE OF CHLOROQUINE, OR AN ANALOG OR SALT THEREOF, IS NOT RECOMMENDED"
"U-3835","TREATMENT OF CORONAVIRUS DISEASE 2019 (COVID-19) IN ADULTS AND PEDIATRIC PATIENTS (BIRTH TO < 18 YEARS OF AGE WEIGHING > 1.5 KG) REQUIRING HOSPITALIZATION AND FOR WHOM CONCOMITANT USE OF CHLOROQUINE, OR AN ANALOG OR SALT THEREOF, IS NOT RECOMMENDED"
"U-3836","TREATMENT OF CORONAVIRUS DISEASE 2019 (COVID-19) IN NON-HOSPITALIZED ADULTS AND PEDIATRIC PATIENTS (BIRTH TO < 18 YEARS OF AGE WEIGHING > 1.5 KG) AND FOR WHOM CONCOMITANT USE OF CHLOROQUINE, OR AN ANALOG OR SALT THEREOF, IS NOT RECOMMENDED"
"U-3837","TREATMENT OF CORONAVIRUS DISEASE 2019 (COVID-19) IN ADULTS AND PEDIATRIC PATIENTS (WEIGHING AT LEAST 40 KG) REQUIRING HOSPITALIZATION AND FOR WHOM CONCOMITANT USE OF CHLOROQUINE, OR AN ANALOG OR SALT THEREOF, IF NOT RECOMMENDED"
"U-3838","TREATMENT OF CORONAVIRUS DISEASE 2019 (COVID-19) IN NON-HOSPITALIZED ADULTS AND PEDIATRIC PATIENTS (WEIGHING AT LEAST 40 KG) AND FOR WHOM CONCOMITANT USE OF CHLOROQUINE, OR AN ANALOG OR SALT THEREOF, IF NOT RECOMMENDED"
"U-3839","A METHOD OF TREATING PAIN BY ADMINISTERING BUPIVACAINE VIA LOCAL INFILTRATION IN PEDIATRIC PATIENTS AGED 6 TO LESS THAN 12 YEARS OLD UNDERGOING CARDIAC SURGERY"
"U-3840","A METHOD OF TREATING PAIN BY ADMINISTERING BUPIVACAINE VIA LOCAL INFILTRATION IN PEDIATRIC PATIENTS AGED 6 TO LESS THAN 17 YEARS OLD UNDERGOING SPINE SURGERY"
"U-3841","A METHOD OF ADMINISTERING BUPIVACAINE TO PRODUCE REGIONAL ANALGESIA VIA SCIATIC NERVE BLOCK IN THE POPLITEAL FOSSA IN ADULTS"
"U-3842","TREATMENT OF ADULT PATIENTS WITH CHRONIC LYMPHOCYTIC LEUKEMIA (CLL) WITH 17P DELETION"
"U-3843","TREATMENT OF ADULT PATIENTS WITH SMALL LYMPHOCYTIC LYMPHOMA (SLL)"
"U-3844","TREATMENT OF ADULT PATIENTS WITH SMALL LYMPHOCYTIC LYMPHOMA (SLL) WITH 17P DELETION"
"U-3845","TREATMENT OF ADULT PATIENTS WITH WALDENSTROM’S MACROGLOBULINEMIA (WM)"
"U-3846","TREATMENT OF ADULT PATIENTS WITH RELAPSED OR REFRACTORY CHRONIC LYMPHOCYTIC LEUKEMIA"
"U-3847","TREATMENT OF ADULT PATIENTS WITH RELAPSED OR REFRACTORY CHRONIC LYMPHOCYTIC LEUKEMIA WITH 17P DELETION"
"U-3848","TREATMENT OF ADULT PATIENTS WITH RELAPSED OR REFRACTORY SMALL LYMPHOCYTIC LYMPHOMA (SLL) WITH 17P DELETION"
"U-3849","TREATMENT OF ADULT PATIENTS WITH RELAPSED OR REFRACTORY SMALL LYMPHOCYTIC LYMPHOMA (SLL)"
"U-3850","TREATMENT OF CHOLESTATIC PRURITUS IN PATIENTS WITH PROGRESSIVE FAMILIAL INTRAHEPATIC CHOLESTATIS (PFIC)"
"U-3851","USE OF EXBLIFEP (CEFEPIME AND ENMETAZOBACTAM) FOR TREATING COMPLICATED URINARY TRACT INFECTIONS (CUTI) INCLUDING PYELONEPHRITIS CAUSED BY DESIGNATED SUSCEPTIBLE MICROORGANISMS"
"U-3852","USE OF SPECIFIED POLYMORPHS OF EXBLIFEP (CEFEPIME AND ENMETAZOBACTAM) FOR TREATING COMPLICATED URINARY TRACT INFECTIONS (CUTI) INCLUDING PYELONEPHRITIS CAUSED BY DESIGNATED SUSCEPTIBLE MICROORGANISMS"
"U-3853","METHOD FOR LOWERING CHOLESTEROL LEVEL IN A HUMAN"
"U-3854","LINAGLIPTIN (5 MG DAILY DOSE) AND METFORMIN (WITH OR WITHOUT INSULIN) FOR TREATING TYPE 2 DIABETES PATIENTS WITH RENAL IMPAIRMENT AND INSUFFICIENT GLYCEMIC CONTROL DESPITE PREVIOUS TREATMENT WITH METFORMIN ALONE OR IN COMBINATION WITH INSULIN"
"U-3855","FOR CHRONIC WEIGHT MANAGEMENT IN ADULTS WITH AN INITIAL BODY MASS INDEX (BMI) OF: 30 KG/M2 OR GREATER (OBESITY), OR 27 KG/M2 OR GREATER (OVERWEIGHT) IN THE PRESENCE OF AT LEAST ONE WEIGHT-RELATED COMORBID CONDITION"
"U-3856","TREATMENT OF ADULT PATIENTS WITH MANTLE CELL LYMPHOMA (MCL) WHO HAVE RECEIVED AT LEAST ONE PRIOR THERAPY"
"U-3857","TREATMENT OF ADULT PATIENTS WITH WALDENSTROM'S MACROGLOBULINEMIA (WM)"
"U-3858","TREATMENT OF ADULT PATIENTS WITH RELAPSED OR REFRACTORY MARGINAL ZONE LYMPHOMA (MZL) WHO HAVE RECEIVED AT LEAST ONE PRIOR ANTI-CD20-BASED REGIMEN"
"U-3859","TREATMENT OF ADULT PATIENTS WITH CHRONIC LYMPHOCYTIC LEUKEMIA (CLL)"
"U-3860","TREATMENT OF ADULT PATIENTS WITH RELAPSED OR REFRACTORY FOLLICULAR LYMPHOMA (FL), IN COMBINATION WITH OBINUTUZUMAB, AFTER TWO OR MORE LINES OF SYSTEMIC THERAPY"
"U-3861","TREATMENT OF ADULTS WITH NONCIRRHOTIC NONALCOHOLIC STEATOHEPATITIS (NASH) WITH MODERATE TO ADVANCED LIVER FIBROSIS (CONSISTENT WITH STAGES F2 TO F3 FIBROSIS)"
"U-3862","METHOD OF TREATING FRIEDRICH'S ATAXIA BY ACTIVATING THE NRF2 PATHWAY"
"U-3863","METHOD OF TREATING FRIEDRICH'S ATAXIA BY ACTIVATING THE NRF2 PATHWAY WHICH REDUCES OXIDATIVE STRESS"
"U-3864","METHOD FOR REDUCING A RISK OF AT LEAST ONE CARDIOVASCULAR EVENT"
"U-3865","TREATMENT OF NON-24-HOUR SLEEP-WAKE DISORDER BY ADMINISTERING TASIMELTEON"
"U-3866","TREATMENT OF HELICOBACTER PYLORI INFECTION IN ADULTS USING SPECIFIED DOSAGE FORM"
"U-3867","METHOD FOR REDUCING A COMPOSITE ENDPOINT RISK OF MYOCARDIAL INFARCTION (MI), STROKE, CORONARY REVASCULARIZATION, UNSTABLE ANGINA REQUIRING HOSPITALIZATION, CARDIAC ARREST, AND CARDIOVASCULAR DEATH"
"U-3868","METHOD FOR REDUCING ACUTE MYOCARDIAL INFARCTION RISK"
"U-3869","ADJUNCTIVE TREATMENT TO LEVODOPA/CARBIDOPA IN PATIENTS WITH PARKINSON’S DISEASE EXPERIENCING OFF EPISODES"
"U-3870","ADJUNCTIVE TREATMENT TO LEVODOPA/CARBIDOPA IN PATIENTS WITH PARKINSON’S DISEASE EXPERIENCING OFF EPISODES BY INCREASING L-DOPA AMOUNTS THAT REACH THE BRAIN"
"U-3871","ADJUNCTIVE TREATMENT TO LEVODOPA/CARBIDOPA IN PATIENTS WITH PARKINSON’S DISEASE EXPERIENCING OFF EPISODES BY INHIBITING COMT IN THE PERIPHERY"
"U-3872","ADJUNCTIVE TREATMENT TO LEVODOPA/CARBIDOPA IN PATIENTS WITH PARKINSON’S DISEASE EXPERIENCING OFF EPISODES BY REDUCING O-METHYLATION OF L-DOPA"
"U-3873","A METHOD OF LOWERING LOW-DENSITY LIPOPROTEIN CHOLESTEROL (LDL-C) IN A HUMAN PATIENT IN NEED THEREOF COMPRISING ADMINISTRATION OF BEMPEDOIC ACID ALONE OR IN COMBINATION WITH OTHER LIPID LOWERING THERAPIES"
"U-3874","IN COMBINATION WITH OTHER ANTIRETROVIRAL AGENTS FOR THE TREATMENT OF HIV-1 INFECTION IN ANTIRETROVIRAL TREATMENT-NAIVE PATIENTS 2 YEARS OF AGE AND OLDER, WEIGHING AT LEAST 14KG, WITH HIV-1 RNA LESS THAN OR EQUAL TO 100,000 AT THE START OF THERAPY"
"U-3875","TREATMENT OF ADULT PATIENTS WITH RELAPSED OR REFRACTORY FOLLICULAR LYMPHOMA (FL) RECEIVING A MODERATE CYP3A INDUCER, IN COMBINATION WITH OBINUTUZUMAB, AFTER TWO OR MORE LINES OF SYSTEMIC THERAPY"
"U-3876","TREATMENT OF ANEMIA DUE TO CHRONIC KIDNEY DISEASE IN ADULTS WHO HAVE BEEN RECEIVING DIALYSIS FOR AT LEAST THREE MONTHS"
"U-3877","TREATMENT OF HYPERTENSION IN COMBINATION WITH OTHER ANTIHYPERTENSIVE DRUGS, INCLUDING AN ANGIOTENSIN CONVERTING ENZYME INHIBITOR, TO LOWER BLOOD PRESSURE IN ADULT PATIENTS WHO ARE NOT ADEQUATELY CONTROLLED ON OTHER DRUGS"
"U-3878","TREATMENT OF HYPERTENSION IN COMBINATION WITH OTHER ANTIHYPERTENSIVE DRUGS, TO LOWER BLOOD PRESSURE IN ADULT PATIENTS WHO ARE NOT ADEQUATELY CONTROLLED ON OTHER DRUGS"
"U-3879","TREATMENT OF HYPERTENSION IN COMBINATION WITH OTHER ANTIHYPERTENSIVE DRUGS, INCLUDING AN ANGIOTENSIN RECEPTOR BLOCKER, TO LOWER BLOOD PRESSURE IN ADULT PATIENTS WHO ARE NOT ADEQUATELY CONTROLLED ON OTHER DRUGS"
"U-3880","TREATMENT OF CHRONIC HEPATITIS B VIRUS INFECTION IN ADULTS AND PEDIATRIC PATIENTS 6 YEARS OF AGE AND OLDER AND WEIGHING AT LEAST 25 KG"
"U-3881","USE OF THE COMBINATION OF MACITENTAN AND TADALAFIL FOR THE CHRONIC TREATMENT OF ADULTS WITH PULMONARY ARTERIAL HYPERTENSION"
"U-3882","METHOD OF TREATING PULMONARY ARTERIAL HYPERTENSION COMPRISING ADMINISTERING A COMBINATION OF MACITENTAN AND TADALAFIL"
"U-3883","A METHOD OF LOWERING LDL-C OR REDUCING THE RISK OF CARDIOVASCULAR DISEASE IN PATIENTS WITH FAMILIAL HYPERCHOLESTEROLEMIA USING 180 MG BEMPEDOIC ACID AND 10 MG EZETIMIBE"
"U-3884","A METHOD OF LOWERING LDL-C OR REDUCING THE RISK OF CARDIOVASCULAR DISEASE IN PATIENTS WITH FAMILIAL HYPERCHOLESTEROLEMIA USING A FIXED-DOSE COMBINATION OF 180 MG BEMPEDOIC ACID AND 10 MG EZETIMIBE"
"U-3885","A METHOD FOR THE TREATMENT OF DUCHENNE MUSCULAR DYSTROPHY (DMD) USING GIVINOSTAT"
"U-3886","METHOD OF TREATING BIPOLAR DISORDER BY ADMINISTERING A BILAYER TABLET COMPRISING OLANZAPINE AND SAMIDORPHAN"
"U-3887","METHOD OF TREATING SCHIZOPHRENIA BY ADMINISTERING A BILAYER TABLET COMPRISING OLANZAPINE AND SAMIDORPHAN"
"U-3888","TREATMENT OF PATIENTS WITH METASTATIC CASTRATION SENSITIVE PROSTATE CANCER"
"U-3889","TREATMENT OF RELAPSING FORMS OF MULTIPLE SCLEROSIS (MS), TO INCLUDE CLINICALLY ISOLATED SYNDROME, RELAPSING-REMITTING DISEASE, AND ACTIVE SECONDARY PROGRESSIVE DISEASE, IN ADULTS RECEIVING OR WHO MAY RECEIVE A BETA-BLOCKER TREATMENT"
"U-3890","A METHOD COMPRISING ADMINISTERING PEGULICIANINE TO A HUMAN AND OBTAINING AN IMAGE OF A TUMOR BED AFTER TUMOR RESECTION TO DISTINGUISH IN SITU CANCER CELLS FROM HEALTHY CELLS"
"U-3891","TREATMENT OF RELAPSING FORMS OF MULTIPLE SCLEROSIS (MS), TO INCLUDE CLINICALLY ISOLATED SYNDROME, RELAPSING-REMITTING DISEASE, AND ACTIVE SECONDARY PROGRESSIVE DISEASE, IN ADULTS BEING TREATED WITH A BETA-BLOCKER OR IN ADULTS REINITIATING TREATMENT"
"U-3892","TREATMENT OF EXCESSIVE DAYTIME SLEEPINESS BY ADMINISTERING SOLRIAMFETOL TO A SUBJECT HAVING A HISTORY OF BIPOLAR DISORDERS AND MODERATE OR SEVERE RENAL IMPAIRMENT"
"U-3893","TREATMENT OF SICKLE CELL DISEASE BY ADMINISTERING VOXELOTOR, AS RECITED IN CLAIM 10"
"U-3894","TREATMENT OF CYSTIC FIBROSIS IN PATIENTS AGE 6 AND OLDER WHO ARE HOMOZYGOUS FOR THE F508DEL MUTATION OR HAVE AT LEAST ONE CFTR GENE MUTATION THAT IS RESPONSIVE TO TEZACAFTOR/IVACAFTOR WITH A COMPOSITION ACCORDING TO CLAIM 1 OF US 11951212"
"U-3895","TREATMENT OF PAROXYSMAL NOCTURNAL HEMOGLOBINURIA (PNH) BY ADMINISTRATION OF 200 MG OF IPTACOPAN TWICE DAILY"
"U-3896","TREATMENT OF HEART FAILURE WITH ORAL PELLETS"
"U-3897","TREATMENT OF GASTROINTESTINAL STROMAL TUMORS IN PATIENTS BEING TREATED CONCURRENTLY WITH ITRACONAZOLE"
"U-3898","USE OF A PHARMACEUTICAL COMPOSITION OF ABOUT 0.5M SODIUM THIOSULFATE, ABOUT 0.004M BORIC ACID, AND A PH OF BETWEEN ABOUT 6.5 AND 8.9 FOR REDUCING OTOTOXICITY IN A PEDIATRIC PATIENT RECEIVING CISPLATIN FOR THE TREATMENT OF LOCALIZED CANCER"
"U-3899","ADULT AND PEDIATRIC PATIENTS WEIGHING AT LEAST 10 KG AS A SOURCE OF ZINC, COPPER, MANGANESE, AND SELENIUM FOR PARENTERAL NUTRITION WHEN ORAL OR ENTERAL NUTRITION IS NOT POSSIBLE, INSUFFICIENT, OR CONTRAINDICATED"
"U-3900","NEONATAL AND PEDIATRIC PATIENTS WEIGHING LESS THAN 10 KG AS A SOURCE OF ZINC, COPPER, MANGANESE, AND SELENIUM FOR PARENTERAL NUTRITION WHEN ORAL OR ENTERAL NUTRITION IS NOT POSSIBLE, INSUFFICIENT, OR CONTRAINDICATED"
"U-3901","TREATMENT OF METASTATIC CASTRATION SENSITIVE PROSTATE CANCER"
"U-3902","TREATMENT OF ADULTS WITH LOCALLY ADVANCED OR METASTATIC UROTHELIAL CARCINOMA WITH SUSCEPTIBLE FGFR3 GENETIC ALTERATIONS WHOSE DISEASE HAS PROGRESSED ON OR AFTER PRIOR PD-1 OR PD-L1 INHIBITOR THERAPY"
"U-3903","A METHOD FOR TREATING A PEDIATRIC PATIENT WHO IS EXPERIENCING IDIOPATHIC PULMONARY ARTERIAL HYPERTENSION RESULTING IN OXYGEN DESATURATION, WHEREIN THE PATIENT IS NOT DEPENDENT ON RIGHT-TO-LEFT SHUNTING OF BLOOD"
"U-3904","ACUTE EXACERBATIONS OF MULTIPLE SCLEROSIS"
"U-3905","ALLERGIC CONJUNCTIVITIS"
"U-3906","ANTERIOR SEGMENT INFLAMMATION"
"U-3907","AS ADJUNCTIVE THERAPY FOR SHORT-TERM ADMINISTRATION (TO TIDE THE PATIENT OVER AN ACUTE EPISODE OR EXACERBATION) IN: ACUTE GOUTY ARTHRITIS"
"U-3908","AS ADJUNCTIVE THERAPY FOR SHORT-TERM ADMINISTRATION (TO TIDE THE PATIENT OVER AN ACUTE EPISODE OR EXACERBATION) IN: ANKYLOSING SPONDYLITIS"
"U-3909","AS ADJUNCTIVE THERAPY FOR SHORT-TERM ADMINISTRATION (TO TIDE THE PATIENT OVER AN ACUTE EPISODE OR EXACERBATION) IN: JUVENILE RHEUMATOID ARTHRITIS"
"U-3910","AS ADJUNCTIVE THERAPY FOR SHORT-TERM ADMINISTRATION (TO TIDE THE PATIENT OVER AN ACUTE EPISODE OR EXACERBATION) IN: PSORIATIC ARTHRITIS"
"U-3911","AS ADJUNCTIVE THERAPY FOR SHORT-TERM ADMINISTRATION (TO TIDE THE PATIENT OVER AN ACUTE EPISODE OR EXACERBATION) IN: RHEUMATOID ARTHRITIS"
"U-3912","ATOPIC DERMATITIS"
"U-3913","CHORIORETINITIS"
"U-3914","DIFFUSE POSTERIOR UVEITIS AND CHOROIDITIS"
"U-3915","DURING AN EXACERBATION OR AS MAINTENANCE THERAPY IN SELECTED CASES OF: SYSTEMIC DERMATOMYOSITIS (POLYMYOSITIS)"
"U-3916","DURING AN EXACERBATION OR AS MAINTENANCE THERAPY IN SELECTED CASES OF: SYSTEMIC LUPUS ERYTHEMATOSUS"
"U-3917","IRIDOCYCLITIS"
"U-3918","IRITIS"
"U-3919","KERATITIS"
"U-3920","OPTIC NEURITIS"
"U-3921","SERUM SICKNESS"
"U-3922","SEVERE ACUTE AND CHRONIC ALLERGIC AND INFLAMMATORY PROCESSES INVOLVING THE EYE AND ITS ADNEXA"
"U-3923","SEVERE ERYTHEMA MULTIFORME (STEVENS-JOHNSON SYNDROME)"
"U-3924","SEVERE PSORIASIS"
"U-3925","SYMPTOMATIC SARCOIDOSIS"
"U-3926","TO INDUCE A DIURESIS OR A REMISSION OF PROTEINURIA IN THE NEPHROTIC SYNDROME WITHOUT UREMIA OF THE IDIOPATHIC TYPE OR THAT DUE TO LUPUS ERYTHEMATOSUS"
"U-3927","USE TO INCREASE LINEAR GROWTH IN PEDIATRIC PATIENTS WITH ACHONDROPLASIA WITH OPEN EPIPHYSES"
"U-3928","FOR THE TREATMENT OF INTERMEDIATE OR HIGH-RISK MYELOFIBROSIS IN SUBJECTS HAVING A BASELINE PLATELET COUNT OF LESS THAN 50 BILLION/L"
"U-3929","MAINTENANCE TREATMENT WITH 15 MG/KG OF BODY WEIGHT BEVACIZUMAB EVERY THREE WEEKS OF ADVANCED EPITHELIAL OVARIAN CANCER IN COMPLETE OR PARTIAL RESPONSE TO FIRST-LINE PLATINUM-BASED CHEMOTHERAPY AND ASSOCIATED WITH HRD-POSITIVE STATUS"
"U-3930","MAINTENANCE TREATMENT WITH 15 MG/KG OF BODY WEIGHT BEVACIZUMAB EVERY THREE WEEKS OF FALLOPIAN TUBE CANCER IN COMPLETE OR PARTIAL RESPONSE TO FIRST-LINE PLATINUM-BASED CHEMOTHERAPY AND ASSOCIATED WITH HRD-POSITIVE STATUS"
"U-3931","MAINTENANCE TREATMENT WITH 15 MG/KG OF BODY WEIGHT BEVACIZUMAB EVERY THREE WEEKS OF PRIMARY PERITONEAL CANCER IN COMPLETE OR PARTIAL RESPONSE TO FIRST-LINE PLATINUM-BASED CHEMOTHERAPY AND ASSOCIATED WITH HRD-POSITIVE STATUS"
"U-3932","TREATMENT OF PATIENTS 12 YEARS AND OLDER WITH WARTS, HYPOGAMMAGLOBULINEMIA, INFECTIONS, AND MYELOKATHEXIS (WHIM) SYNDROME"
"U-3933","TREATMENT OF EXTRAVASCULAR HEMOLYSIS (EVH) IN ADULTS WITH PAROXYSMAL NOCTURNAL HEMOGLOBINURIA (PNH) AS ADD-ON THERAPY TO RAVULIZUMAB OR ECULIZUMAB"
"U-3934","TREATMENT OF NARCOLEPSY-RELATED CATAPLEXY OR EDS IN A HUMAN PATIENT WITH A ONCE-NIGHTLY GHB FORMULATION BY INITIATING TREATMENT WITH A DOSE EQUIVALENT TO 4.5 G OF SODIUM OXYBATE AND UPTITRATING IN INCREMENTS EQUIVALENT TO 1.5 G OF SODIUM OXYBATE"
"U-3935","ACUTE TREATMENT OF AGITATION ASSOCIATED WITH SCHIZOPHRENIA OR BIPOLAR I OR II DISORDER BY SUBLINGUAL OR BUCCAL ADMINISTRATION"
"U-3936","TREATMENT OF ADULT PATIENTS WITH SEVERE APLASTIC ANEMIA WHO HAVE HAD AN INSUFFICIENT RESPONSE TO IMMUNOSUPPRESSIVE THERAPY"
"U-3937","TREATMENT OF THROMBOCYTOPENIA IN ADULT PATIENTS WITH CHRONIC HEPATITIS C TO ALLOW THE INITIATION AND MAINTENANCE OF INTERFERON-BASED THERAPY"
"U-3938","TREATMENT OF THROMBOCYTOPENIA IN ADULT AND PEDIATRIC PATIENTS 6 YEARS AND OLDER WITH PERSISTENT OR CHRONIC IMMUNE THROMBOCYTOPENIA (ITP)"
"U-3939","INTRAMUSCULAR ADMINISTRATION OF RISPERIDONE IN EXTENDED RELEASE INJECTABLE SUSPENSION FOR TREATMENT OF SCHIZOPHRENIA IN ADULTS"
"U-3940","TREATMENT OF BIPOLAR DISORDER OR BIPOLAR DEPRESSION, INCLUDING ASSOCIATED DEPRESSIVE EPISODES"
"U-3941","ADMINISTRATION OF RISPERIDONE IN EXTENDED RELEASE INJECTABLE SUSPENSION FOR TREATMENT OF SCHIZOPHRENIA IN ADULTS"
"U-3942","TREATMENT OF SCHIZOPHRENIA IN ADULTS BY INTRAMUSCULAR ADMINISTRATION OF EXTENDED RELEASE INJECTABLE COMPOSITION"
"U-3943","TREATMENT OF SCHIZOPHRENIA IN ADULTS BY ADMINISTRATION OF EXTENDED RELEASE INJECTABLE COMPOSITION"
"U-3944","METHOD FOR DELIVERING AN EFFECTIVE AMOUNT OF CLONIDINE FOR A 24-HOUR PERIOD USING A SINGLE ORAL CLONIDINE COMPOSITION ACCORDING TO CLAIM 1 PRIOR TO BED TIME"
"U-3945","TREATMENT OF PATIENTS 2 YEARS OF AGE AND OLDER WITH ACTIVE POLYARTICULAR JUVENILE IDIOPATHIC ARTHRITIS WHO HAVE HAD AN INADEQUATE RESPONSE OR INTOLERANCE TO ONE OR MORE TNF BLOCKERS"
"U-3946","TREATMENT OF PEDIATRIC PATIENTS 2 YEARS OF AGE AND OLDER WITH ACTIVE PSORIATIC ARTHRITIS WHO HAVE HAD AN INADEQUATE RESPONSE OR INTOLERANCE TO ONE OR MORE TNF BLOCKERS"
"U-3947","TOPICAL TREATMENT OF ROSACEA"
"U-3948","USE OF A PHARMACEUTICAL COMPOSITION HAVING ABOUT 0.5M AQUEOUS ANHYDROUS SODIUM THIOSULFATE AND A CONCENTRATION OF BORATE IONS OF LESS THAN 0.05% FOR REDUCING OTOTOXICITY IN A PEDIATRIC PATIENT RECEIVING CISPLATIN FOR TREATMENT OF LOCALIZED CANCER"
"U-3949","ADULT AND PEDIATRIC PATIENTS 2 YEARS OF AGE AND OLDER WITH LOCALLY ADVANCED OR METASTATIC SOLID TUMORS WITH A RET GENE FUSION THAT HAS PROGRESSED ON OR FOLLOWING PRIOR SYSTEMIC TREATMENT OR WHO HAVE NO SATISFACTORY ALTERNATIVE TREATMENT OPTIONS"
"U-3950","TREATMENT OF ADULT OR PEDIATRIC PATIENTS 2 YEARS OF AGE OR OLDER WITH ADVANCED OR METASTATIC MEDULLARY THYROID CANCER (MTC) WITH A RET MUTATION, AS DETECTED BY AN FDA-APPROVED TEST, WHO REQUIRE SYSTEMIC THERAPY"
"U-3951","TREATMENT OF ADULT OR PEDIATRIC PATIENTS 2 YEARS OF AGE OR OLDER WITH ADVANCED OR METASTATIC THYROID CANCER WITH A RET GENE FUSION, AS DETECTED BY AN FDA-APPROVED TEST, WHO REQUIRE SYSTEMIC THERAPY AND WHO ARE RADIOACTIVE IODINE-REFRACTORY"
"U-3952","USE OF A PHARMACEUTICAL COMPOSITION HAVING A CONCENTRATION OF ABOUT 0.5M AQUEOUS ANHYDROUS SODIUM THIOSULFATE AND ABOUT 0.004M BORIC ACID FOR REDUCING OTOTOXICITY IN A PEDIATRIC PATIENT RECEIVING CISPLATIN FOR TREATMENT OF LOCALIZED CANCER"
"U-3953","TREATMENT, IN COMBINATION WITH CETUXIMAB, OF ADULT PATIENTS WITH KRAS G12C-MUTED LOCALLY ADVANCED OR METASTATIC COLORECTAL CANCER, PER FDA APPROVED TEST, WHERE PRIOR TREATMENT WITH FLUOROPYRIMIDINE-, OXALIPLATIN-, AND IRINOTECAN-BASED CHEMOTHERAPY"
"U-3954","ADJUNCTIVE THERAPY IN THE TREATMENT OF PRIMARY GENERALIZED TONIC-CLONIC SEIZURES IN ADULTS AND IN PEDIATRIC PATIENTS WEIGHING AT LEAST 50 KG"
"U-3955","TREATMENT OF PRIMARY BILIARY CHOLANGITIS (PBC) IN COMBINATION WITH URSODEOXYCHOLIC ACID (UDCA) IN ADULTS WHO HAVE HAD AN INADEQUATE RESPONSE TO UDCA, OR AS MONOTHERAPY IN PATIENTS UNABLE TO TOLERATE UDCA"
"U-3956","TREATMENT OF PATIENTS WITH MYELODYSPLASTIC SYNDROMES (MDS) WITH TRANSFUSION-DEPENDENT ANEMIA"
"U-3957","TREATMENT OF GASTROINTESTINAL STROMAL TUMOR COMPRISING ADMINISTERING ONCE DAILY, ONE OR MORE TABLETS COMPRISING RIPRETINIB"
"U-3958","TREATMENT OF ADVANCED GASTROINTESTINAL STROMAL TUMOR IN PATIENTS PREVIOUSLY ADMINISTERED 4 LINES OF PRIOR THERAPY, WHERE THE FIRST LINE OF PRIOR THERAPY IS IMATINIB"
"U-3959","TREATMENT OF GASTROINTESTINAL STROMAL TUMORS IN A PATIENT SUFFERING FROM GRADE 2 ARTHRALGIA WHILE BEING ADMINISTERED RIPRETINIB DAILY"
"U-3960","TREATMENT OF ADVANCED GASTROINTESTINAL STROMAL TUMOR IN PATIENTS PREVIOUSLY ADMINISTERED IMATINIB"
"U-3961","TREATMENT OF ADULT AND PEDIATRIC PATIENTS >12 YEARS WITH SOLID TUMORS AND NTRK GENE FUSION THAT ARE LOCALLY ADVANCED OR METASTATIC OR LIKELY SURGICALLY UNRESECTABLE, AND HAVE PROGRESSED FOLLOWING TREATMENT OR HAVE NO SATISFACTORY ALTERNATIVE THERAPY"
"U-3962","FOR THE MAINTENANCE TREATMENT OF CHRONIC OBSTRUCTIVE PULMONARY DISEASE (COPD) IN ADULT PATIENTS"
"U-3963","TREATMENT OF CLINICALLY IMPORTANT HYPOTENSION OCCURRING IN THE SETTING OF ANESTHESIA"
"U-3964","METHODS OF ADMINISTERING TESTOSTERONE UNDECANOATE FOR RESTORING TESTOSTERONE CONCENTRATION IN A HYPOGONADAL MALE SUBJECT"
"U-3965","METHODS OF CONTINUING OR DISCONTINUING A DOSAGE REGIMEN OF A TESTOSTERONE UNDECANOATE PHARMACEUTICAL COMPOSITION TO A HYPOGONADAL MALE SUBJECT"
"U-3966","REDUCTION OF HETEROTOPIC OSSIFICATION IN PATIENTS WITH FIBRODYSPLASIA OSSIFICANS (MYOSITIS) PROGRESSIVA"
"U-3967","TREATING AN ACUTE BACTERIAL SKIN AND SKIN STRUCTURE INFECTION (ABSSSI) IN AN OVERWEIGHT OR OBESE PATIENT BY INTRAVENOUSLY (IV) ADMINISTERING 300MG OF DELAFLOXACIN OR A PHARMACEUTICALLY ACCEPTABLE SALT, TWICE A DAY"
"U-3968","DOSING REGIMEN FOR THE TREATMENT OF SCHIZOPHRENIA IN ADULTS BY ADMINISTERING AN INITIAL DOSE OF PALIPERIDONE PALMITATE FOLLOWED BY MONTHLY DOSE(S)"
"U-3969","DOSING REGIMEN FOR THE TREATMENT OF SCHIZOAFFECTIVE DISORDER IN ADULTS AS MONOTHERAPY AND AS AN ADJUNCT TO MOOD STABILIZERS OR ANTIDEPRESSANTS BY ADMINISTERING AN INITIAL DOSE OF PALIPERIDONE PALMITATE FOLLOWED BY MONTHLY DOSE(S)"
"U-3970","TOPICAL TREATMENT OF MILD TO MODERATE ATOPIC DERMATITIS"
"U-3971","TREATMENT OF GASTROINTESTINAL STROMAL TUMORS IN PATIENTS SUFFERING FROM PALMAR-PLANTAR ERYTHRODYSESTHESIA SYNDROME"
"U-3972","TREATMENT OF ADULTS WITH LOCALLY ADVANCED OR METASTATIC UROTHELIAL CARCINOMA WITH SUSCEPTIBLE FGFR3 GENETIC ALTERATIONS (Y373C IDENTIFIED) WHOSE DISEASE HAS PROGRESSED ON OR AFTER AT LEAST ONE LINE OF PRIOR SYSTEMIC THERAPY"
"U-3973","TREATMENT OF CHOLESTATIC PRURITUS IN PATIENTS 12 MONTHS OF AGE AND OLDER WITH PROGRESSIVE FAMILIAL INTRAHEPATIC CHOLESTASIS (PFIC)"
"U-3974","TREATMENT OF CHOLESTATIC PRURITUS IN PATIENTS 3 MONTHS OF AGE AND OLDER WITH ALAGILLE SYNDROME (ALGS)"
"U-3975","IN COMBINATION WITH FULVESTRANT AS INITIAL ENDOCRINE-BASED THERAPY OR FOLLOWING DISEASE PROGRESSION ON ENDOCRINE THERAPY, FOR THE TREATMENT OF ADULT PATIENTS WITH HR-POSITIVE, HER2-NEGATIVE ADVANCED OR METASTATIC BREAST CANCER"
"U-3976","TREATMENT OF ADULT PATIENTS WITH ALOPECIA AREATA"
"U-3977","A METHOD OF TREATING A GLIOMA CHARACTERIZED BY AN IDHI MUTATION FOLLOWING SURGERY, WHEREIN THE GLIOMA IS GRADE 2 ASTROCYTOMA OR OLIGODENDROGLIOMA"
"U-3978","A METHOD OF TREATING A CANCER CHARACTERIZED BY AN IDH1 OR IDH2 MUTATION OR COMBINATION THEREOF FOLLOWING SURGERY, WHEREIN THE CANCER IS GRADE 2 ASTROCYTOMA OR OLIGODENDROGLIOMA"
"U-3979","NASAL ADMINISTRATION OF EPINEPHRINE FOR THE TREATMENT OF ALLERGIC REACTIONS (TYPE I), INCLUDING ANAPHYLAXIS"
"U-3980","TREATMENT OF PRIMARY IMMUNOGLOBULIN A NEPHROPATHY (IGAN)"
"U-3981","TREATMENT OF THE FOLLOWING INFECTIONS: COMPLICATED SKIN AND SKIN STRUCTURE INFECTIONS AND STAPHYLOCOCCUS AUREUS BLOOD STREAM INFECTIONS"
"U-3982","TREATMENT OF HYPOPARATHYROIDISM IN ADULTS"
"U-3983","TREATMENT OF CYSTIC FIBROSIS IN PATIENTS AGED 1 YEAR TO 5 YEARS WHO ARE HOMOZYGOUS FOR THE F508DEL CFTR GENE MUTATION COMPRISING ADMINISTERING AN EFFECTIVE AMOUNT OF IVA AND FORM I LUM AS RECITED IN, E.G., CLAIM 1 OF US 12065432"
"U-3984","TREATMENT OF CYSTIC FIBROSIS IN PATIENTS AGED 6 YEARS AND OLDER WHO ARE HOMOZYGOUS FOR THE F508DEL CFTR GENE MUTATION COMPRISING ADMINISTERING AN EFFECTIVE AMOUNT OF IVA AND FORM I LUM AS RECITED IN, E.G., CLAIM 1 OF US 12065432"
"U-3985","FIRST-LINE TREATMENT OF ADULTS WITH LOCALLY ADVANCED OR METASTATIC NON-SMALL CELL LUNG CANCER (NSCLC) WITH EGFR EXON 19 DELETIONS OR EXON 21 L858R SUBSTITUTION MUTATIONS, IN COMBINATION WITH AMIVANTAMAB"
"U-3986","A METHOD OF TREATING AGITATION ASSOCIATED WITH SCHIZOPHRENIA OR BIPOLAR I OR II DISORDER"
"U-3987","TOPICAL TREATMENT OF ACNE"
"U-3988","USE FOR THE TREATMENT OF FOCAL SEIZURES ASSOCIATED WITH LENNOX-GASTAUT SYNDROME"
"U-3989","USE FOR THE TREATMENT OF FOCAL SEIZURES ASSOCIATED WITH TUBEROUS SCLEROSIS COMPLEX"
"U-3990","TREATMENT OF HYPERTENSION IN PATIENTS WHO ARE IN NEED OF A LIQUID COMPOSITION OF TERAZOSIN"
"U-3991","TREATMENT OF SYMPTOMATIC BENIGN PROSTATIC HYPERPLASIA (BPH) IN PATIENTS WHO ARE IN NEED OF A LIQUID COMPOSITION OF TERAZOSIN"
"U-3992","ACUTE TREATMENT OF MIGRAINE WITH OR WITHOUT AURA IN A PATIENT UNDERGOING TREATMENT WITH A WEAK OR MODERATE CYP3A4 INDUCER"
"U-3993","TREATMENT OF PRIMARY IMMUNOGLOBULIN A NEPHROPATHY (IGAN) IN ADULTS AT RISK FOR DISEASE PROGRESSION"
"U-3994","METHOD OF TREATING SEVERE ALOPECIA AREATA IN ADULTS AND ADOLESCENTS 12 YEARS AND OLDER BY ADMINISTERING RITLECTINIB"
"U-3995","TO RESTORE BLOOD PRESSURE IN ADULT PATIENTS WITH ACUTE HYPOTENSIVE STATES"
"U-3996","FIRST-LINE TREATMENT OF ADULTS PATIENTS WITH ADVANCED RENAL CELL CARCINOMA BY ADMINISTERING LENVIMA IN COMBINATION WITH PEMBROLIZUMAB"
"U-3997","TREATMENT OF PATIENTS WITH PMMR/NOT MSI-H ADVANCED ENDOMETRIAL CARCINOMA, HAVE DISEASE PROGRESSION FOLLOWING PRIOR SYSTEMIC THERAPY, AND ARE NOT CANDIDATES FOR CURATIVE SURGERY OR RADIATION, BY ADMINISTERING LENVIMA IN COMBINATION WITH PEMBROLIZUMAB"
"U-3998","ADJUVANT TREATMENT OF ADULTS WITH HORMONE RECEPTOR (HR)-POSITIVE, HUMAN EPIDERMAL GROWTH FACTOR RECEPTOR 2 (HER2)-NEGATIVE STAGE II AND III EARLY BREAST CANCER AT HIGH RISK OF RECURRENCE"
"U-3999","IN COMBINATION WITH AN AROMATASE INHIBITOR FOR THE ADJUVANT TREATMENT OF ADULTS WITH HORMONE RECEPTOR (HR)-POSITIVE, HUMAN EPIDERMAL GROWTH FACTOR RECEPTOR 2 (HER2)-NEGATIVE STAGE II AND III EARLY BREAST CANCER AT HIGH RISK OF RECURRENCE"
"U-4000","TREATMENT OF DEPRESSIVE EPISODES OR MAJOR DEPRESSIVE EPISODES ASSOCIATED WITH BIPOLAR II DISORDER"
"U-4001","TREATMENT OF ADVANCED PROSTATIC CANCER"
"U-4002","POSITRON EMISSION TOMOGRAPHY (PET) OF PROSTATE-SPECIFIC MEMBRANE ANTIGEN (PSMA)-POSITIVE LESIONS IN MEN WITH PROSTATE CANCER"
"U-4003","TREATMENT OF NOCTURIA DUE TO NOCTURNAL POLYURIA IN ADULTS WHO AWAKEN AT LEAST 2 TIMES PER NIGHT TO VOID BY INTRANASALLY ADMINISTERING A PLUME OF DROPLETS COMPRISING A DOSE OF 0.75 MCG OR 1.5 MCG DESMOPRESSIN"
"U-4004","TREATMENT OF PARKINSONISM THAT MAY FOLLOW CARBON MONOXIDE INTOXICATION"
"U-4005","TREATMENT OF PARKINSONISM THAT MAY FOLLOW MANGANESE INTOXICATION"
"U-4006","TREATMENT OF A DISORDER TREATABLE WITH GHB USING A SINGLE DOSE OF A GHB FORMULATION IN AN AMOUNT EQUIVALENT TO 3 G TO 12 G OF SODIUM OXYBATE WHERE THE FORMULATION CONTAINS AN IMMEDIATE RELEASE PORTION AND A MODIFIED RELEASE PORTION"
"U-4007","METHOD OF TREATING ACROMEGALY PATIENTS WHO HAVE HAD INADEQUATE RESPONSE TO OR CANNOT BE TREATED WITH SURGICAL RESECTION, PITUITARY IRRADIATION, AND BROMOCRIPTINE MESYLATE AT MAXIMALLY TOLERATED DOSES"
"U-4008","METHOD OF TREATING PROFUSE WATERY DIARRHEA ASSOCIATED WITH VASOACTIVE INTESTINAL PEPTIDE TUMORS (VIPOMAS)-SECRETING TUMORS"
"U-4009","METHOD OF TREATING SEVERE DIARRHEA AND FLUSHING EPISODES ASSOCIATED WITH METASTATIC CARCINOID TUMORS"
"U-4010","TREATMENT OF PATIENTS WITH LOCALLY ADVANCED, UNRESECTABLE (STAGE III) NSCLC WHOSE DISEASE HAS NOT PROGRESSED DURING OR FOLLOWING PLATINUM-BASED CHEMORADIATION THERAPY AND WHOSE TUMORS HAVE EGFR EXON 19 DELETIONS OR EXON 21 L858R MUTATIONS"
"U-4011","METHOD OF POSITRON EMISSION TOMOGRAPHY (PET) FOR CARDIAC IMAGING"
"U-4012","PRETREATMENT AGAINST THE LETHAL EFFECTS OF SOMAN NERVE AGENT POISONING"
"U-4013","A METHOD OF ADJUNCTIVE TREATING, PREVENTING AND/OR AMELIORATING SEIZURES IN A PERSON WITH DRAVET SYNDROME COMPRISING ADMINISTERING FENFLURAMINE OR A SALT THEREOF IN A DOSE OF 0.2 MG/KG/DAY TO 0.5/MG/KG/DAY AND DOSES OF STIRIPENTOL AND CLOBAZAM"
"U-4014","TREATMENT OF CHRONIC GRAFT-VERSUS-HOST DISEASE (CHRONIC GVHD) AFTER FAILURE OF AT LEAST TWO PRIOR LINES OF SYSTEMIC THERAPY IN ADULT AND PEDIATRIC PATIENTS 12 YEARS AND OLDER WITH A GRADE 3 INFECTION ADVERSE REACTION"
"U-4015","ADJUNCT TO DIET AND EXERCISE TO IMPROVE GLYCEMIC CONTROL IN ADULTS WITH TYPE 2 DIABETIS BY ORALLY ADMINISTERING A DOSAGE FORM COMPRISING BROMOCRIPTINE AND ONE OR MORE EXCIPIENTS AS RECITED IN CLAIMS 1 AND 10"
"U-4016","ADJUNCT TO DIET AND EXERCISE TO IMPROVE GLYCEMIC CONTROL IN ADULTS WITH TYPE 2 DIABETIS BY ORALLY ADMINISTERING A DOSAGE FORM COMPRISING BROMOCRIPTINE AND ONE OR MORE EXCIPIENTS AS RECITED IN CLAIMS 1, 10, AND 11"
"U-4017","ADJUNCT TO DIET AND EXERCISE TO IMPROVE GLYCEMIC CONTROL IN ADULTS WITH TYPE 2 DIABETIS BY ORALLY ADMINISTERING A DOSAGE FORM COMPRISING BROMOCRIPTINE AND ONE OR MORE EXCIPIENTS AS RECITED IN CLAIMS 12 AND 21"
"U-4018","ADJUNCT TO DIET AND EXERCISE TO IMPROVE GLYCEMIC CONTROL IN ADULTS WITH TYPE 2 DIABETIS BY ORALLY ADMINISTERING A DOSAGE FORM COMPRISING BROMOCRIPTINE AND ONE OR MORE EXCIPIENTS AS RECITED IN CLAIMS 12, 21, AND 22"
"U-4019","TREATMENT OF BIPOLAR DEPRESSION BY INHIBITING THE 5-HT2A RECEPTOR, INHIBITING THE SEROTONIN TRANSPORTER, AND/OR MODULATING DOPAMINE D2 RECEPTOR FUNCTION, OR TREATMENT OF BIPOLAR DISORDER"
"U-4020","TREATMENT OF SCHIZOPHRENIA BY INHIBITING THE 5-HT2A RECEPTOR, INHIBITING THE SEROTONIN TRANSPORTER, AND/OR MODULATING DOPAMINE D2 RECEPTOR FUNCTION, OR TREATMENT OF SCHIZOPHRENIA"
"U-4021","USE OF ARIMOCLOMOL, IN COMBINATION WITH MIGLUSTAT, FOR TREATMENT OF NEUROLOGICAL MANIFESTATIONS OF NIEMANN-PICK DISEASE TYPE C (NPC)"
"U-4022","TREATMENT OF A DISORDER IN A HUMAN PATIENT WITH A ONCE-NIGHTLY GHB FORMULATION BY INITIATING TREATMENT WITH A DOSE EQUIVALENT TO 4.5 G OF SODIUM OXYBATE AND UPTITRATING IN INCREMENTS EQUIVALENT TO 1.5 G OF SODIUM OXYBATE"
"U-4023","TREATMENT OF TYPE 2 DIABETES MELLITUS BY ADMINISTRATION OF EMPAGLIFLOZIN, LINAGLIPTIN AND METFORMIN"
"U-4024","COMBINATION WITH PALBOCICLIB AND FULVESTRANT FOR TREATMENT OF ADULTS WITH ENDOCRINE-RESISTANT PIK3CA-MUTATED HR-POSITIVE HER2-NEGATIVE LOCALLY ADVANCED OR METASTATIC BREAST CANCER FOLLOWING RECURRENCE ON OR AFTER COMPLETING ADJUVANT ENDOCRINE THERAPY"
"U-4025","A METHOD FOR THE TREATMENT OF POST-OPERATIVE INFLAMMATION FOLLOWING OCULAR SURGERY"
"U-4026","USE IN TREATING UNCOMPLICATED URINARY TRACT INFECTIONS CAUSED BY ESCHERICHIA COLI, KLEBSIELLA PNEUMONIAE, OR PROTEUS MIRABILIS"
"U-4027","TREATMENT OF GASTRIC ADENOCARCINOMA"
"U-4028","TREATMENT OF HEAD AND NECK CANCER"
"U-4029","ACUTE TREATMENT OF AGITATION IN PATIENTS WITH SEVERE HEPATIC IMPAIRMENT"
"U-4030","TREATMENT OF MOTOR FLUCTUATIONS IN ADULTS WITH ADVANCED PARKINSON'S DISEASE"
"U-4031","REDUCTION OF HETEROTOPIC OSSIFICATION IN PATIENTS WITH FIBRODYSPLASIS (MYOSITIS) OSSIFICANS PROGRESSIVA"
"U-4032","TREATMENT OF ATTENTION DEFICIT HYPERACTIVITY DISORDER (ADHD)"
"U-4033","METHOD OF PROVIDING LOCAL OR REGIONAL ANALGESIA, FOR EXAMPLE, VIA INFILTRATION TO PROVIDE POSTSURGICAL LOCAL ANALGESIA OR VIA INTERSCALENE BRACHIAL PLEXUS NERVE BLOCK TO PROVIDE POSTSURGICAL REGIONAL ANALGESIA"
"U-4034","TREATMENT OF SEIZURES ASSOCIATED WITH CYCLIN-DEPENDENT KINASE-LIKE-5 (CDLK5) DEFICIENCY DISORDER (CDD) IN PATIENTS 2 YEARS OF AGE AND OLDER"
"U-4035","TREATMENT OF ADULT PATIENTS WITH ADVANCED PROSTATE CANCER, MODIFIED BY DOSE-SEPARATING ADMINISTRATIONS OF RELUGOLIX AND A P-GP INHIBITOR, WHEN CO-ADMINISTRATION OF RELUGOLIX AND THE P-GP INHIBITOR IS UNAVOIDABLE"
"U-4036","TREATMENT OF ADULT AND PEDIATRIC PATIENTS 12 YEARS AND OLDER WITH SOMATOSTATIN RECEPTOR-POSITIVE GASTROENTEROPANCREATIC NEUROENDOCRINE TUMORS (GEP-NETS), INCLUDING FOREGUT, MIDGUT, AND HINDGUT NEUROENDOCRINE TUMORS"
"U-4037","METHOD OF TREATING PAIN, FOR EXAMPLE, VIA INFILTRATION TO PROVIDE LOCAL ANALGESIA OR VIA INTERSCALENE BRACHIAL PLEXUS NERVE BLOCK TO PROVIDE REGIONAL ANALGESIA"
"U-4038","ADJUNCTIVE TREATMENT TO LEVODOPA/CARBIDOPA IN PATIENTS WITH PARKINSON’S DISEASE EXPERIENCING OFF EPISODES BY ADMINISTERING WITHOUT FOOD"
"U-4039","ADULT AND PEDIATRIC PATIENTS AS A SOURCE OF SELENIUM FOR PARENTERAL NUTRITION WHEN ORAL OR ENTERAL NUTRITION IS NOT POSSIBLE, INSUFFICIENT, OR CONTRAINDICATED"
"U-4040","TREATMENT OF ADULT PATIENTS WITH LOCALLY ADVANCED UNRESECTABLE OR METASTATIC MALIGNANT PERIVASCULAR EPITHELIOID CELL TUMOR (PECOMA) WITH A DOSE ADMINISTERED ON DAYS 1 AND 8 OF A 21-DAY CYCLE"
"U-4041","TREATMENT OF ADULT PATIENTS WITH LOCALLY ADVANCED UNRESECTABLE OR METASTATIC MALIGNANT PERIVASCULAR EPITHELIOID CELL TUMOR (PECOMA) WITH A DOSE OF 45 MG/M2 OR 56 MG/M2 ADMINISTERED ON DAYS 1 AND 8 OF A 21-DAY CYCLE"
"U-4042","TREATMENT OF ADULT PATIENTS WITH LOCALLY ADVANCED UNRESECTABLE OR METASTATIC MALIGNANT PERIVASCULAR EPITHELIOID CELL TUMOR (PECOMA) WITH A DOSE OF 45 MG/M2 ADMINISTERED ON DAYS 1 AND 8 OF A 21-DAY CYCLE"
"U-4043","EMROSI IS INDICATED TO TREAT INFLAMMATORY LESIONS (PAPULES AND PUSTULES) OF ROSACEA IN ADULTS"
"U-4044","TREATMENT OF IDIOPATHIC HYPERSOMNIA WITH A MIXTURE OF SODIUM, POTASSIUM, MAGNESIUM, AND CALCIUM SALTS OF GHB"
"U-4045","TREATMENT OF RELAPSED OR REFRACTORY ACUTE LEUKEMIA WITH A LYSINE METHYLTRANSFERASE 2A GENE (KMT2A) TRANSLOCATION IN ADULT AND PEDIATRIC PATIENTS 1 YEAR AND OLDER"
"U-4046","TREATMENT OF THE CARDIOMYOPATHY OF WILD-TYPE OR VARIANT TRANSTHYRETIN-MEDIATED AMYLOIDOSIS (ATTR-CM)"
"U-4047","A METHOD FOR TREATING ULCERATIVE COLITIS BY ADMINISTERING A THERAPEUTICALLY EFFECTIVE AMOUNT OF ESTRASIMOD ARGININE AS CLAIMED"
"U-4048","TOPICAL TREATMENT OF ATOPIC DERMATITIS IN ADULTS AND PEDIATRIC PATIENTS 2 YEARS OF AGE AND OLDER"
"U-4049","ADJUNCTIVE TREATMENT OF CLASSIC CONGENITAL ADRENAL HYPERPLASIA (CAH)"
"U-4050","USE IN REDUCING TRIGLYCERIDES IN ADULTS WITH FAMILIAL CHYLOMICRONEMIA SYNDROME (FCS)"
"U-4051","BRAFTOVI IS A KINASE INHIBITOR INDICATED IN COMBINATION WITH CETUXIMAB AND MFOLFOX6, FOR THE TREATMENT OF PATIENTS WITH METASTATIC COLORECTAL CANCER (MCRC) WITH A BRAF V600E MUTATION, AS DETECTED BY AN FDA-APPROVED TEST"
"U-4052","TREATMENT OF CF IN PATIENTS AGED 2 TO <6 YEARS WHO HAVE IN THE CFTR GENE AT LEAST ONE F508DEL MUTATION OR A RESPONSIVE MUTATION BASED ON CLINICAL AND/OR IN VITRO DATA COMPRISING ADMINISTERING A COMPOSITION ACCORDING TO CLAIM 1 OF US 11752106"
"U-4053","TREATMENT OF CYSTIC FIBROSIS IN PATIENTS AGED 2 TO <6 YEARS WHO HAVE IN THE CFTR GENE AT LEAST ONE F508DEL MUTATION OR A RESPONSIVE MUTATION BASED ON CLINICAL AND/OR IN VITRO DATA WITH AN EFFECTIVE AMOUNT OF ELX, TEZ, AND IVA"
"U-4054","TREATMENT OF CF IN PATIENTS 6 YEARS AND OLDER WHO HAVE IN THE CFTR GENE AT LEAST ONE F508DEL MUTATION OR A RESPONSIVE MUTATION BASED ON CLINICAL AND/OR IN VITRO DATA BY ADMINISTERING ELX, IVA, AND A SOLID DISPERSION ACCORDING TO US 11578062 CLAIM 1"
"U-4055","TREATMENT OF CF IN PATIENTS AGED 2 TO <6 YEARS WHO HAVE IN THE CFTR GENE AT LEAST ONE F508DEL MUTATION OR A RESPONSIVE MUTATION BASED ON CLINICAL AND/OR IN VITRO DATA COMPRISING ADMINISTERING THE COMPOSITION RECITED IN US 11564916 CLAIM 1"
"U-4056","TREATMENT OF CYSTIC FIBROSIS IN PATIENTS AGED 6 YEARS AND OLDER WHO HAVE IN THE CFTR GENE AT LEAST ONE F508DEL MUTATION OR A RESPONSIVE MUTATION BASED ON CLINICAL AND/OR IN VITRO DATA WITH AN EFFECTIVE AMOUNT OF ELX, TEZ, AND IVA"
"U-4057","TREATMENT OF CF IN PATIENTS AGED 2 TO <6 YEARS WHO HAVE IN THE CFTR GENE AT LEAST ONE F508DEL MUTATION OR A RESPONSIVE MUTATION BASED ON CLINICAL AND/OR IN VITRO DATA BY ADMINISTERING DAILY ELX (100 MG OR 80 MG); TEZ; AND IVA"
"U-4058","TREATMENT OF CF IN PATIENTS AGED 2 TO <6 YEARS WHO HAVE IN THE CFTR GENE AT LEAST ONE F508DEL MUTATION OR A RESPONSIVE MUTATION BASED ON CLINICAL AND/OR IN VITRO DATA WITH A COMPOUND OF CLAIM 1 OR COMPOSITION OF CLAIM 29 OF US 11426407"
"U-4059","TREATMENT OF CF IN PATIENTS AGED 2 TO <6 YEARS WHO HAVE IN THE CFTR GENE AT LEAST ONE F508DEL MUTATION OR A RESPONSIVE MUTATION BASED ON CLINICAL AND/OR IN VITRO DATA WITH A COMPOSITION ACCORDING TO CLAIM 1 OF US11179367"
"U-4060","TREATMENT OF CF IN PATIENTS AGED 2 TO <6 YEARS WHO HAVE IN THE CFTR GENE AT LEAST ONE F508DEL MUTATION OR A RESPONSIVE MUTATION BASED ON CLINICAL AND/OR IN VITRO DATA COMPRISING ADMINISTERING A COMPOSITION ACCORDING TO CLAIM 1 OF US 11147770"
"U-4061","TREATMENT OF CF IN PATIENTS AGED 2 TO <6 YEARS WHO HAVE IN THE CFTR GENE AT LEAST ONE F508DEL MUTATION OR A RESPONSIVE MUTATION BASED ON CLINICAL AND/OR IN VITRO DATA WITH ELEXACAFTOR, TEZACAFTOR, AND IVACAFTOR"
"U-4062","TREATMENT OF CF IN PATIENTS AGED 2 TO <6 YEARS WHO HAVE IN THE CFTR GENE AT LEAST ONE F508DEL MUTATION OR A RESPONSIVE MUTATION BASED ON CLINICAL AND/OR IN VITRO DATA COMPRISING ADMINISTERING A COMPOSITION ACCORDING TO CLAIM 1 OF US 10272046"
"U-4063","TREATMENT OF CYSTIC FIBROSIS IN PATIENTS AGED 6 YEARS AND OLDER WHO HAVE IN THE CFTR GENE AT LEAST ONE F508DEL MUTATION OR A RESPONSIVE MUTATION BASED ON CLINICAL AND/OR IN VITRO DATA BY ADMINISTERING THE COMPOSITION RECITED IN US 11564916 CLAIM 1"
"U-4064","TREATMENT OF CF IN PATIENTS AGED 2 TO <6 YEARS WHO HAVE IN THE CFTR GENE AT LEAST ONE F508DEL MUTATION OR A RESPONSIVE MUTATION BASED ON CLINICAL AND/OR IN VITRO DATA WITH AN EFFECTIVE AMOUNT OF ELX, TEZ, AND IVA"
"U-4065","TREATMENT OF CYSTIC FIBROSIS IN PATIENTS AGED 2 TO <6 YEARS WHO HAVE IN THE CFTR GENE AT LEAST ONE F508DEL MUTATION OR A RESPONSIVE MUTATION BASED ON CLINICAL AND/OR IN VITRO DATA WITH A COMPOSITION ACCORDING TO CLAIM 1 OF US 10081621"
"U-4066","TREATMENT OF CYSTIC FIBROSIS IN PATIENTS AGED 2 TO <6 YEARS WHO HAVE IN THE CFTR GENE AT LEAST ONE F508DEL MUTATION OR A RESPONSIVE MUTATION BASED ON CLINICAL AND/OR IN VITRO DATA WITH ELEXACAFTOR, TEZACAFTOR, AND IVACAFTOR"
"U-4067","TREATMENT OF CF IN PATIENTS AGED 6 YEARS AND OLDER WHO HAVE IN THE CFTR GENE AT LEAST ONE F508DEL MUTATION OR A RESPONSIVE MUTATION BASED ON CLINICAL AND/OR IN VITRO DATA BY ADMINISTERING DAILY ELX (200 MG); TEZ; AND IVA"
"U-4068","TREATMENT OF CF IN PATIENTS AGED 2 TO <6 YEARS HAVING IN THE CFTR GENE AT LEAST ONE F508DEL MUTATION OR A RESPONSIVE MUTATION BASED ON CLINICAL AND/OR IN VITRO DATA USING A SOLID COMPOSITION OF ELX, TEZ, AMORPHOUS IVA, AND < ~30% CRYSTALLINE IVA"
"U-4069","TREATMENT OF CF IN PATIENTS AGED 6 YEARS AND OLDER WHO HAVE IN THE CFTR GENE AT LEAST ONE F508DEL MUTATION OR A RESPONSIVE MUTATION BASED ON CLINICAL AND/OR IN VITRO DATA BY ADMINISTERING DAILY ELX (100 MG); TEZ; AND IVA"
"U-4070","TREATMENT OF CF IN PATIENTS AGED 6 YEARS AND OLDER WHO HAVE IN THE CFTR GENE AT LEAST ONE F508DEL MUTATION OR A RESPONSIVE MUTATION BASED ON CLINICAL AND/OR IN VITRO DATA WITH A COMPOUND OF CLAIM 1 OR COMPOSITION OF CLAIM 29 OF US11426407"
"U-4071","TREATMENT OF CF IN PATIENTS AGED 6 YEARS AND OLDER WHO HAVE IN THE CFTR GENE AT LEAST ONE F508DEL MUTATION OR A RESPONSIVE MUTATION BASED ON CLINICAL AND/OR IN VITRO DATA WITH A COMPOSITION ACCORDING TO CLAIM 1 OF US11179367"
"U-4072","TREATMENT OF A MODERATE TO MILD CLINICAL PHENOTYPE OF CF IN PATIENTS AGED 2 TO <6 YEARS WHO HAVE IN THE CFTR GENE AT LEAST ONE F508DEL MUTATION OR A RESPONSIVE MUTATION BASED ON CLINICAL AND/OR IN VITRO DATA WITH ELX, TEZ, AND IVA"
"U-4073","TREATMENT OF CF IN PATIENTS AGED 6 YEARS AND OLDER WHO HAVE IN THE CFTR GENE AT LEAST ONE F508DEL MUTATION OR A RESPONSIVE MUTATION BASED ON CLINICAL AND/OR IN VITRO DATA WITH ELEXACAFTOR, TEZACAFTOR, AND IVACAFTOR"
"U-4074","TREATMENT OF CF IN PATIENTS AGED 6 YEARS AND OLDER WHO HAVE IN THE CFTR GENE AT LEAST ONE F508DEL MUTATION OR A RESPONSIVE MUTATION BASED ON CLINICAL AND/OR IN VITRO DATA WITH AN EFFECTIVE AMOUNT OF ELX, TEZ, AND IVA"
"U-4075","TREATMENT OF CYSTIC FIBROSIS IN PATIENTS AGED 6 YEARS AND OLDER WHO HAVE IN THE CFTR GENE AT LEAST ONE F508DEL MUTATION OR A RESPONSIVE MUTATION BASED ON CLINICAL AND/OR IN VITRO DATA WITH A COMPOSITION ACCORDING TO CLAIM 1 OF US 10081621"
"U-4076","TREATMENT OF CF IN PATIENTS AGED 2 TO <6 YEARS WHO HAVE IN THE CFTR GENE AT LEAST ONE F508DEL MUTATION GENE OR A RESPONSIVE MUTATION BASED ON CLINICAL AND/OR IN VITRO DATA WITH ELEXACAFTOR, TEZACAFTOR, AND IVACAFTOR"
"U-4077","TREATMENT OF CYSTIC FIBROSIS IN PATIENTS AGED 6 YEARS AND OLDER WHO HAVE IN THE CFTR GENE AT LEAST ONE F508DEL MUTATION OR A RESPONSIVE MUTATION BASED ON CLINICAL AND/OR IN VITRO DATA WITH ELEXACAFTOR, TEZACAFTOR, AND IVACAFTOR"
"U-4078","TREATMENT OF CF IN PATIENTS AGED 6 YEARS AND OLDER HAVING IN THE CFTR GENE AT LEAST ONE F508DEL MUTATION OR A RESPONSIVE MUTATION BASED ON CLINICAL AND/OR IN VITRO DATA USING A SOLID COMPOSITION OF ELX, TEZ, AMORPHOUS IVA, AND < ~30% CRYSTALLINE IVA"
"U-4079","TREATMENT OF A MODERATE TO MILD CLINICAL PHENOTYPE OF CF IN PATIENTS AGED 6 YEARS AND OLDER WHO HAVE IN THE CFTR GENE AT LEAST ONE F508DEL MUTATION OR A RESPONSIVE MUTATION BASED ON CLINICAL AND/OR IN VITRO DATA WITH ELX, TEZ, AND IVA"
"U-4080","TREATMENT OF CF IN PATIENTS AGED 6 YEARS AND OLDER WHO HAVE AT LEAST ONE F508DEL MUTATION OR ANOTHER RESPONSIVE MUTATION IN THE CFTR GENE WITH A SOLID PHARMACEUTICAL COMPOSITION COMPRISING VNZ, TEZ, AMORPHOUS D-IVA, AND <30% CRYSTALLINE D-IVA"
"U-4081","TREATMENT OF CYSTIC FIBROSIS IN PATIENTS AGED 6 YEARS AND OLDER WHO HAVE AT LEAST ONE F508DEL MUTATION IN THE CFTR GENE WITH AN EFFECTIVE AMOUNT OF A PHARMACEUTICAL COMPOSITION COMPRISING VANZACAFTOR, TEZACAFTOR, AND DEUTIVACAFTOR"
"U-4082","TREATMENT OF CYSTIC FIBROSIS IN PATIENTS AGED 6 YEARS AND OLDER WHO HAVE AT LEAST ONE F508DEL MUTATION OR ANOTHER RESPONSIVE MUTATION IN THE CFTR GENE WITH VANZACAFTOR, TEZACAFTOR, AND DEUTIVACAFTOR"
"U-4083","TREATMENT OF CYSTIC FIBROSIS IN PATIENTS AGED 6 YEARS AND OLDER WHO HAVE AT LEAST ONE F508DEL MUTATION OR ANOTHER RESPONSIVE MUTATION IN THE CFTR GENE WITH VANZACAFTOR CALCIUM SALT HYDRATE FORM D, TEZACAFTOR, AND DEUTIVACAFTOR"
"U-4084","TREATMENT OF A MODERATE TO MILD CLINICAL PHENOTYPE OF CF IN PATIENTS AGED 6 YEARS AND OLDER WHO HAVE AT LEAST ONE F508DEL MUTATION OR ANOTHER RESPONSIVE MUTATION IN THE CFTR GENE WITH A PHARMACEUTICAL COMPOSITION COMPRISING VNZ, TEZ, AND D-IVA"
"U-4085","REDUCTION IN LOSS OF KIDNEY FUNCTION IN ADULTS WITH PRIMARY IMMUNOGLOBULIN A NEPHROPATHY (IGAN) WHO ARE AT RISK OF DISEASE PROGRESSION, BY RELEASE OF BUDESONIDE FROM THE FORMULATION"
"U-4086","REDUCTION OF PROTEINURIA IN ADULTS WITH PRIMARY IMMUNOGLOBULIN A NEPHROPATHY (IGAN) WHO ARE AT RISK OF DISEASE PROGRESSION, BY RELEASE OF BUDESONIDE FROM THE FORMULATION"
"U-4087","TREATMENT OF CYSTIC FIBROSIS IN PATIENTS AGED 6 YEARS AND OLDER WHO HAVE AT LEAST ONE F508DEL MUTATION OR ANOTHER RESPONSIVE MUTATION IN THE CFTR GENE WITH VNZ, D-IVA, AND A COMPOSITION ACCORDING TO CLAIM 1 OF US10081621"
"U-4088","TREATMENT OF CF IN PATIENTS AGED 6 YEARS AND OLDER WHO HAVE AT LEAST ONE F508DEL MUTATION OR ANOTHER RESPONSIVE MUTATION IN THE CFTR GENE WITH 21.4 MG OF VNZ CALCIUM SALT HYDRATE FORM D, 100 MG OF TEZ, AND 250 MG OF D-IVA DAILY"
"U-4089","TREATMENT OF CYSTIC FIBROSIS IN PATIENTS AGED 6 YEARS AND OLDER WHO HAVE AT LEAST ONE F508DEL MUTATION OR ANOTHER RESPONSIVE MUTATION IN THE CFTR GENE WITH VNZ AND A COMPOSITION ACCORDING TO CLAIM 1 OF US11951212"
"U-4090","TREATMENT OF CYSTIC FIBROSIS IN PATIENTS AGED 6 YEARS AND OLDER WHO HAVE AT LEAST ONE F508DEL MUTATION OR ANOTHER RESPONSIVE MUTATION IN THE CFTR GENE WITH AN EFFECTIVE AMOUNT OF VANZACAFTOR, TEZACAFTOR, AND DEUTIVACAFTOR"
"U-4091","TREATMENT OF CYSTIC FIBROSIS IN PATIENTS AGED 6 YEARS AND OLDER WHO HAVE AN R117H MUTATION IN THE CFTR GENE WITH VANZACAFTOR, TEZACAFTOR, AND DEUTIVACAFTOR"
"U-4092","TREATMENT OF CYSTIC FIBROSIS IN PATIENTS AGED 6 YEARS AND OLDER WHO HAVE AT LEAST ONE F508DEL MUTATION OR ANOTHER RESPONSIVE MUTATION IN THE CFTR GENE WITH VNZ AND A COMPOSITION ACCORDING TO CLAIM 1 OF US10206877"
"U-4093","TREATMENT OF CF IN PATIENTS 6 YEARS AND OLDER WITH AT LEAST ONE F508DEL OR G551D AND AN A455E, 2789+5G->A, OR 3849+10KBC->T CFTR MUTATION, COMPRISING CONCURRENT COADMINISTRATION OF THE COMPOSITIONS OF CLAIM 1 OF US 10058546 FURTHER COMPRISING VNZ"
"U-4094","TREATMENT OF CF IN PATIENTS AGED 6 YEARS AND OLDER WHO HAVE AT LEAST ONE F508DEL MUTATION OR ANOTHER RESPONSIVE MUTATION IN THE CFTR GENE WITH A COMPOSITION COMPRISING VNZ, TEZ, AND D-IVA WITH AT LEAST 90% ISOTOPIC ENRICHMENT FOR EACH DEUTERIUM ATOM"
"U-4095","TREATMENT OF CYSTIC FIBROSIS IN PATIENTS AGED 6 YEARS AND OLDER WHO HAVE AT LEAST ONE F508DEL MUTATION OR ANOTHER RESPONSIVE MUTATION IN THE CFTR GENE WITH A COMPOSITION ACCORDING TO CLAIM 1 OF US11564916, VNZ, AND TEZ"
"U-4096","TREATMENT OF CYSTIC FIBROSIS IN PATIENTS AGED 6 YEARS AND OLDER WHO HAVE AT LEAST ONE F508DEL MUTATION OR ANOTHER RESPONSIVE MUTATION IN THE CFTR GENE WITH VANZACAFTOR, DEUTIVACAFTOR, AND A SOLID DISPERSION ACCORDING TO CLAIM 1 OF US 11,578,062"
"U-4097","TREATMENT OF CYSTIC FIBROSIS IN PATIENTS AGED 6 YEARS AND OLDER WHO HAVE AT LEAST ONE F508DEL MUTATION IN THE CFTR GENE, COMPRISING CONCURRENT COADMINISTRATION OF THE COMPOSITIONS OF CLAIM 1 OF US 9,012,496 FURTHER COMPRISING VNZ"
"U-4098","TREATMENT OF CF IN PATIENTS AGED 6 YEARS AND OLDER WHO HAVE AT LEAST ONE F508DEL MUTATION OR ANOTHER RESPONSIVE MUTATION IN THE CFTR GENE WITH AN EFFECTIVE AMOUNT OF VNZ, TEZ, AND A COMPOSITION ACCORDING TO CLAIM 3 OF US 9,512,079"
"U-4099","TREATMENT OF ADULT PATIENTS WITH ANAPLASTIC LYMPHOMA KINASE (ALK)-POSITIVE LOCALLY ADVANCED OR METASTATIC NON-SMALL CELL LUNG CANCER (NSCLC) WHO HAVE NOT PREVIOUSLY RECEIVED AN ALK-INHIBITOR"
"U-4100","A METHOD OF TREATING MODERATE TO SEVERE OPIOID USE DISORDER BY ADMINISTERING BUPRENORPHINE ONCE WEEKLY"
"U-4101","TREATMENT OF PATIENTS WITH CASTRATION-RESISTANT PROSTATE CANCER TO WHOM RIFAMPIN IS ADMINISTERED WITH THE CO-ADMINISTRATION OF A DAILY DOSE OF 240 MG ENZALUTAMIDE"
"U-4102","TREATMENT OF PATIENTS WITH NON-METASTATIC CASTRATION-SENSITIVE PROSTATE CANCER WITH BIOCHEMICAL RECURRENCE AT HIGH RISK FOR METASTASIS TO WHOM RIFAMPIN IS ADMINISTERED WITH THE CO-ADMINISTRATION OF A DAILY DOSE OF 240 MG ENZALUTAMIDE"
"U-4103","TREATMENT OF PATIENTS WITH METASTATIC CASTRATION-SENSITIVE PROSTATE CANCER TO WHOM RIFAMPIN IS ADMINISTERED WITH THE CO-ADMINISTRATION OF A DAILY DOSE OF 240 MG ENZALUTAMIDE"
"U-4104","TREATMENT OF PATIENTS WITH METASTATIC CASTRATION-RESISTANT PROSTATE CANCER TO WHOM RIFAMPIN IS ADMINISTERED WITH THE CO-ADMINISTRATION OF A DAILY DOSE OF 240 MG ENZALUTAMIDE"
"U-4105","USE OF VASCEPA TO LOWER TRIGLYCERIDES AND LDL-C IN AN ADULT PATIENT ON STATIN THERAPY WITH CARDIOVASCULAR-RELATED DISEASE AND ELEVATED TRIGLYCERIDE (TG) LEVELS (ABOUT 200 MG/DL TO ABOUT 500 MG/DL)"
"U-4106","TREATMENT OF EXCESSIVE DAYTIME SLEEPINESS BY ADMINISTERING SOLRIAMFETOL TO A SUBJECT HAVING NO OR MILD RENAL IMPAIRMENT"
"U-4107","IN COMBINATION WITH PANITUMUMAB FOR THE TREATMENT OF ADULT PATIENTS WITH KRAS G12C-MUTATED METASTATIC COLORECTAL CANCER (MCRC), AS DETERMINED BY AN FDA-APPROVED TEST, WHO HAVE RECEIVED PRIOR CHEMOTHERAPY"
"U-4108","TREATMENT OF ADULT PATIENTS WITH PREVIOUSLY UNTREATED MANTLE CELL LYMPHOMA WHO ARE INELIGIBLE FOR AUTOLOGOUS HEMATOPOIETIC STEM CELL TRANSPLANTATION IN COMBINATION WITH BENDAMUSTINE AND RITUXIMAB"
"U-4109","TREATMENT OF ADULT PATIENTS WITH PREVIOUSLY UNTREATED MANTLE CELL LYMPHOMA WHO ARE INELIGIBLE FOR AUTOLOGOUS HEMATOPOIETIC STEM CELL TRANSPLANTATION BY ADMINISTERING 100 MG OF ACALABRUTINIB TWICE DAILY IN COMBINATION WITH BENDAMUSTINE AND RITUXIMAB"
"U-4110","TREATMENT OF SCHIZOPHRENIA IN A PATIENT PREVIOUSLY BEEN TREATED WITH ONCE-A-MONTH (PP1M) OR ONCE-EVERY-THREE-MONTHS (PP3M) PALIPERIDONE PALMITATE BY SWITCHING TO ONCE-EVERY-SIX-MONTH PALIPERIDONE PALMITATE USING A DOSING WINDOW OF A DOSING REGIMEN"
"U-4111","TREATMENT OF AMYOTROPHIC LATERAL SCLEROSIS BY ADMINISTERING A LIQUID EDARAVONE COMPOSITION RELATIVE TO THE TIMING AND TYPE OF FOOD CONSUMPTION"
"U-4112","TREATMENT OF TREATMENT-RESISTANT DEPRESSION IN ADULTS"
"U-4113","TREATMENT OF TREATMENT RESISTANT DEPRESSION IN ADULTS BY NASALLY ADMINISTERING 56MG OR 84MG 2X WEEKLY FOR 4 WEEKS DURING THE INDUCTION PHASE"
"U-4114","TREATMENT OF TREATMENT RESISTANT DEPRESSION IN ADULTS BY NASALLY ADMINISTERING 56MG OR 84MG 2X WEEKLY FOR 4 WEEKS DURING THE INDUCTION PHASE FOLLOWED BY A MAINTENANCE PHASE OF 56MG OR 84MG WEEKLY OR 1X EVERY TWO WEEKS"
"U-4115","TREATMENT OF TREATMENT RESISTANT DEPRESSION BY NASALLY ADMINISTERING 56MG OR 84MG OF ESKETAMINE IN A MAINTENANCE PHASE WEEKLY OR 1X EVERY TWO WEEKS TO ADULTS WHO HAVE BEEN ADMINISTERED ESKETAMINE IN A INDUCTION PHASE FOR ABOUT 4 WEEKS"
"U-4116","TREATMENT OF TREATMENT RESISTANT DEPRESSION IN ADULTS BY NASALLY ADMINISTERING 56MG OR 84MG OF ESKETAMINE 2X WEEKLY FOR 4 WEEKS DURING THE INDUCTION PHASE"
"U-4117","TREATMENT OF TREATMENT-RESISTANT DEPRESSION IN ADULTS BY NASALLY ADMINISTERING 56MG OR 84MG OF ESKETAMINE 2X WEEKLY FOR 4 WEEKS DURING THE INDUCTION PHASE FOLLOWED BY A MAINTENANCE PHASE OF 56MG OR 84MG WEEKLY OR 1X EVERY TWO WEEKS"
"U-4118","TREATMENT OF TREATMENT RESISTANT DEPRESSION IN ADULTS BY NASALLY ADMINISTERING 56MG OR 84MG OF ESKETAMINE AS A PHARMACEUTICAL COMPOSITION"
"U-4119","TREATMENT OF TREATMENT RESISTANT DEPRESSION IN ADULTS BY NASALLY ADMINISTERING 56MG OR 84MG OF ESKETAMINE TWICE PER WEEK AS A PHARMACEUTICAL COMPOSITION"
"U-4120","TREATMENT OF TREATMENT-RESISTANT DEPRESSION WITH NASALLY ADMINISTERED ESKETAMINE IN A PATIENT WHO HAS MISSED A DOSE DURING THE MAINTENANCE PHASE AND HAD WORSENING OF DEPRESSION SYMPTOMS BY RETURNING TO A HIGHER DOSING SCHEDULE"
"U-4121","ACUTE TREATMENT OF MIGRAINE WITH OR WITHOUT AURA IN A PATIENT UNDERGOING TREATMENT WITH A MODERATE CYP3A4 INHIBITOR"
"U-4122","ACUTE TREATMENT OF MIGRAINE WITH OR WITHOUT AURA IN A PATIENT UNDERGOING TREATMENT WITH A WEAK CYP3A4 INHIBITOR"
"U-4123","TREATMENT OF SOLID TUMORS THAT HAVE A NTRK GENE FUSION THROUGH COADMINISTRATION OF LAROTRECTINIB WITH POSACONAZOLE, BY DISCONTINUING POSACONAZOLE AND WAITING 3 TO 5 OF ITS HALF-LIVES, BEFORE ADMINISTERING A FULL LAROTRECTINIB DOSE"
"U-4124","TREATMENT OF SOLID TUMORS CHARACTERIZED BY A GENE FUSION THROUGH COADMINISTRATION OF LAROTRECTINIB WITH POSACONAZOLE, BY DISCONTINUING POSACONAZOLE AND WAITING 3 TO 5 OF ITS HALF-LIVES, BEFORE ADMINISTERING A FULL LAROTRECTINIB DOSE"
"U-4125","TREATMENT OF MODERATE TO SEVERE ACUTE PAIN IN ADULTS USING SUZETRIGINE"
"U-4126","TREATMENT OF CF IN A PATIENT AGE 6 MONTHS TO <6 YEARS WHO HAS IN THE CFTR GENE AT LEAST ONE RESPONSIVE MUTATION BASED ON CLINICAL AND/OR IN VITRO ASSAY DATA USING THE COMPOSITION RECITED IN CLAIM 1 OF US 12214083"
"U-4127","TREATMENT OF CF IN A PATIENT AGE 1 MONTH TO <4 MONTHS WHO HAS IN THE CFTR GENE AT LEAST ONE RESPONSIVE MUTATION BASED ON CLINICAL AND/OR IN VITRO ASSAY DATA USING THE COMPOSITION RECITED IN CLAIM 1 OF US 12214083"
"U-4128","TREATMENT OF CF IN A PATIENT AGE 4 MONTHS TO <6 YEARS WHO HAS IN THE CFTR GENE AT LEAST ONE RESPONSIVE MUTATION BASED ON CLINICAL AND/OR IN VITRO ASSAY DATA USING THE COMPOSITION RECITED IN CLAIM 1 OF US 12214083"
"U-4129","METHOD OF LOWERING INTRAOCULAR PRESSURE IN PATIENTS WITH OPEN-ANGLE GLAUCOMA OR OCULAR HYPERTENSION"
"U-4130","TREATMENT OF ADULT AND PEDIATRIC PATIENTS 2 YEARS OF AGE AND OLDER WITH NEUROFIBROMATOSIS TYPE 1 (NF1) WHO HAVE SYMPTOMATIC PLEXIFORM NEUROFIBROMAS (PN) NOT AMENABLE TO COMPLETE RESECTION"
"U-4131","TREATMENT OF PREVIOUSLY TREATED, UNRESECTABLE, LOCALLY ADVANCED OR METASTATIC, WELL-DIFFERENTIATED EXTRA-PANCREATIC NEUROENDOCRINE TUMORS"
"U-4132","A METHOD OF TREATING AND/OR REDUCING THE RISK OF A CARDIOVASCULAR EVENT IN A PATIENT"
"U-4133","REDUCING TMAX OF ORALLY ADMINISTERED MELOXICAM"
"U-4134","RAPID DELIVERY OF MELOXICAM TO THE BLOOD OF A HUMAN BEING"
"U-4135","IMPROVING ORAL BIOAVAILABILITY OF MELOXICAM"
"U-4136","ACUTE TREATMENT OF MIGRAINE ASSOCIATED WITH ALLODYNIA"
"U-4137","TREATING POST-TRANSPLANT CMV INFECTION/DISEASE REFRACTORY TO GANCICLOVIR, VALGANCICLOVIR, CIDOFOVIR OR FOSCARNET BY ADMINISTERING 1200 MG MARIBAVIR TWICE DAILY, WHERE THE PATIENT IS CONCOMITANTLY EXPOSED TO OR RECEIVING PHENYTOIN OR PHENOBARBITAL"
"U-4138","TREATMENT OF EDEMA IN PATIENTS WHO ARE IN NEED OF AN ORAL LIQUID SUSPENSION OF HYDROCHLOROTHIAZIDE"
"U-4139","TREATMENT OF HYPERTENSION IN PATIENTS WHO ARE IN NEED OF AN ORAL LIQUID SUSPENSION OF HYDROCHLOROTHIAZIDE"
"U-4140","REDUCING THE RISK OF SUSTAINED EGFR DECLINE, END-STAGE KIDNEY DISEASE, CV DEATH, AND HOSPITALIZATION FOR HEART FAILURE IN ADULTS WITH CKD AT RISK OF PROGRESSION AND WITHOUT TYPE II DIABETES AFTER AT LEAST 4 MONTHS OF TREATMENT"
"U-4141","TREATMENT OF CF IN PATIENTS AGED 2 TO <6 YEARS WHO HAVE IN THE CFTR GENE AT LEAST ONE F508DEL MUTATION OR A RESPONSIVE MUTATION BASED ON CLINICAL AND/OR IN VITRO DATA COMPRISING ADMINISTERING A COMPOSITION ACCORDING TO CLAIM 1 OF US 12,214,083"
"U-4142","ADMINISTERING TREOSULFAN AS A PREPARATIVE REGIMEN FOR ALLOGENEIC STEM CELL TRANSPLANTATION"
"U-4143","GASTROINTESTINAL FLAVORED SOLUTION INDICATED FOR CLEANSING THE COLON IN PREPARATION FOR COLONOSCOPY"
"U-4144","ADULT PATIENTS WITH CHRONIC LYMPHOCYTIC LEUKEMIA OR SMALL LYMPHOCYTIC LYMPHOMA (CCL/SLL) WHO HAVE RECEIVED AT LEAST TWO PRIOR LINES OF THERAPY, INCLUDING A BTK INHIBITOR AND A BCL-2 INHIBITOR"
"U-4145","TREATMENT OF TENOSYNOVIAL GIANT CELL TUMOR"
"U-4146","FIRST-LINE TREATMENT OF PATIENTS WITH UNRESECTABLE HEPATOCELLULAR CARCINOMA (HCC) USING DOSAGE MODIFICATIONS FOR ADVERSE REACTIONS"
"U-4147","TREATMENT OF COMPLICATED INTRA-ABDOMINAL BACTERIAL INFECTIONS IN ADULT PATIENTS"
"U-4148","METHOD OF ADMINISTERING BUPIVACAINE TO PRODUCE POSTSURGICAL REGIONAL ANALGESIA VIA AN ADDUCTOR CANAL BLOCK IN ADULTS"
"U-4149","METHOD OF INCREASING THE AMOUNT OF TIME BEFORE POSTSURGICAL OPIOID MEDICATION IS ADMINISTERED TO A PATIENT BY ADMINISTERING BUPIVACAINE TO PRODUCE POSTSURGICAL REGIONAL ANALGESIA"
"U-4150","METHOD OF REDUCING POSTSURGICAL OPIOID CONSUMPTION BY ADMINISTERING BUPIVACAINE TO PRODUCE POSTSURGICAL REGIONAL ANALGESIA"
"U-4151","FOR THE TOPICAL TREATMENT OF NONSEGMENTAL VITILIGO IN ADULT AND PEDIATRIC PATIENTS 12 YEARS OF AGE AND OLDER, WHEREIN THE DEPIGMENTED AREA IS ≥ 0.5% BSA ON THE FACE, ≥ 3% BSA ON NON-FACIAL AREAS, AND NOT >10% BSA ON TOTAL BODY AREA"
"U-4152","METHOD OF TREATING PAIN, FOR EXAMPLE, VIA INFILTRATION FOR LOCAL ANALGESIA; OR VIA INTERSCALENE BRACHIAL PLEXUS NERVE BLOCK, SCIATIC NERVE BLOCK IN THE POPLITEAL FOSSA, OR ADDUCTOR CANAL BLOCK FOR REGIONAL ANALGESIA"
"U-4153","TREATING RAS WILD-TYPE HER2-POSITIVE UNRESECTABLE OR METASTATIC COLORECTAL CANCER THAT HAS PROGRESSED FOLLOWING PRIOR TREATMENT"
"U-4154","TREATMENT AND REDUCTION OF RISK BY ADMINISTRATION OF EMPAGLIFLOZIN TO ADULTS WITH TYPE 2 DIABETES MELLITUS AND CHRONIC KIDNEY DISEASE AT RISK OF PROGRESSION"
"U-4155","INTRAUTERINE DEVICE PROMOTING CONTRACEPTION UTILIZING COPPER WITHOUT BLOCKING OPENINGS OF TWO FALLOPIAN TUBES"
"U-4156","TREATMENT OF PREVIOUSLY TREATED, UNRESECTABLE, LOCALLY ADVANCED OR METASTATIC, WELL-DIFFERENTIATED PANCREATIC NEUROENDOCRINE TUMORS"
"U-4157","THE TREATMENT OF DIABETIC MACULAR EDEMA (DME) IN PATIENTS WHO HAVE BEEN PREVIOUSLY TREATED WITH A COURSE OF CORTICOSTEROIDS AND DID HAVE A CLINICALLY SIGNIFICANT RISE IN INTRAOCULAR PRESSURE"
"U-4158","A METHOD OF USING LOSARTAN FOR THE REDUCTION OF THE RISK OF STROKE IN PATIENTS WITH HYPERTENSION AND LEFT VENTRICULAR HYPERTROPHY"
"U-4159","A METHOD OF USING LOSARTAN FOR THE TREATMENT OF HYPERTENSION"
"U-4160","A METHOD OF USING LOSARTAN FOR THE TREATMENT OF DIABETIC NEPHROPATHY WITH AN ELEVATED SERUM CREATININE AND PROTEINURIA IN PATIENTS WITH TYPE 2 DIABETES AND A HISTORY OF HYPERTENSION"
"U-4161","TREATMENT OF COMPLEMENT 3 GLOMERULOPATHY (C3G)"
"U-4162","TREATMENT OF HIV INFECTION IN ADULTS AND PEDIATRIC PATIENTS WEIGHING AT LEAST 25KG USING A COMPOSITION CONTAINING A PHARMACOKINETIC ENHANCER THAT INHIBITS CYTOCHROME P450 MONOOXYGENASE"
"U-4163","TREATMENT OF AMEBIASIS IN ADULTS AND PEDIATRIC PATIENTS"
"U-4164","TREATMENT OF ANAEROBIC BACTERIAL INFECTIONS IN ADULTS"
"U-4165","ROUTINE PROPHYLAXIS TO PREVENT OR REDUCE THE FREQUENCY OF BLEEDING EPISODES IN ADULT AND PEDIATRIC PATIENTS AGED 12 YEARS AND OLDER WITH HEMOPHILIA A OR B WITH OR WITHOUT FACTOR VIII OR IX INHIBITORS"
"U-4166","TREATMENT OF FEMALE ADULT AND PEDIATRIC PATIENTS 12 YEARS OF AGE AND OLDER WEIGHING AT LEAST 40 KG WITH UNCOMPLICATED URINARY TRACT INFECTIONS (UUTI) CAUSED BY ESCHERICHIA COLI, KLEBSIELLA PNEUMONIAE, ENTEROCOCCUS FAECALIS"
"U-4167","REDUCING HYPERPHAGIC AGGRESSIVE BEHAVIORS IN PRADER-WILLI SYNDROME PATIENTS"
"U-4168","A METHOD FOR REDUCING A RISK OF AT LEAST ONE CARDIOVASCULAR EVENT"
"U-4169","FOR TREATMENT OF ADULT PATIENTS WITH PROSTATE-SPECIFIC MEMBRANE ANTIGEN (PSMA)-POSITIVE METASTATIC CASTRATION-RESISTANT PROSTATE CANCER (MCRPC) WHO HAVE BEEN TREATED WITH ANDROGEN RECEPTOR PATHWAY INHIBITOR (ARPI) THERAPY"
"U-4170","USE OF LEVACETYLLEUCINE FOR TREATMENT OF NEUROLOGICAL MANIFESTATIONS OF NIEMANN-PICK DISEASE TYPE-C (NPC)"
"U-4171","USE OF EMPAGLIFLOZIN TO REDUCE THE RISK OF CARDIOVASCULAR DEATH IN ADULTS WITH CHRONIC KIDNEY DISEASE AT RISK OF PROGRESSION"
"U-4172","TREATMENT OF ADULT PATIENTS WITH LOW-GRADE UPPER TRACT UROTHELIAL CANCER"
"U-4173","NASAL ADMINISTRATION OF DIAZEPAM FOR THE ACUTE TREATMENT OF INTERMITTENT, STEREOTYPIC EPISODES OF FREQUENT SEIZURE ACTIVITY THAT ARE DISTINCT FROM A PATIENT'S USUAL SEIZURE PATTERN IN PATIENTS WITH EPILEPSY 2 YEARS OF AGE AND OLDER"
"U-4174","TREATMENT OF ADULT PATIENTS WITH PAROXYSMAL NOCTURNAL HEMOGLOBINURIA (PNH) BY SUBCUTANEOUS ADMINISTRATION OF A UNIT DOSE OF 1080 MG OF PEGCETACOPLAN IN A COMPOSITION OF CLAIM 1"
"U-4175","TREATMENT OF ADULT PATIENTS WITH PAROXYSMAL NOCTURNAL HEMOGLOBINURIA (PNH) BY TWICE-WEEKLY SUBCUTANEOUS ADMINISTRATION OF A UNIT DOSE OF 1080 MG OF PEGCETACOPLAN IN A COMPOSITION OF CLAIM 1"
"U-4176","TREATMENT OF ADULT PATIENTS WITH ADVANCED RENAL CELL CARCINOMA WITH A CLEAR CELL COMPONENT FOLLOWING A PROGRAMMED DEATH RECEPTOR-I OR PROGRAMMED DEATH-LIGAND 1 INHIBITOR AND A VASCULAR ENDOTHELIAL GROWTH FACTOR TYROSINE KINASE INHIBITOR"
"U-4177","CUSHING'S SYNDROME, INCLUDING CUSHING'S DISEASE"
"U-4178","TREATMENT OF VENOUS THROMBOEMBOLISM (VTE) AND REDUCTION IN THE RISK OF RECURRENT VTE IN PEDIATRIC PATIENTS WITH BODY WEIGHT GREATER THAN OR EQUAL TO 35 KG"
"U-4179","TREATMENT OF VENOUS THROMBOEMBOLISM (VTE) AND REDUCTION IN THE RISK OF RECURRENT VTE IN PEDIATRIC PATIENTS WITH BODY WEIGHT FROM 4 TO LESS THAN 35 KG"
"U-4180","TREATMENT OF VENOUS THROMBOEMBOLISM (VTE) AND REDUCTION IN THE RISK OF RECURRENT VTE IN PEDIATRIC PATIENTS WITH BODY WEIGHT FROM 2.6 TO LESS THAN 4 KG"
"U-4181","TREATMENT OF COMPLEMENT 3 GLOMERULOPATHY (C3G) BY ADMINISTRATION OF 200 MG OF IPTACOPAN TWICE DAILY"
"U-4182","EMERGENCY TREATMENT OF A KNOWN OR SUSPECTED OPIOID OVERDOSE/SYMPTOM THEREOF IN A HUMAN CAUSED BY NATURAL OR SYNTHETIC OPIOIDS, SUCH AS REMIFENTANIL-INDUCED RESPIRATORY DEPRESSION, WITH 2.7MG NALMEFENE, ADMINISTERED AS 3MG NALMEFENE HYDROCHLORIDE"
"U-4183","TREATMENT OF GASTROINTESTINAL STROMAL TUMORS IN A PATIENT SUFFERING FROM GRADE 3 ARTHRALGIA WHILE BEING ADMINISTERED RIPRETINIB DAILY"
"U-4184","METHOD OF TREATING PAIN, FOR EXAMPLE, VIA INFILTRATION TO PROVIDE LOCAL ANALGESIA OR VIA A NERVE BLOCK TO PROVIDE REGIONAL ANALGESIA"
"U-4185","METHOD TO PROVIDE PHOSPHORUS REPLACEMENT BY ADMINISTERING WITHOUT PRIOR DILUTION AN ISOTONIC, STERILE, AND READY-TO-USE SOLUTION COMPRISING ABOUT 15 MMOL PHOSPHORUS AND ABOUT 22 MEQ POTASSIUM FROM A FLEXIBLE CONTAINER"
"U-4186","TREATMENT OF CHOLESTATIC PRURITUS IN PATIENTS 12 MONTHS OF AGE AND OLDER WITH PROGRESSIVE FAMILIAL INTRAHEPATIC CHOLESTASIS (PFIC) WHO WEIGH 25 KILOGRAMS AND ABOVE"
"U-4187","TREATMENT OF CHOLESTATIC PRURITUS IN PATIENTS 3 MONTHS OF AGE AND OLDER WITH ALAGILLE SYNDROME (ALGS) WHO WEIGH 25 KILOGRAMS AND ABOVE"
"U-4188","ACUTE TREATMENT OF CLUSTER HEADACHES"
"U-4189","METHOD OF DECREASING EXCESSIVE DAYTIME SLEEPINESS BY ORALLY ADMINISTERING A DOSE PROPORTIONAL, PHARMACEUTICAL COMPOSITION COMPRISING IMMEDIATE RELEASE AND MODIFIED RELEASE GAMMA-HYDROXYBUTYRATE PORTIONS ONCE DAILY AT BEDTIME"
"U-4190","FOR PRE-EXPOSURE PROPHYLAXIS TO REDUCE THE RISK OF SEXUALLY ACQUIRED HIV-1 IN ADULTS AND ADOLESCENTS WEIGHING AT LEAST 35 KG WHO ARE AT RISK FOR HIV-1 ACQUISITION"
"U-4191","TREATMENT OF GASTROINTESTINAL STROMAL TUMORS IN A PATIENT SUFFERING FROM GRADE 3 PALMAR-PLANTAR ERYTHRODYSESTHESIA WHILE BEING ADMINISTERED RIPETRINIB DAILY"
"U-4192","TREATMENT OF TYPE 2 DIABETES BY ADMINISTERING IN 4 DOSES, AT LEAST 2 WEEKS APART, A GIP:GLP-1 PEPTIDE HAVING A GIP:GLP-1 RECEPTOR AGONIST POTENCY RATIO IN A RANGE DETERMINED BY A CASEIN CAMP ASSAY, WHERE DOSES ARE 25%, 50% AND 75% OF 4TH DOSE"
"U-4193","TREATMENT OF TYPE 2 DIABETES BY ADMINISTERING IN 4 DOSES, AT LEAST 4 WEEKS APART, A GIP:GLP-1 PEPTIDE HAVING A GIP:GLP-1 RECEPTOR AGONIST POTENCY RATIO IN A RANGE DETERMINED BY A CASEIN CAMP ASSAY, WHERE DOSES ARE 25%, 50% AND 75% OF 4TH DOSE"
"U-4194","METHODS OF RESTORING TESTOSTERONE CONCENTRATION FOR CONDITIONS ASSOCIATED WITH DEFICIENCY OR ABSENCE OF ENDOGENOUS TESTOSTERONE IN A MALE SUBJECT"
"U-4195","TREATMENT OF ADULT AND PEDIATRIC PATIENTS 12 YEARS AND OLDER WITH LOCALLY ADVANCED, UNRESECTABLE, OR METASTATIC PHEOCHROMOCYTOMA OR PARAGANGLIOMA (PPGL)"
"U-4196","TREATMENT OF ADULT PATIENTS WITH KRAS-MUTATED RECURRENT LOW-GRADE SEROUS OVARIAN CANCER (LGSOC) WHO HAVE RECEIVED PRIOR SYSTEMIC THERAPY, IN COMBINATION WITH DEFACTINIB"
"U-4197","TREATMENT OF OIC IN ADULTS WITH ADVANCED ILLNESS OR PAIN CAUSED BY ACTIVE CANCER WHO REQUIRE OPIOID DOSAGE ESCALATION FOR PALLIATIVE CARE"
"U-4198","TREATMENT OF OPIOID-INDUCED CONSTIPATION (OIC) IN ADULTS WITH CHRONIC NON-CANCER PAIN, INCLUDING PATIENTS WITH CHRONIC PAIN RELATED TO PRIOR CANCER OR ITS TREATMENT WHO DO NOT REQUIRE FREQUENT (E.G., WEEKLY) OPIOID DOSAGE ESCALATION"
"U-4199","DEFINITION USE CODE METHOD OF TREATING PULMONARY ARTERIAL HYPERTENSION OR PULMONARY HYPERTENSION ASSOCIATED WITH INTERSTITIAL DISEASE BY ADMINISTERING TREPROSTINIL OR A SALT THEREOF BY USING AN INHALATION DEVICE"
"U-4200","METHOD OF TREATING PULMONARY ARTERIAL HYPERTENSION OR PULMONARY HYPERTENSION ASSOCIATED WITH INTERSTITIAL DISEASE BY ADMINISTERING TREPROSTINIL OR A SALT THEREOF BY USING AN INHALATION DEVICE"
"U-4201","DOSAGE MODIFICATION FOLLOWING GRADE 3 TOXICITY OR INTOLERABLE SIDE EFFECT BY DISCONTINUING APALUTAMIDE UNTIL IMPROVEMENT TO ORIGINAL GRADE OR GRADE I IN TREATMENT OF MCRPC PATIENTS THAT INCREASES OVERALL SURVIVAL AND PROGRESSION FREE SURVIVAL"
"U-4202","IMPROVEMENT OF OVERALL SURVIVAL AND PROGRESSION FREE SURVIVAL IN METASTATIC, CASTRATION-RESISTANT PROSTATE CANCER (MCRPC) PATIENTS BY TREATMENT WITH 240 MG ORAL APALUTAMIDE IN COMBINATION WITH ANDROGEN DEPRIVATION THERAPY"
"U-4203","TOPICAL TREATMENT OF PLAQUE PSORIASIS OF THE SCALP AND BODY IN PATIENTS 12 YEARS OF AGE AND OLDER"
"U-4204","TREATMENT OF PRIMARY IMMUNOGLOBULIN A NEPHROPATHY (IGAN) IN ADULTS AT RISK OF RAPID DISEASE PROGRESSION, BY RELEASE OF BUDESONIDE FROM THE FORMULATION"
"U-4205","TREATMENT OF ADULT PATIENTS WITH KRAS-MUTATED RECURRENT LOW-GRADE SEROUS OVARIAN CANCER (LGSOC) WHO HAVE RECEIVED PRIOR SYSTEMIC THERAPY, IN COMBINATION WITH AVUTOMETINIB"
"U-4206","TREATMENT OF ADULT AND PEDIATRIC PATIENTS 3 YEARS AND OLDER WITH ACUTE HEPATITIS C VIRUS (HCV) GENOTYPE 1, 2, 3, 4, 5 OR 6 INFECTION WITHOUT CIRRHOSIS OR WITH COMPENSATED CIRRHOSIS"
"U-4207","TREATMENT OF PATIENTS WITH LOCALLY ADVANCED OR METASTATIC ROS1-POSITIVE NON-SMALL CELL LUNG CANCER (NSCLC)"
"U-4208","TREATMENT OF ADULT PATIENTS WITH NON-METASTATIC CASTRATION RESISTANT PROSTATE CANCER (NMCRPC)"
"U-4209","TREATMENT OF ADULT PATIENTS WITH METASTATIC CASTRATION-SENSITIVE PROSTATE CANCER (MCSPC)"
"U-4210","TREATMENT OF ADULT PATIENTS WITH METASTATIC CASTRATION-SENSITIVE PROSTATE CANCER (MCSPC) IN COMBINATION WITH DOCETAXEL"
"U-4211","TREATING HYPERPHAGIA AND REDUCING HYPERPHAGIC AGGRESSIVE BEHAVIORS IN PRADER-WILLI SYNDROME PATIENTS"
"U-4212","TREATING METASTATIC SCLC AFTER PLATINUM CHEMOTHERAPY WITH LURBINECTEDIN MONOTHERAPY BY REDUCING THE DOSE FOR GRADE ≥3 HEPATOTOXICITY FROM 3.2 TO 2.6 MG/M2 AND 2.6 TO 2.0 MG/M2 LURBINECTEDIN WITHIN 35 DAYS OF THE HIGHER DOSE IF HEPATOTOXICITY ≤GRADE 1"
"U-4213","ACUTE TREATMENT OF MIGRAINE WITH OR WITHOUT AURA IN A PATIENT UNDERGOING TREATMENT WITH A BCRP AND/OR P-GP ONLY INHIBITOR"
"U-4214","A METHOD OF SWITCHING A PATIENT FROM DAILY ORAL RISPERIDONE THERAPY TO A LONG-ACTING INJECTABLE RISPERIDONE FORMULATION"
"U-4215","TREATMENT OF PRIMARY OR SECONDARY ADRENOCORTICAL INSUFFICIENCY WITH AN ORAL LIQUID FORMULATION OF HYDROCORTISONE"
"U-4216","TREATMENT OF ADRENAL INSUFFICIENCY WITH AN ORAL LIQUID FORMULATION OF HYDROCORTISONE"
"U-4217","PET TO ESTIMATE AMYLOID BETA NEURITIC PLAQUE DENSITY IN ADULTS WITH COGNITIVE IMPAIRMENT: -EVALUATION OF ALZHEIMER’S DISEASE AND OTHER CAUSES OF COGNITIVE DECLINE -SELECTION OF PATIENTS WHO ARE INDICATED FOR AMYLOID BETA-DIRECTED THERAPY"
"U-4218","TREATMENT OF CF IN PATIENTS 6 YEARS AND OLDER WITH AT LEAST ONE F508DEL OR G551D AND AN R117H, A455E, 2789+5G->A, OR 3849+10KBC->T CFTR MUTATION, COMPRISING CONCURRENT COADMINISTRATION OF THE COMPOSITIONS OF US10058546 CLAIM 1 FURTHER COMPRISING VNZ"
"U-4219","TREATMENT OF OVERACTIVE BLADDER (OAB) WITH SYMPTOMS OF URGE URINARY INCONTINENCE, URGENCY, AND URINARY FREQUENCY IN ADULT MALES ON PHARMACOLOGICAL THERAPY FOR BENIGN PROSTATIC HYPERPLASIA (BPH)"
"U-4220","TREATMENT OF CF IN PATIENTS AGED 2 TO <6 YEARS OLD WHO HAVE IN THE CFTR GENE AT LEAST ONE F508DEL MUTATION OR A RESPONSIVE MUTATION BASED ON CLINICAL AND/OR IN VITRO DATA BY ADMINISTERING DAILY ELX/TEZ/IVA (100 MG/50 MG/75 MG) + IVA (75 MG)"
"U-4221","TREATMENT OF CF IN PATIENTS AGED 6 YEARS AND OLDER WHO HAVE IN THE CFTR GENE AT LEAST ONE F508DEL MUTATION OR A RESPONSIVE MUTATION BASED ON CLINICAL AND/OR IN VITRO DATA BY ADMINISTERING DAILY ELX/TEZ/IVA (200 MG/100 MG/150 MG) + IVA (150 MG)"
"U-4222","TREATMENT OF CF IN PATIENTS AGED 6 TO <12 YEARS OLD WHO HAVE IN THE CFTR GENE AT LEAST ONE F508DEL MUTATION OR A RESPONSIVE MUTATION BASED ON CLINICAL AND/OR IN VITRO DATA BY ADMINISTERING DAILY ELX/TEZ/IVA (100 MG/50 MG/75 MG) + IVA (75 MG)"
"U-4223","TREATMENT OF ACUTE ATTACKS OF HEREDITARY ANGIOEDEMA (HAE) IN ADULTS AND PEDIATRIC PATIENTS 12 YEARS OF AGE AND OLDER"
"U-4224","TREATMENT OF TYPE 2 DIABETES IN A PATIENT HAVING ESTIMATED GLOMERULAR FILTRATION RATE LEVELS DOWN TO 30 ML/MINUTE/1.73 M2, ALBUMINURIA AND PREVIOUS MACROVASCULAR DISEASE BY ADMINISTERING LINAGLIPTIN IN COMBINATION WITH METFORMIN"
"U-4225","TREATMENT OF TYPE 2 DIABETES IN A PATIENT HAVING ESTIMATED GLOMERULAR FILTRATION RATE LEVELS DOWN TO 30 ML/MINUTE/ 1.73 M2, ALBUMINURIA AND PREVIOUS MACROVASCULAR DISEASE BY ADMINISTERING LINAGLIPTIN IN COMBINATION WITH METFORMIN"
"U-4226","TREATMENT OF TYPE 2 DIABETES IN A PATIENT HAVING ESTIMATED GLOMERULAR FILTRATION RATE LEVELS DOWN TO 30 ML/MINUTE/1 .73 M2, ALBUMINURIA AND PREVIOUS MACROVASCULAR DISEASE BY ADMINISTERING LINAGLIPTIN IN COMBINATION WITH METFORMIN"
"U-4227","METHOD OF TREATING OBESITY BY ADMINISTERING A ONCE WEEKLY ESCALATION DOSE OF 2.5 MG, 7.5 MG, OR 12.5 MG OF TIRZEPATIDE FOR AT LEAST 2 WEEKS AND A ONCE-WEEKLY MAINTENANCE DOSE OF 5 MG, 10 MG, OR 15 MG OF TIRZEPATIDE FOR AT LEAST 2 WEEKS"
"U-4228","METHOD OF IMPROVING WEIGHT MANAGEMENT BY ADMINISTERING A ONCE WEEKLY ESCALATION DOSE OF 2.5 MG, 7.5 MG, OR 12.5 MG OF TIRZEPATIDE FOR AT LEAST 2 WEEKS AND A ONCE-WEEKLY MAINTENANCE DOSE OF 5 MG, 10 MG, OR 15 MG OF TIRZEPATIDE FOR AT LEAST 2 WEEKS"
"U-4229","METHOD OF IMPROVING GLYCEMIC CONTROL BY SUBCUTANEOUSLY ADMINISTERING A FIRST ONCE-WEEKLY DOSE OF 2.5 MG TIRZEPATIDE FOR 4 WEEKS, INCREASING THE ONCE-WEEKLY DOSE BY INCREMENTS OF 2.5 MG TO A ONCE-WEEKLY MAINTENANCE DOSE OF 5, 10, OR 15 MG FOR 4 WEEKS"
"U-4230","METHOD OF IMPROVING GLYCEMIC CONTROL BY ADMINISTERING A ONCE WEEKLY ESCALATION DOSE OF 2.5 MG, 7.5 MG, OR 12.5 MG OF TIRZEPATIDE FOR AT LEAST 2 WEEKS AND A ONCE-WEEKLY MAINTENANCE DOSE OF 5 MG, 10 MG, OR 15 MG OF TIRZEPATIDE FOR AT LEAST 2 WEEKS"
"U-4231","METHOD OF IMPROVING GLYCEMIC CONTROL BY ADMINISTERING A FIRST ONCE-WEEKLY DOSE OF 2.5 MG TIRZEPATIDE FOR 4 WEEKS, INCREASING THE ONCE-WEEKLY DOSE BY INCREMENTS OF 2.5 MG TO A ONCE-WEEKLY MAINTENANCE DOSE OF 5, 10, OR 15 MG FOR 4 WEEKS"
"U-4232","TREATMENT OF TYPE 2 DIABETES BY ADMINISTERING A ONCE WEEKLY ESCALATION DOSE OF 2.5 MG, 7.5 MG, OR 12.5 MG OF TIRZEPATIDE FOR AT LEAST 2 WEEKS AND A ONCE-WEEKLY MAINTENANCE DOSE OF 5 MG, 10 MG, OR 15 MG OF TIRZEPATIDE FOR AT LEAST 2 WEEKS"
"U-4233","VOSTALLY IS INDICATED FOR THE TREATMENT OF HYPERTENSION, TO LOWER BLOOD PRESSURE"
"U-4234","PREVENTIVE TREATMENT OF MIGRAINE IN ADULTS UNDERGOING CONCURRENT TREATMENT WITH A STRONG CYP3A4 INHIBITOR"
"U-4235","A METHOD OF REDUCING THE HEART RATE OF A SUBJECT SUFFERING FROM SUPRAVENTRICULAR TACHYCARDIA, WHEREIN LANDIOLOL IS ADMINISTERED PARENTERALLY AT A CONSTANT DOSE OF MORE THAN 20 MCG/KG/MIN FOR 2-20 HOURS, WHEREIN THE DOSE IS NOT HIGHER THAN 40 MCG/KG/MIN"
"U-4236","DURING LEVOKETOCONAZOLE DOSAGE TITRATION FOR THE TREATMENT OF CUSHING'S SYNDROME IN PATIENTS WHO CONCOMITANTLY USE A MATE1 SUBSTRATE, MONITORING THE SUBJECT FOR A DOSE LIMITING EVENT AND ADJUSTING THE DOSAGE OF THE MATE1 SUBSTRATE AS NEEDED"
"U-4237","METHOD OF INHIBITING JANUS KINASE 2 OR JANUS KINASE 3 TO TREAT MODERATE TO SEVERE CHRONIC HAND ECZEMA (CHE) IN ADULTS WHO HAVE HAD AN INADEQUATE RESPONSE TO, OR FOR WHOM TOPICAL CORTICOSTEROIDS ARE NOT ADVISABLE"
"U-4238","TREATMENT OF ADULT AND PEDIATRIC PATIENTS AGED 12 YEARS AND OLDER WITH C3 GLOMERULOPATHY (C3G) OR PRIMARY IMMUNE-COMPLEX MEMBRANOPROLIFERATIVE GLOMERULONEPHRITIS (IC-MPGN) BY ADMINISTRATION OF A UNIT DOSE OF PEGCETACOPLAN IN A COMPOSITION OF CLAIM 1"
"U-4239","TREATMENT OF PEDIATRIC PATIENTS AGED 12 YEARS AND OLDER WEIGHING 35 KG TO LESS THAN 50 KG WITH C3G OR PRIMARY IC-MPGN BY TWICE WEEKLY SUBCUTANEOUS ADMINISTRATION OF A UNIT DOSE OF 810 MG OF PEGCETACOPLAN IN A COMPOSITION OF CLAIM 1"
"U-4240","TREATMENT OF ADULT AND PEDIATRIC PATIENTS AGED 12 YEARS AND OLDER WEIGHING 50 KG OR HIGHER WITH C3G OR PRIMARY IC-MPGN BY TWICE WEEKLY SUBCUTANEOUS ADMINISTRATION OF A UNIT DOSE OF 1080 MG OFPEGCETACOPLAN IN A COMPOSITION OF CLAIM 1"
"U-4241","TREATMENT OF ADULT AND PEDIATRIC PATIENTS AGED 12 YEARS AND OLDER WEIGHING 50 KG OR HIGHER WITH C3 GLOMERULOPATHY OR PRIMARY IMMUNECOMPLEX MEMBRANOPROLIFERATIVE GLOMERULONEPHRITIS BY ADMINISTRATION OF 1080 MG OF PEGCETACOPLAN TWICE WEEKLY"
"U-4242","TREATMENT OF ADULT AND PEDIATRIC PATIENTS AGED 12 YEARS AND OLDER WITH C3 GLOMERULOPATHY (C3G) OR PRIMARY IMMUNE-COMPLEX MEMBRANOPROLIFERATIVE GLOMERULONEPHRITIS (IC-MPGN) BY ADMINISTRATION OF PEGCETACOPLAN"
"U-4243","TREATMENT OF ADULT AND PEDIATRIC PATIENTS AGED 12 YEARS AND OLDER WITH C3G OR PRIMARY IC-MPGN BY ADMINISTRATION OF PEGCETACOPLAN SO AS TO REDUCE THE SENSITIVITY OF CELLS TO COMPLEMENT-MEDIATED DAMAGE"
"U-4244","TREATMENT OF ADULT AND PEDIATRIC PATIENTS AGED 12 YEARS AND OLDER WITH C3 GLOMERULOPATHY (C3G) OR PRIMARY IMMUNE-COMPLEX MEMBRANOPROLIFERATIVE GLOMERULONEPHRITIS (IC-MPGN) BY ADMINISTRATION OF COMPLEMENT INHIBITOR PEGCETACOPLAN"
"U-4245","USE OF ZONGERTINIB FOR TREATING NON-SMALL CELL LUNG CANCER (NSCLC)"
"U-4246","FOR USE IN THE TREATMENT OF PATIENTS WITH LOCALLY ADVANCED OR METASTATIC NON-SQUAMOUS NON-SMALL CELL LUNG CANCER (NSCLC)"
"U-4247","FOR USE IN THE TREATMENT OF PATIENTS WITH MALIGNANT PLEURAL MESOTHELIOMA"
"U-4248","FOR USE IN THE TREATMENT OF PATIENTS WITH MALIGNANT PLEURAL MESOTHELIOMA AND/OR LOCALLY ADVANCED OR METASTATIC NON-SQUAMOUS NON-SMALL CELL LUNG CANCER (NSCLC)"
"U-4249","AS AN ADJUNCT TO DIET AND EXERCISE FOR THE TREATMENT OF ADULTS WITH HYPERCHOLESTEROLEMIA, INCLUDING HETEROZYGOUS FAMILIAL HYPERCHOLESTEROLEMIA (HEFH), BY INHIBITING EXPRESSION OF THE PCSK9 GENE"
"U-4250","METHOD OF TREATING HYPERPHENYLALANINEMIA (HPA) IN ADULT AND PEDIATRIC PATIENTS WITH SEPIAPTERIN-RESPONSIVE PHENYLKETONURIA (PKU) BY ADMINISTERING SEPIAPTERIN WITH FOOD"
"U-4251","TREATMENT OF HYPERPHENYLALANINEMIA (HPA) IN ADULT AND PEDIATRIC PATIENTS WITH SEPIAPTERIN-RESPONSIVE PHENYLKETONURIA (PKU) BY ADMINISTERING SEPIAPTERIN"
"U-4252","TREATING METASTATIC SCLC AFTER PLATINUM CHEMOTHERAPY WITH LURBINECTEDIN MONOTHERAPY BY REDUCING THE DOSE FOR GRADE 4 THROMBOCYTOPENIA OR GRADE 3 WITH BLEEDING FROM 3.2 TO 2.6 MG/M2 AND 2.6 TO 2.0 MG/M2 LURBINECTEDIN WITHIN 35 DAYS OF THE HIGHER DOSE"
"U-4253","ATMEKSI IS INDICATED AS AN ADJUNCT TO REST, PHYSICAL THERAPY, AND OTHER MEASURES FOR THE RELIEF AND DISCOMFORT ASSOCIATED WITH ACUTE, PAINFUL MUSCULOSKELETAL CONDITIONS"
"U-4254","METHOD OF TREATING ADULT AND PEDIATRIC PATIENTS 1 YEAR OF AGE AND OLDER WITH DIFFUSE MIDLINE GLIOMA HARBORING AN H3 K27M MUTATION WITH PROGRESSIVE DISEASE FOLLOWING PRIOR THERAPY"
"U-4255","A METHOD FOR TREATING ULCERATIVE COLITIS BY ADMINISTERING ESTRASIMOD L-ARGININE IN AN AMOUNT EQUIVALENT TO ABOUT 2.0 MG OF ESTRASIMOD"
"U-4256","TREATMENT OF ADULT PATIENTS WITH RECURRENT LOW-GRADE INTERMEDIATE-RISK NON-MUSCLE INVASIVE BLADDER CANCER"
"U-4257","TREATMENT OF NON-CYSTIC FIBROSIS BRONCHIECTASIS IN PATIENTS 12 YEARS OF AGE AND OLDER"
"U-4258","A METHOD OF TREATING PRIMARY HYPERLIPIDEMIA USING BEMPEDOIC ACID"
"U-4259","TREATMENT OF CHRONIC GRAFT-VERSUS-HOST DISEASE (CHRONIC GVHD) AFTER FAILURE OF AT LEAST TWO PRIOR LINES OF SYSTEMIC THERAPY IN ADULT AND PEDIATRIC PATIENTS 12 YEARS AND OLDER THROUGH INHIBITING RHO-ASSOCIATED, COILED-COIL CONTAINING PROTEIN KINASE"
"U-4260","TREATMENT OF CHRONIC GRAFT-VERSUS-HOST DISEASE (CHRONIC GVHD) AFTER FAILURE OF AT LEAST TWO PRIOR LINES OF SYSTEMIC THERAPY IN ADULT AND PEDIATRIC PATIENTS 12 YEARS AND OLDER"
"U-4261","TREATMENT OF DEPRESSIVE EPISODES ASSOCIATED WITH BIPOLAR DISORDER"
"U-4262","A METHOD FOR THE TREATMENT OF ADULT PATIENTS WITH STABLE WILSON'S DISEASE WHO ARE DE-COPPERED AND TOLERANT TO PENICILLAMINE"
"U-4263","TREATMENT OF SEVERE FROSTBITE IN ADULTS TO REDUCE THE RISK OF DIGIT AMPUTATIONS"
"U-4264","TREATMENT OF ORAL ULCERS ASSOCIATED WITH BEHCET'S DISEASE BY ADMINISTERING APREMILAST WITH FOOD"
"U-4265","TREATMENT OF PSORIATIC ARTHRITIS BY ADMINISTERING APREMILAST WITH FOOD"
"U-4266","TREATMENT OF PLAQUE PSORIASIS BY ADMINISTERING APREMILAST WITH FOOD"
"U-4267","METHOD FOR TREATING ADULT PATIENTS WITH PERSISTENT OR CHRONIC IMMUNE THROMBOCYTOPENIA (ITP) WHO HAVE HAD AN INSUFFICIENT RESPONSE TO A PREVIOUS TREATMENT, BY ACHIEVING A PLATELET COUNT OF AT LEAST 50,000/UL"
"U-4268","METHOD OF INHIBITING BRUTON'S TYROSINE KINASE ACTIVITY IN ADULT PATIENTS WITH PERSISTENT OR CHRONIC IMMUNE THROMBOCYTOPENIA (ITP) WHO HAVE HAD AN INSUFFICIENT RESPONSE TO A PREVIOUS TREATMENT"
"U-4269","METHOD OF TREATING PERSISTENT OR CHRONIC IMMUNE THROMBOCYTOPENIA (ITP) IN ADULT PATIENTS WHO HAVE HAD AN INSUFFICIENT RESPONSE TO A PREVIOUS TREATMENT"
"U-4270","METHOD OF TREATMENT OF ADULT PATIENTS WITH PERSISTENT OR CHRONIC IMMUNE THROMBOCYTOPENIA (ITP) WHO HAVE HAD AN INSUFFICIENT RESPONSE TO A PREVIOUS TREATMENT"
"U-4271","ADJUNCTIVE THERAPY FOR PARTIAL-ONSET, PRIMARY GENERALIZED TONIC-CLONIC (PGTC), OR LENNOX-GASTAUT SEIZURES IN PATIENTS 2 YEARS AND OLDER"
"U-4272","MAINTENANCE TREATMENT OF BIPOLAR I DISORDER TO DELAY MOOD EPISODES"
"U-4273","CONVERSION TO MONOTHERAPY FOR PARTIAL-ONSET SEIZURES IN PATIENTS 16 YEARS AND OLDER"
"U-4274","TREATMENT OF PEDIATRIC PATIENTS 1 YEAR OF AGE AND OLDER WITH NEUROFIBROMATOSIS TYPE 1 (NF1) WHO HAVE SYMPTOMATIC, INOPERABLE PLEXIFORM NEUROFIBROMAS (PN)"
"U-4275","TREATING HYPERPHAGIA AND REDUCING FOOD-RELATED BEHAVIORS IN PRADER-WILLI SYNDROME PATIENTS"
"U-4276","TREATMENT OF FUNGAL OTIC INFECTION (FUNGAL OTITIS EXTERNA, OTOMYCOSIS) DUE TO ASPERGILLUS SPECIES AND CANDIDA SPECIES"
"U-4277","METHOD FOR TREATING BARTH SYNDROME IN ADULT AND PEDIATRIC PATIENTS WEIGHING AT LEAST 30KG"
"U-4278","TREATMENT OF ADULTS WITH ER-POSITIVE, HER2-NEGATIVE ESR1-MUTATED ADVANCED OR METASTATIC BREAST CANCER WITH DISEASE PROGRESSION FOLLOWING AT LEAST ONE LINE OF ENDOCRINE THERAPY"
"U-4279","INTRANASAL BUMETANIDE FOR THE TREATMENT OF EDEMA"
"U-4280","TREATMENT OF CHRONIC AUTOIMMUNE URTICARIA"
"U-4281","TREATMENT OF CHRONIC SPONTANEOUS URTICARIA"
"U-4282","TREATMENT OF ADULTS WITH ACROMEGALY WHO HAVE HEPATIC IMPAIRMENT AND AN INADEQUATE RESPONSE TO SURGERY AND/OR FOR WHOM SURGERY IS NOT AN OPTION"
"U-4283","TREATMENT OF ADULTS WITH ACROMEGALY WHO HAD AN INADEQUATE RESPONSE TO SURGERY AND/OR FOR WHOM SURGERY IS NOT AN OPTION"
"U-4284","TREATMENT OF NEUROLOGICAL MANIFESTATIONS OF NIEMANN-PICK DISEASE TYPE-C (NPC) FOR A DURATION OF GREATER THAN 3 MONTHS"
"U-4285","TREATMENT OF NEUROLOGICAL MANIFESTATIONS OF NIEMANN-PICK DISEASE TYPE-C (NPC) FOR A DURATION OF AT LEAST ABOUT 3 MONTHS"
"U-4286","A METHOD OF TREATING A CANCER CHARACTERIZED BY AN IDH1 MUTATION FOLLOWING SURGERY, WHEREIN THE CANCER IS GRADE 2 ASTROCYTOMA OR OLIGODENDROGLIOMA"
"U-4287","DELAYING LOSS OF EGFR OR DELAYING PROGRESSION TO END-STAGE RENAL DISEASE BY ADMINISTRATION OF EMPAGLIFLOZIN TO PATIENTS WITH STAGE 2, 3, 4 OR 5 CHRONIC KIDNEY DISEASE"
"U-4288","TREATMENT OF SEVERE PHOSPHATIDYLINOSITOL-3-KINASE CATALYTIC SUBUNIT ALPHA (PIK3CA)-RELATED OVERGROWTH SPECTRUM (PROS) HAVING AN OVERGROWTH OF MULTIPLE TISSUES, THAT REQUIRES SYSTEMIC THERAPY"
"U-4289","TREATING POST-TRANSPLANT CMV INFECTION/DISEASE REFRACTORY TO GANCICLOVIR, VALGANCICLOVIR, CIDOFOVIR OR FOSCARNET BY ADMINISTERING 1200 MG MARIBAVIR TWICE DAILY, WHERE PATIENT IS EXPOSED TO/RECEIVING AN IMMUNOSUPPRESSANT AND PHENYTOIN OR PHENOBARBITAL"
"U-4290","TREATMENT OF ORAL ULCERS ASSOCIATED WITH BEHCET'S DISEASE"
"U-4291","TREATMENT OF PSORIATIC ARTHRITIS"
"U-4292","TREATMENT OF IDIOPATHIC PULMONARY FIBROSIS IN ADULTS IN COMBINATION WITH NINTEDANIB MONOETHANESULFONATE"
"U-4293","TREATING TYPE 2 DIABETES MELLITUS IN A PATIENT WITH MODERATE RENAL IMPAIRMENT (30 ML/MIN/1.73 M2<=EGFR<60 ML/MIN/1.73 M2) BY ADMINISTRATION OF EMPAGLIFLOZIN"
"U-4294","TREATING TYPE 2 DIABETES MELLITUS BY ASSESSING RENAL FUNCTION IN A PATIENT AND ADMINISTERING EMPAGLIFLOZIN IF THE EGFR IS >=30 ML/MIN/1.73 M2"
"U-4295","TREATING TYPE 2 DIABETES MELLITUS BY ASSESSING RENAL FUNCTION IN A PATIENT AND ADMINISTERING EMPAGLIFLOZIN IF THE EGFR IS >=30 ML/MIN/1.73 M2 AND <60 ML/MIN/1.73 M2"
"U-4296","TREATING TYPE 2 DIABETES MELLITUS BY ASSESSING RENAL FUNCTION, ADMINISTERING 10 EMPAGLIFLOZIN IF THE EGFR IS >=30 ML/MIN/1.73 M2, AND ADMINISTERING 25 MG EMPAGLIFLOZIN IF REQUIRED FOR ADDITIONAL GLYCEMIC CONTROL AND THE EGER IS >=30 ML/MIN/1.73 M2"
"U-4297","TREATMENT OF IDIOPATHIC PULMONARY FIBROSIS IN ADULTS IN COMBINATION WITH NINTEDANIB OR A PHARMACEUTICALLY ACCEPTABLE SALT THEREOF"
"U-4298","TREATMENT OF IDIOPATHIC PULMONARY FIBROSIS IN ADULTS"
"U-4299","MAINTENANCE TREATMENT OF ADULT PATIENTS WITH EXTENSIVE-STAGE SMALL CELL LUNG CANCER (ES-SCLC) WHOSE DISEASE HAS NOT PROGRESSED AFTER FIRST-LINE INDUCTION THERAPY"
"U-4300","TREATMENT OF PAROXYSMAL NOCTURAL HEMOGLOBINURIA (PNH) BY ADMINISTRATION OF 200 MG OF IPTACOPAN TWICE DAILY"
"U-4301","TOPICAL TREATMENT OF MILD TO MODERATE ATOPIC DERMATITIS IN PEDIATRIC PATIENTS 2 TO 5 YEARS OF AGE"
"U-4302","TREATMENT OF ADULTS WITH MODERATELY TO SEVERELY ACTIVE ULCERATIVE COLITIS WHO HAVE HAD AN INADEQUATE RESPONSE OR INTOLERANCE TO ONE OR MORE TNF BLOCKERS OR RECEIVED AT LEAST ONE APPROVED SYSTEMIC THERAPY IF TNF BLOCKERS ARE CLINICALLY INADVISABLE"
"U-4303","TREATMENT OF ADULTS WITH MODERATELY TO SEVERELY ACTIVE CROHN'S DISEASE WHO HAVE HAD AN INADEQUATE RESPONSE OR INTOLERANCE TO ONE OR MORE TNF BLOCKERS OR RECEIVED AT LEAST ONE APPROVED SYSTEMIC THERAPY IF TNF BLOCKERS ARE CLINICALLY INADVISABLE"
"U-4304","TREATING TYPE 2 DIABETES MELLITUS IN A PATIENT WITH STAGE 3 CHRONIC KIDNEY DISEASE BY ADMINISTRATION OF EMPAGLIFLOZIN"
"U-4305","TREATING METASTATIC SCLC AFTER PLATINUM CHEMOTHERAPY WITH LURBINECTEDIN MONOTHERAPY BY REDUCING THE DOSE FOR GRADE 4 OR ANY GRADE FEBRILE NEUTROPENIA FROM 3.2 TO 2.6 MG/M2 AND 2.6 TO 2.0 MG/M2 LURBINECTEDIN WITHIN 35 DAYS OF THE HIGHER DOSE"
"U-4306","METHOD OF TREATING MILD TO MODERATE PAIN (SURGICAL) IN ADULTS"
"U-4307","METHOD OF TREATING MODERATE TO SEVERE PAIN (SURGICAL) IN ADULTS AS AN ADJUNCT TO OPIOID ANALGESICS"
"U-4308","IMPROVING WEIGHT MANAGEMENT BY ADMINISTERING IN 4 DOSES, AT LEAST 2 WEEKS APART, A GIP:GLP-1 PEPTIDE HAVING A GIP:GLP-1 RECEPTOR AGONIST POTENCY RATIO IN A RANGE DETERMINED BY A CASEIN CAMP ASSAY, WHERE DOSES ARE 25%, 50% AND 75% OF 4TH DOSE"
"U-4309","IMPROVING WEIGHT MANAGEMENT BY ADMINISTERING IN 4 DOSES, ABOUT 4 WEEKS APART, A GIP:GLP-1 PEPTIDE HAVING A GIP:GLP-1 RECEPTOR AGONIST POTENCY RATIO IN A RANGE DETERMINED BY A CASEIN CAMP ASSAY, WHERE DOSES ARE 25%, 50% AND 75% OF 4TH DOSE"
"U-4310","TREATING OBESITY BY ADMINISTERING IN 4 DOSES, AT LEAST 2 WEEKS APART, A GIP:GLP-1 PEPTIDE HAVING A GIP:GLP-1 RECEPTOR AGONIST POTENCY RATIO IN A RANGE DETERMINED BY A CASEIN CAMP ASSAY, WHERE DOSES ARE 25%, 50% AND 75% OF 4TH DOSE"
"U-4311","TREATING OBESITY BY ADMINISTERING IN 4 DOSES, ABOUT 4 WEEKS APART, A GIP:GLP-1 PEPTIDE HAVING A GIP:GLP-1 RECEPTOR AGONIST POTENCY RATIO IN A RANGE DETERMINED BY A CASEIN CAMP ASSAY, WHERE DOSES ARE 25%, 50% AND 75% OF 4TH DOSE"
"U-4312","TREATMENT OF NON-METASTATIC CASTRATION-SENSITIVE PROSTATE CANCER WITH BIOCHEMICAL RECURRENCE AT HIGH RISK FOR METASTASIS BY ADMINISTERING TWO TABLETS EACH COMPRISING A SPRAY-DRIED DISPERSION OF 80 MG AMORPHOUS ENZALUTAMIDE AND 400 MG HPMCAS AS CLAIMED"
"U-4313","TREATMENT OF PATIENTS WITH CASTRATION-RESISTANT PROSTATE CANCER BY ADMINISTERING TWO TABLETS EACH COMPRISING A SPRAY-DRIED DISPERSION OF 80 MG AMORPHOUS ENZALUTAMIDE AND 400 MG HPMCAS AS CLAIMED"
"U-4314","TREATMENT OF PATIENTS WITH METASTATIC CASTRATION-SENSITIVE PROSTATE CANCER BY ADMINISTERING TWO TABLETS EACH COMPRISING A SPRAY-DRIED DISPERSION OF 80 MG AMORPHOUS ENZALUTAMIDE AND 400 MG HPMCAS AS CLAIMED"
"U-4315","A METHOD FOR IMPROVING GLYCEMIC CONTROL IN ADULTS WITH T2DM BY ADMINISTERING AN EFFECTIVE DOSE OF TIRZEPATIDE, NA2HPO4, AND ABOUT 6.2-9.5 MG/ML OF NACL"
"U-4316","IMPROVING GLYCEMIC CONTROL IN ADULTS WITH T2DM BY ADMINISTERING, AT A PH OF 6.5-7.5, AN EFFECTIVE DOSE OF ABOUT 5-30 MG/ML OF TIRZEPATIDE, ABOUT 0.67-2.68 MG/ML OF NA2HPO4, ABOUT 6.2-9.5 MG/ML OF NACL, AND OPTIONALLY ABOUT 3.0-7.0 MG/ML PHENOL"
"U-4317","A METHOD FOR IMPROVING GLYCEMIC CONTROL IN ADULTS WITH T2DM BY ADMINISTERING A 5 MG/ML, 10 MG/ML, 15 MG/ML, 20 MG/ML, 25 MG/ML, OR 30 MG/ML DOSE OF TIRZEPATIDE, NA2HPO4, AND ABOUT 8.2 MG/ML OF NACL"
"U-4318","A METHOD FOR IMPROVING GLYCEMIC CONTROL IN ADULTS WITH T2DM BY ADMINISTERING A COMPOSITION COMPRISING AN EFFECTIVE DOSE OF ABOUT 5-30 MG/ML OF TIRZEPATIDE, ABOUT 1.34 MG/ML OF NA2HPO4, ABOUT 8.2 MG/ML OF NACL, WHEREIN THE COMPOSITION IS PH 6.5-7.5"
"U-4319","A METHOD FOR IMPROVING GLYCEMIC CONTROL IN ADULTS WITH T2DM BY ADMINISTERING A 5 MG/ML, 10 MG/ML, 15 MG/ML, 20 MG/ML, 25 MG/ML, OR 30 MG/ML DOSE OF TIRZEPATIDE, ABOUT 1.34 MG/ML OF NA2HPO4, AND ABOUT 6.2-9.5 MG/ML OF NACL"
"U-4320","A METHOD FOR IMPROVING GLYCEMIC CONTROL IN ADULTS WITH T2DM BY ADMINISTERING AN EFFECTIVE DOSE OF ABOUT 5-30 MG/ML OF TIRZEPATIDE, ABOUT 0.67-2.68 MG/ML OF NA2HPO4, ABOUT 6.2-9.5 MG/ML OF NACL, AND OPTIONALLY ABOUT 3.0-7.0 MG/ML PHENOL"
"U-4321","A METHOD FOR IMPROVING GLYCEMIC CONTROL IN ADULTS WITH T2DM BY ADMINISTERING AN EFFECTIVE DOSE OF ABOUT 5-30 MG/ML OF TIRZEPATIDE, ABOUT 1-3 MG/ML OF NA2HPO4, AND ABOUT 6.2-9.5 MG/ML OF NACL"
"U-4322","A METHOD FOR IMPROVING GLYCEMIC CONTROL IN ADULTS WITH T2DM BY ADMINISTERING AN EFFECTIVE DOSE OF ABOUT 5-30 MG/ML OF TIRZEPATIDE, NA2HPO4, ABOUT 7.0-9.0 MG/ML OF NACL"
"U-4323","A METHOD FOR IMPROVING GLYCEMIC CONTROL IN ADULTS WITH T2DM BY ADMINISTERING AN EFFECTIVE DOSE OF ABOUT 5-30 MG/ML OF TIRZEPATIDE, NA2HPO4, AND ABOUT 6.2-9.5 MG/ML OF NACL"
"U-4324","A METHOD FOR IMPROVING GLYCEMIC CONTROL IN ADULTS WITH T2DM BY ADMINISTERING AN EFFECTIVE DOSE OF ABOUT 5-30 MG/ML OF TIRZEPATIDE, NA2HPO4, AND ABOUT 8.2 MG/ML OF NACL"
"U-4325","A METHOD FOR IMPROVING GLYCEMIC CONTROL IN ADULTS WITH T2DM BY ADMINISTERING AN EFFECTIVE DOSE OF TIRZEPATIDE, ABOUT 0.67-2.68 MG/ML OF NA2HPO4, AND ABOUT 6.2-9.5 MG/ML OF NACL"
"U-4326","A METHOD FOR IMPROVING GLYCEMIC CONTROL IN ADULTS WITH T2DM BY ADMINISTERING AN EFFECTIVE DOSE OF TIRZEPATIDE, ABOUT 1.34 MG/ML OF NA2HPO4, AND ABOUT 6.2-9.5 MG/ML OF NACL"
"U-4327","TREATMENT OF RELAPSED OR REFRACTORY ACUTE MYELOID LEUKEMIA WITH A SUSCEPTIBLE NUCLEOPHOSMIN 1 (NPM1) MUTATION IN ADULT AND PEDIATRIC PATIENTS 1 YEAR AND OLDER"
"U-4328","TREATING POST-TRANSPLANT CMV INFECTION/DISEASE REFRACTORY TO GANCICLOVIR, VALGANCICLOVIR, CIDOFOVIR OR FOSCARNET BY ADMINISTERING 800 OR 1200 MG MARIBAVIR 2X DAILY WHERE PATIENT IS CONCOMITANTLY EXPOSED TO/RECEIVING ANTICONVULSANT, IMMUNOSUPPRESSANT"
"U-4329","TREATMENT OF PATIENTS WITH POST-TRANSPLANT CYTOMEGALOVIRUS (CMV) INFECTION/DISEASE THAT IS REFRACTORY TO TREATMENT WITH GANCICLOVIR, VALGANCICLOVIR, CIDOFOVIR, OR FOSCARNET, BY ADMINISTERING 400 MG OF MARIBAVIR ORALLY TWICE DAILY"
"U-4330","TREATMENT OF CF IN PATIENTS AGED 6 YEARS AND OLDER WHO HAVE IN THE CFTR GENE AT LEAST ONE F508DEL MUTATION OR A RESPONSIVE MUTATION BASED ON CLINICAL AND/OR IN VITRO DATA BY ADMINISTERING THE COMPOSITION RECITED IN US 12458635 CLAIM 1"
"U-4331","TREATMENT OF RENALLY IMPAIRED PATIENTS WITH COMPLICATED URINARY TRACT INFECTIONS INCLUDING ACUTE PYELONEPHRITIS CAUSED BY SUSCEPTIBLE ISOLATES OF ESCHERICHIA COLI AND KLEBSIELLA PNEUMONIAE"
"U-4332","TREATMENT OF PATIENTS WITH COMPLICATED URINARY TRACT INFECTIONS INCLUDING ACUTE PYELONEPHRITIS CAUSED BY SUSCEPTIBLE ISOLATES OF ESCHERICHIA COLI AND KLEBSIELLA PNEUMONIAE"
"U-4333","TREATMENT OF CF IN PATIENTS AGED 2 TO < 6 YEARS OLD WHO HAVE IN THE CFTR GENE AT LEAST ONE F508DEL MUTATION OR A RESPONSIVE MUTATION BASED ON CLINICAL AND/OR IN VITRO DATA COMPRISING ADMINISTERING THE COMPOSITION RECITED IN US 12458635 CLAIM 1"
"U-4334","INCREASING SURVIVAL IN MCRPC PATIENTS PREVIOUSLY TREATED WITH DOCETAXEL BY ADMINISTERING CABAZITAXEL IN COMBINATION WITH PREDNISONE OR PREDNISOLONE AFTER A PREMEDICATION REGIMEN THAT INCLUDES AN ANTIHISTAMINE"
"U-4335","TREATMENT OF CYSTIC FIBROSIS IN PATIENTS AGED 1 YEAR TO 5 YEARS WHO ARE HOMOZYGOUS FOR THE F508DEL CFTR GENE MUTATION COMPRISING ADMINISTERING AN EFFECTIVE AMOUNT OF IVA AS RECITED IN, E.G., CLAIM 1 OF US 12458635, AND FORM I LUM"
"U-4336","TREATMENT OF CF IN A PATIENT AGE 6 YEARS AND OLDER WHO IS HOMOZYGOUS FOR F508DEL OR HAS AT LEAST ONE CFTR GENE MUTATION RESPONSIVE TO TEZ/IVA BASED ON IN VITRO DATA AND/OR CLINICAL EVIDENCE USING THE COMPOSITION RECITED IN US 12458635 CLAIM 1"
"U-4337","TREATMENT OF CF IN A PATIENT AGE 1 MONTH TO LESS THAN 6 YEARS OLD WHO HAS IN THE CFTR GENE AT LEAST ONE MUTATION RESPONSIVE TO IVA BASED ON CLINICAL AND/OR IN VITRO ASSAY DATA USING THE COMPOSITION RECITED IN CLAIM 1 OF US 12458635"
"U-4338","TREATMENT OF CYSTIC FIBROSIS IN PATIENTS AGED 6 YEARS AND OLDER WHO ARE HOMOZYGOUS FOR THE F508DEL CFTR GENE MUTATION COMPRISING ADMINISTERING AN EFFECTIVE AMOUNT OF IVA AS RECITED IN, E.G., CLAIM 1 OF US 12458635, AND FORM I LUM"
"U-4339","TREATMENT OF CF IN A PATIENT AGE 6 YEARS AND OLDER WHO HAS IN THE CFTR GENE AT LEAST ONE MUTATION RESPONSIVE TO IVA BASED ON CLINICAL AND/OR IN VITRO ASSAY DATA USING THE COMPOSITION RECITED IN CLAIM 1 OF US 12458635"
"U-4340","TREATMENT OF MAJOR DEPRESSIVE DISORDER, ADJUNCTIVE TO ANTIDEPRESSANT THERAPY, OR ADJUNCTIVE TO ANTIDEPRESSANT THERAPY BY INHIBITING THE 5-HT2A RECEPTOR AND/OR SEROTONIN TRANSPORTER, AND/OR MODULATING DOPAMINE D2 RECEPTOR FUNCTION"
"U-4341","TREATMENT OF MAJOR DEPRESSIVE DISORDER MEDIATED BY THE 5-HT2A RECEPTOR, SEROTONIN TRANSPORTER, AND/OR DOPAMINE D1/D2 SIGNALING PATHWAYS, ADJUNCTIVE TO ANTIDEPRESSANT TREATMENT"
"U-4342","TREATMENT OF MAJOR DEPRESSIVE DISORDER ADJUNCTIVE TO ANTIDEPRESSANT THERAPY, INCLUDING TREATMENT RESISTANT MAJOR DEPRESSIVE DISORDER"
"U-4343","MODULATION OF 5-HYDROXYTRYPTAMINE 2 RECEPTOR ACTIVITY IN MAJOR DEPRESSIVE DISORDER ADJUNCTIVE TO ANTIDEPRESSANT THERAPY"
"U-4344","TREATMENT OF MAJOR DEPRESSIVE DISORDER ADJUNCTIVE TO ANTIDEPRESSANT TREATMENT"
"U-4345","METHOD OF TREATING OF IRRITABLE BOWEL SYNDROME WITH CONSTIPATION (IBS-C) IN PEDIATRIC PATIENTS 7 YEARS OF AGE AND OLDER"
"U-4346","REDUCE THE RISK OF CARDIOVASCULAR DEATH AND HOSPITALIZATION FOR HEART FAILURE AND URGENT HEART FAILURE VISITS IN ADULTS WITH HEART FAILURE WITH PRESERVED EJECTION FRACTION AND STRUCTURAL HEART DISEASE AND WITHOUT TYPE II DIABETES"
"U-4347","METHOD OF TREATING ACUTE MYELOID LEUKEMIA"
"U-4348","METHOD OF TREATING HEMATOLOGIC MALIGNANCY"
"U-4349","METHOD OF TREATING ACUTE MYELOID LEUKEMIA WITH ZIFTOMENIB OR A PHARMACEUTICALLY ACCEPTABLE SALT THEREOF"
"U-4350","METHOD OF INHIBITING MENIN INTERACTION"
"U-4351","METHOD OF TREATING LEUKEMIA"
"U-4352","METHOD OF INHIBITING PROLIFERATION AND/OR INDUCING APOPTOSIS IN A LEUKEMIA CELL WITH A NUCLEOPHOSMIN 1 (NPM1) MUTATION"
"U-4353","METHOD OF TREATING LEUKEMIA WITH A NUCLEOPHOSMIN 1 (NPM1) MUTATION"
"U-4354","METHOD OF TREATING MENIN-MEDIATED DISEASE"
"U-4355","PREVENTIVE TREATMENT OF MIGRAINE IN ADULTS WITH SEVERE RENAL IMPAIRMENT OR END-STAGE RENAL DISEASE"
"U-4356","IMPROVING THE PHARMACOKINETICS OF MELOXICAM IN A HUMAN BEING SUFFERING FROM MIGRAINE"
"U-4357","TREATMENT OF ADULT AND PEDIATRIC PATIENTS 1 YEAR OF AGE AND OLDER WITH NEUROFIBROMATOSIS TYPE 1 (NF1) WHO HAVE SYMPTOMATIC, INOPERABLE PLEXIFORM NEUROFIBROMAS (PN)"
"U-4358","TREATMENT OF THYMIDINE KINASE 2 DEFICIENCY (TK2D) IN ADULTS AND PEDIATRIC PATIENTS WITH AN AGE OF SYMPTOM ONSET ON OR BEFORE 12 YEARS"
"U-4359","TREATMENT OF SEVERE PHOSPHATIDYLINOSITOL-3-KINASE CATALYTIC SUBUNIT ALPHA (PIK3CA)-RELATED OVERGROWTH SPECTRUM (PROS) HAVING AN OVERGROWTH OF MULTIPLE TISSUES, THAT REQUIRES SYSTEMIC THERAPY AND IS NOT RESPONSIVE TO RAPAMYCIN"
"U-4360","USE TO REDUCE TRIGLYCERIDES IN ADULTS WITH FAMILIAL CHYLOMICRONEMIA SYNDROME (FCS)"
"U-4361","TREATMENT OF ADULT AND PEDIATRIC PATIENTS 12 YEARS OF AGE AND OLDER WEIGHING AT LEAST 45 KG WHO HAVE LIMITED OR NO ALTERNATIVE OPTIONS WITH UNCOMPLICATED UROGENITAL GONORRHEA CAUSED BY SUSCEPTIBLE STRAINS OF NEISSERIA GONORRHOEAE"
"U-4362","TREATMENT OF ADULT PATIENTS WITH RELAPSED OR REFRACTORY CHRONIC LYMPHOCYTIC LEUKEMIA OR SMALL LYMPHOCYTIC LYMPHOMA (CLL/SLL) WHO HAVE PREVIOUSLY BEEN TREATED WITH A COVALENT BTK INHIBITOR"
"U-4363","TREATMENT OF PATIENTS WITH CASTRATION-RESISTANT PROSTATE CANCER BY ADMINISTERING A TABLET COMPRISING A SOLID DISPERSION COMPRISING AMORPHOUS ENZALUTAMIDE AND HPMCAS"
"U-4364","TREATMENT OF PATIENTS WITH METASTATIC CASTRATION-SENSITIVE PROSTATE CANCER BY ADMINISTERING A TABLET COMPRISING A SOLID DISPERSION COMPRISING AMORPHOUS ENZALUTAMIDE AND HPMCAS"
"U-4365","TREATMENT OF PATIENTS WITH NON-METASTATIC CASTRATION-SENSITIVE PROSTATE CANCER WITH BIOCHEMICAL RECURRENCE AT HIGH RISK FOR METASTASIS BY ADMINISTERING A TABLET COMPRISING A SOLID DISPERSION COMPRISING AMORPHOUS ENZALUTAMIDE AND HPMCAS"
"U-4366","TREATING HYPOGONADOTROPIC HYPOGONADISM BY ADMINISTERING TO A MALE WITH ALLERGIC OR SEASONAL RHINITIS 5.5MG TESTOSTERONE IN 0.122G TESTOSTERONE GEL IN EACH NOSTRIL 3 TIMES DAILY VIA A METERED DOSE PUMP ACTUATABLE 60 TIMES AND CONTAINING 11 G GEL"
"U-4367","TREATING PRIMARY HYPOGONADISM BY ADMINISTERING TO A MALE WITH ALLERGIC OR SEASONAL RHINITIS 5.5MG TESTOSTERONE IN 0.122G TESTOSTERONE GEL IN EACH NOSTRIL 3 TIMES DAILY VIA A METERED DOSE PUMP ACTUATABLE 60 TIMES AND CONTAINING 11 G GEL"
"U-4368","A METHOD FOR TREATING METASTATIC CASTRATION-SENSITIVE PROSTATE CANCER (MCSPC), WHEREIN THE CANCER IS ASSOCIATED WITH A DELETERIOUS BRCA2-MUTATION"
"U-4369","TREATMENT OF UNCOMPLICATED UROGENITAL GONORRHEA DUE TO NEISSERIA GONORRHOEAE"
"U-4370","TREATMENT OF A CARDIAC ARRHYTHMIA"
"U-4371","TREATMENT OF ADULTS WITH SYMPTOMATIC OBSTRUCTIVE HYPERTROPHIC CARDIOMYOPATHY (OHCM) TO IMPROVE FUNCTIONAL CAPACITY AND SYMPTOMS"
"U-4372","TREATMENT OF PROGRESSIVE PULMONARY FIBROSIS IN ADULTS IN COMBINATION WITH NINTEDANIB MONOETHANESULFONATE"
"U-4373","TREATMENT OF PROGRESSIVE PULMONARY FIBROSIS IN ADULTS IN COMBINATION WITH NINTEDANIB OR A PHARMACEUTICALLY ACCEPTABLE SALT THEREOF"
"U-4374","MOUNJARO IS INDICATED AS AN ADJUNCT TO DIET AND EXERCISE TO IMPROVE GLYCEMIC CONTROL IN PATIENTS WITH TYPE 2 DIABETES MELLITUS"
"U-4375","A METHOD FOR IMPROVING GLYCEMIC CONTROL IN PATIENTS WITH T2DM BY ADMINISTERING AN EFFECTIVE DOSE OF ABOUT 5-30 MG/ML OF TIRZEPATIDE, ABOUT 0.67 – 2.68 MG/ML OF NA2HPO4, ABOUT 6.2 -9.5 MG/ML OF NAC1, AND OPTIONALLY ABOUT 3.0 – 7.0 MG/ML PHENOL"
"U-4376","A METHOD FOR IMPROVING GLYCEMIC CONTROL IN PATIENTS WITH T2DM BY ADMINISTERING AN EFFECTIVE DOSE OF TIRZEPATIDE, NA2HPO4, AND ABOUT 6.2 – 9.5 MG/ML OF NACL"
"U-4377","A METHOD FOR IMPROVING GLYCEMIC CONTROL IN PATIENTS WITH T2DM BY ADMINISTERING AN EFFECTIVE DOSE OF ABOUT 5-30 MG/ML OF TIRZEPATIDE, NA2HPO4, AND ABOUT 6.2 -9.5 MG/ML OF NACL"
"U-4378","A METHOD FOR IMPROVING GLYCEMIC CONTROL IN PATIENTS WITH T2DM BY ADMINISTERING AN EFFECTIVE DOSE OF ABOUT 5-30 MG/ML OF TIRZEPATIDE, ABOUT 1 – 3 MG/ML OF NA2HPO4, AND ABOUT 6.2 – 9.5 MG/ML OF NACL"
"U-4379","A METHOD FOR IMPROVING GLYCEMIC CONTROL IN PATIENTS WITH T2DM BY ADMINISTERING AN EFFECTIVE DOSE OF TIRZEPATIDE, ABOUT 0.67 – 2.68 MG/ML OF NA2HPO4, AND ABOUT 6.2 – 9.5 MG/ML OF NACL"
"U-4380","A METHOD FOR IMPROVING GLYCEMIC CONTROL IN PATIENTS WITH T2DM BY ADMINISTERING AN EFFECTIVE DOSE OF TIRZEPATIDE, ABOUT 1.34 MG/ML OF NA2HPO4, AND ABOUT 6.2 – 9.5 MG/ML OF NACL"
"U-4381","A METHOD FOR IMPROVING GLYCEMIC CONTROL IN PATIENTS WITH T2DM BY ADMINISTERING A 5 MG/ML, 10 MG/ML, 15 MG/ML, 20 MG/ML, 25 MG/ML, OR 30 MG/ML DOSE OF TIRZEPATIDE, ABOUT 1.34 MG/ML OF NA2HPO4, AND ABOUT 6.2 -9.5 MG/ML OF NACL"
"U-4382","A METHOD FOR IMPROVING GLYCEMIC CONTROL IN PATIENTS WITH T2DM BY ADMINISTERING AN EFFECTIVE DOSE OF ABOUT 5-30 MG/ML OF TIRZEPATIDE, NA2HPO4, ABOUT 7.0 – 9.0 MG/ML OF NACL"
"U-4383","A METHOD FOR IMPROVING GLYCEMIC CONTROL IN PATIENTS WITH T2DM BY ADMINISTERING AN EFFECTIVE DOSE OF ABOUT 5-30 MG/ML OF TIRZEPATIDE, NA2HPO4, AND ABOUT 8.2 MG/ML OF NACL"
"U-4384","A METHOD FOR IMPROVING GLYCEMIC CONTROL IN PATIENTS WITH T2DM BY ADMINISTERING A 5 MG/ML, 10 MG/ML, 15 MG/ML, 20 MG/ML, 25 MG/ML, OR 30 MG/ML DOSE OF TIRZEPATIDE, NA2HPO4, AND ABOUT 8.2 MG/ML OF NACL"
"U-4385","IMPROVING GLYCEMIC CONTROL IN PATIENTS WITH T2DM BY ADMINISTERING, AT A PH OF 6.5-7.5, AN EFFECTIVE DOSE OF ABOUT 5-30 MG/ML OF TIRZEPATIDE, ABOUT 0.67-2.68 MG/ML OF NA2HPO4, ABOUT 6.2-9.5 MG/ML OF NAC1, AND OPTIONALLY ABOUT 3.0-7.0 MG/ML PHENOL"
"U-4386","A METHOD FOR IMPROVING GLYCEMIC CONTROL IN PATIENTS WITH T2DM BY ADMINISTERING A COMPOSITION COMPRISING AN EFFECTIVE DOSE OF ABOUT 5-30 MG/ML OF TIRZEPATIDE, ABOUT 1.34 MG/ML OF NA2HPO4, ABOUT 8.2 MG/ML OF NAC1, WHEREIN THE COMPOSITION IS PH 6.5-7.5"
"U-4387","METHOD OF WEIGHT REDUCTION"
"U-4388","METHOD OF WEIGHT REDUCTION VIA ORAL ADMINISTRATION"
"U-4389","METHOD OF WEIGHT REDUCTION AND MAINTENANCE OF WEIGHT REDUCTION VIA ORAL ADMINISTRATION"
"U-4390","METHOD FOR USING A PYRUVATE KINASE ACTIVATOR TO MITIGATE DRUG INTERACTIONS IN ADULTS WITH HEMOLYTIC ANEMIA THAT ARE TAKING MODERATE CYP3A INDUCERS"
"U-4391","METHOD OF USING A PYRUVATE KINASE ACTIVATOR FOR TREATING ANEMIA IN ADULTS WITH ALPHA OR BETA THALASSEMIA"
"U-4392","METHOD OF USING A PYRUVATE KINASE ACTIVATOR FOR THE TREATMENT OF ANEMIA IN ADULTS WITH ALPHA OR BETA THALASSEMIA"
"U-4393","METHOD OF USING A PYRUVATE KINASE ACTIVATOR FOR INCREASING RED BLOOD CELL LONGEVITY IN ADULTS WITH ALPHA OR BETA THALASSEMIA"
"U-4394","TREATMENT OF GEOGRAPHIC ATROPHY SECONDARY TO AGE-RELATED MACULAR DEGENERATION BY INTRAVITREAL ADMINISTRATION OF 15 MG PEGCETACOPLAN"
"U-4395","TREATMENT OF RELAPSING FORMS OF MULTIPLE SCLEROSIS IN ADULTS BY ADMINISTERING 2 YEARLY TREATMENT COURSES WHEREIN PATIENTS WHO ARE SEROPOSITIVE TO VZV ARE VACCINATED WITH ZOSTER VACCINE RECOMBINANT, ADJUVANTED BETWEEN THE 1ST AND 2ND TREATMENT COURSE"
"U-4396","PREVENTION OF VOMITING INDUCED BY MOTION IN ADULTS BY ADMINISTERING TRADIPITANT"
"U-4397","TREATMENT OF OPIOID OVERDOSE"
"U-4398","TREATMENT OF ACUTE BACTERIAL SKIN AND SKIN STRUCTURE INFECTIONS CAUSED BY STREPTOCOCCUS DYSGALACTIAE WITH A SINGLE DOSE OF 1200MG ORITAVANCIN OR ITS SINGLE DOSE EQUIVALENT"
"U-4399","TREATMENT OF RELAPSING FORMS OF MS IN ADULTS BY ADMINISTERING 2 YEARLY TREATMENT COURSES WHEREIN PATIENTS WHO ARE SEROPOSITIVE TO VZV ARE VACCINATED WITH ZOSTER VACCINE RECOMBINANT, ADJUVANTED WITHIN ABOUT 4 WEEKS PRIOR TO THE 1ST TREATMENT COURSE"
"U-4400","TREATMENT OF TYPE 2 DIABETES BY ADMINISTERING A ONCE WEEKLY ESCALATION DOSE OF 2.5 MG, 7.5 MG, OR 12.5 MG OF TIRZEPATIDE FOR AT LEAST 4 WEEKS AND A ONCE-WEEKLY MAINTENANCE DOSE OF 5 MG, 10 MG, OR 15 MG OF TIRZEPATIDE FOR AT LEAST 4 WEEKS"
"U-4401","METHOD OF IMPROVING GLYCEMIC CONTROL BY ADMINISTERING A ONCE WEEKLY ESCALATION DOSE OF 2.5 MG, 7.5 MG, OR 12.5 MG OF TIRZEPATIDE FOR AT LEAST 4 WEEKS AND A ONCE-WEEKLY MAINTENANCE DOSE OF 5 MG, 10 MG, OR 15 MG OF TIRZEPATIDE FOR AT LEAST 4 WEEKS"
"U-4402","TREATMENT OF MODERATE TO SEVERE VASOMOTOR SYMPTOMS DUE TO MENOPAUSE BY ADMINISTERING 60 MG (ONE CAPSULE) OF LYNKUET ORALLY ONCE DAILY AT BEDTIME CONCOMITANTLY WITH A MODERATE CYP3A4 INHIBITOR"
"U-4403","USE OF EMPAGLIFLOZIN AS AN ADJUNCT TO DIET AND EXERCISE TO IMPROVE GLYCEMIC CONTROL IN PEDIATRIC PATIENTS AGED 10 YEARS TO 17 YEARS WITH TYPE 2 DIABETES MELLITUS"
"U-4404","IN COMBINATION WITH AN AROMATASE INHIBITOR (LETROZOLE OR ANASTROZOLE) AS INITIAL ENDOCRINE-BASED THERAPY FOR TREATMENT OF ADULTS WITH HR-POSITIVE, HER2-NEGATIVE ADVANCED OR METASTATIC BREAST CANCER"
"U-4405","IN COMBINATION WITH AN AROMATASE INHIBITOR (LETROZOLE OR ANASTROZOLE) FOR THE ADJUVANT TREATMENT OF ADULTS WITH HR-POSITIVE, HER2-NEGATIVE STAGE II AND III EARLY BREAST CANCER AT HIGH RISK OF RECURRENCE"
"U-4406","METHOD OF POSITRON EMISSION TOMOGRAPHY (PET) FOR CARDIAC DISEASES"
"U-4407","TREATMENT OF RELAPSING FORMS OF MULTIPLE SCLEROSIS (MS), TO INCLUDE CLINICALLY ISOLATED SYNDROME, RELAPSING-REMITTING DISEASE, AND ACTIVE SECONDARY PROGRESSIVE DISEASE, IN ADULTS RECEIVING A BETA-BLOCKER TREATMENT"
"U-4408","TREATMENT OF FEMALE ADULT AND PEDIATRIC PATIENTS 12 YEARS OF AGE AND OLDER WEIGHING AT LEAST 40 KG WITH UNCOMPLICATED URINARY TRACT INFECTIONS (UUTI) CAUSED BY E. COLI, K. PNEUMONIAE, CITROBACTER FREUNDII COMPLEX, S. SAPROPHYTICUS, E. FAECALIS"
"U-4409","METHOD OF IMPROVING WEIGHT MANAGEMENT BY ADMINISTERING A ONCE WEEKLY ESCALATION DOSE OF 2.5 MG, 7.5 MG, OR 12.5 MG OF TIRZEPATIDE FOR AT LEAST 4 WEEKS AND A ONCE-WEEKLY MAINTENANCE DOSE OF 5 MG, 10 MG, OR 15 MG OF TIRZEPATIDE FOR AT LEAST 4 WEEKS"
"U-4410","METHOD OF TREATING OBESITY BY ADMINISTERING A ONCE WEEKLY ESCALATION DOSE OF 2.5 MG, 7.5 MG, OR 12.5 MG OF TIRZEPATIDE FOR AT LEAST 4 WEEKS AND A ONCE-WEEKLY MAINTENANCE DOSE OF 5 MG, 10 MG, OR 15 MG OF TIRZEPATIDE FOR AT LEAST 4 WEEKS"
"U-4411","A FIRST-LINE METHOD OF TREATING ADVANCED RENAL CELL CARCINOMA IN AN INDIVIDUAL BY ADMINISTERING AXITINIB AT A STARTING DOSE OF 5 MG TWICE DAILY IN COMBINATION WITH PEMBROLIZUMAB, WHERE THE AXITINIB DOSE IS INCREASED AS CLAIMED"
"U-4412","A FIRST-LINE METHOD OF TREATING ADVANCED RENAL CELL CARCINOMA IN AN INDIVIDUAL BY ADMINISTERING AXITINIB AT A STARTING DOSE OF 5 MG TWICE DAILY IN COMBINATION WITH PEMBROLIZUMAB, WHERE THE AXITINIB DOSE IS REDUCED AS CLAIMED"
"U-4413","AS AN ADJUNCT TO DIET AND EXERCISE FOR THE TREATMENT OF PEDIATRIC PATIENTS AGED 12 YEARS AND OLDER WITH HETEROZYGOUS FAMILIAL HYPERCHOLESTEROLEMIA (HEFH) BY INHIBITING EXPRESSION OF THE PCSK9 GENE"
"U-4414","AS AN ADJUNCT TO DIET AND EXERCISE FOR THE TREATMENT OF PEDIATRIC PATIENTS AGED 12 YEARS AND OLDER WITH HOMOZYGOUS FAMILIAL HYPERCHOLESTEROLEMIA (HOFH), BY INHIBITING EXPRESSION OF THE PCSK9 GENE"
"U-4415","PROPHYLAXIS OF INVASIVE ASPERGILLUS AND CANDIDA INFECTIONS IN ADULTS AND PEDIATRIC PATIENTS 2 YEARS OF AGE AND OLDER WHO WEIGH 10 KG OR GREATER WHO ARE SEVERELY IMMUNOCOMPROMISED"
"U-4416","TREATMENT OF INVASIVE ASPERGILLOSIS IN ADULTS AND PEDIATRIC PATIENTS 2 YEARS OF AGE AND OLDER WHO WEIGH 10 KG OR GREATER"
"U-4417","TREATMENT OF ADVANCED PROSTATE CANCER"
"U-4418","METHOD OF WEIGHT REDUCTION VIA SUBCUTANEOUS ADMINISTRATION"
"U-4419","USE OF YUVEZZI FOR THE TREATMENT OF PRESBYOPIA IN ADULTS"
"U-4420","TREATMENT OF PRESBYOPIA IN ADULTS BY ADMINISTRATION OF BRIMONIDINE AND CARBACHOL ONCE DAILY"
"U-4421","A METHOD OF APPLYING A SOLID FORMING LOCAL ANESTHETIC FORMULATION TO A SKIN SURFACE, ALLOWING THE LAYER TO FORM A COHESIVE FILM, AND REMOVING THE FILM LAYER BY PEELING FROM THE SKIN SURFACE AS ONE, TWO OR THREE LARGE PIECES"
"U-4422","METHOD OF ANESTHETIZING AN OCULAR SURFACE PRIOR TO OCULAR PROCEDURES AND/OR INTRAOCULAR INJECTIONS"
"U-4423","METHOD OF ANESTHETIZING AN OCULAR SURFACE VIA TOPICAL ADMINISTRATION PRIOR TO OCULAR PROCEDURES AND/OR INTRAOCULAR INJECTIONS"
"U-4424","METHOD OF MAGNETIC RESONANCE IMAGING TO DETECT AND VISUALIZE LESIONS WITH ABNORMAL VASCULARITY IN THE CENTRAL NERVOUS SYSTEM (BRAIN, SPINE, AND ASSOCIATED TISSUES) AND THE BODY (HEAD AND NECK, THORAX, ABDOMEN, PELVIS, AND MUSCULOSKELETAL SYSTEM)"
"U-4425","INCREASE OF LINEAR GROWTH IN PEDIATRIC PATIENTS 2 YEARS OF AGE AND OLDER WITH ACHONDROPLASIA WITH OPEN EPIPHYSES"
"U-4426","TREATMENT OF ADULT PATIENTS WITH PREVIOUSLY UNTREATED CHRONIC LYMPHOCYTIC LEUKEMIA BY ADMINISTERING 100 MG OF ACALABRUTINIB TWICE DAILY IN COMBINATION WITH VENETOCLAX"
"U-4427","TREATMENT OF ADULT PATIENTS WITH PREVIOUSLY UNTREATED SMALL LYMPHOCYTIC LEUKEMIA IN COMBINATION WITH VENETOCLAX"
"U-4428","TREATMENT OF ADULT PATIENTS WITH PREVIOUSLY UNTREATED SMALL LYMPHOCYTIC LEUKEMIA BY ADMINISTERING 100 MG OF ACALABRUTINIB TWICE DAILY IN COMBINATION WITH VENETOCLAX"
"U-4429","TREATMENT OF ADULT PATIENTS WITH PREVIOUSLY UNTREATED CHRONIC LYMPHOCYTIC LEUKEMIA OR SMALL LYMPHOCYTIC LEUKEMIA IN COMBINATION WITH VENETOCLAX"
"U-4430","TREATMENT OF ADULT PATIENTS WITH PREVIOUSLY UNTREATED CHRONIC LYMPHOCYTIC LEUKEMIA OR SMALL LYMPHOCYTIC LEUKEMIA BY ADMINISTERING 100 MG OF ACALABRUTINIB TWICE DAILY IN COMBINATION WITH VENETOCLAX"
"U-4431","TREATMENT OF ADULT PATIENTS WITH PREVIOUSLY UNTREATED CHRONIC LYMPHOCYTIC LEUKEMIA IN COMBINATION WITH VENETOCLAX"